{"pH_max": 0.5858440175139632, "Lactate_min": 0.24130634888936853, "Lactate_max": 0.12631098793762796, "Phenytoin_min": 0.12512794909882946, "Anion Gap_min": 0.1156932446615487, "Sodium_max": 0.08007296555491952, "Phosphate_max": 0.06713370613586583, "Basophils_max": 0.06649170074458684, "Red Blood Cells_max": 0.05492677033879759, "PT_min": 0.05213661194651003, "White Blood Cells_min": 0.04301429830821574, "pCO2_max": 0.03593825883705993, "MCH_max": 0.03504338731463835, "Urea Nitrogen_min": 0.034177182421168795, "Magnesium_max": 0.03004470309542421, "INR(PT)_min": 0.02442825315014573, "Free Calcium_min": 0.013621365079769512, "Glucose_min": 0.013457635631794345, "RDW_min": 0.011487785952376036, "PTT_min": 0.01142141444241583, "Oxygen_min": 0.009976629210118583, "Oxygen_max": 0.009169295463324083, "Osmolality, Measured_max": 0.004954064971643266, "Specific Gravity_max": 0.004140145317964365, "Anion Gap_max": 0.003805132870338162, "Lymphocytes_max": 0.003712792039854978, "Hematocrit_max": 0.0034567748422954896, "Monocytes_max": 0.0026325745898014437, "PTT_max": 0.002440789272538212, "Neutrophils_max": 0.0019487994266089617, "pO2_min": 0.0017753162808477041, "Asparate Aminotransferase (AST)_min": 0.0010095867551047103, "Lactate Dehydrogenase (LD)_min": 0.000648024159379386, "Fibrinogen, Functional_min": 0.0004283212746923191, "Platelet Count_min": 0.00032083363845540624, "Creatine Kinase (CK)_min": 0.00010457292281517356, "Lactate Dehydrogenase (LD)_max": 8.693053706383833e-05, "Urea Nitrogen_max": 3.984702968531391e-05, "Creatine Kinase (CK)_max": -1.447914235245781e-05, "Asparate Aminotransferase (AST)_max": -6.275659181779434e-05, "PEEP_max": -0.00013314155066058636, "Glucose_max": -0.0001838892324850146, "Alkaline Phosphatase_min": -0.0006119947677904058, "Tidal Volume_max": -0.0006999967553884388, "pO2_max": -0.0008913106057458931, "Tidal Volume_min": -0.0009838161393825235, "Platelet Count_max": -0.002438258707711682, "Chloride, Whole Blood_min": -0.006823222256016957, "Base Excess_min": -0.007851721449420517, "MCHC_min": -0.013627081996511964, "Chloride_max": -0.014217174526110425, "Free Calcium_max": -0.01735133409703828, "Chloride, Whole Blood_max": -0.017456144029383353, "pCO2_min": -0.018163112882584875, "Bilirubin, Total_min": -0.028307549184166416, "Calcium, Total_max": -0.029789262179232157, "Chloride_min": -0.03237741799568929, "Eosinophils_max": -0.048633281447844165, "Lymphocytes_min": -0.05099472266462672, "Potassium_min": -0.0593413341732095, "Troponin T_min": -0.0776162101114004, "Hemoglobin_max": -0.08012792697130725, "Hemoglobin_min": -0.0980428537704489, "Bicarbonate_max": -0.10849801710374204, "MCHC_max": -0.11615431190867784, "Phosphate_min": -0.12875357531996304, "Temperature_min": -0.2095237642115012, "Albumin_max": -0.33834095384317575, "Creatinine_min": -0.44366191371297975, "Albumin_min": -0.6369977042853806}