{"pH_max": 0.3490701374909808, "Lactate_min": 0.19672042130207337, "Lactate_max": 0.13423052310100403, "Anion Gap_min": 0.13188031763117325, "Phenytoin_min": 0.10906701946375609, "MCH_min": 0.10050177533580466, "Bilirubin, Direct_max": 0.0868518610036997, "Phosphate_max": 0.08260375304104481, "Sodium_max": 0.07039647928508455, "PT_min": 0.06659617682168074, "RDW_min": 0.04306911371344952, "White Blood Cells_min": 0.03962514401242264, "pCO2_max": 0.034275760666577164, "Calculated Total CO2_max": 0.02545118674100731, "Urea Nitrogen_min": 0.018195001560224685, "Glucose_min": 0.012928705351079461, "PTT_min": 0.011323954576102276, "Oxygen_min": 0.011198098587996098, "INR(PT)_max": 0.008298310989877338, "Hematocrit_max": 0.008224457192828372, "Oxygen_max": 0.007954648281758599, "RDW_max": 0.006654930308056508, "Required O2_max": 0.005912644691918159, "Osmolality, Measured_max": 0.005311553434452405, "Urea Nitrogen_max": 0.0051877396396440055, "Hematocrit, Calculated_max": 0.004734778962922489, "White Blood Cells_max": 0.002763763943687734, "pO2_min": 0.002686276491642082, "PTT_max": 0.001433890816236912, "Asparate Aminotransferase (AST)_min": 0.0011711256075121331, "Cortisol_min": 0.0009805002018327558, "Lactate Dehydrogenase (LD)_min": 0.0005578026399913723, "Platelet Count_min": 0.0005018546208137584, "Alkaline Phosphatase_max": 0.00048573041345805417, "Creatinine, Urine_min": 0.00035369847647594176, "WBC_min": 0.000345146360328842, "Fibrinogen, Functional_max": 0.0003406452450655643, "Lactate Dehydrogenase (LD)_max": 9.380279553455373e-05, "Lipase_max": 2.1251481099404134e-06, "Creatine Kinase (CK)_max": -1.8583995395808992e-05, "Alveolar-arterial Gradient_max": -1.9488402881619034e-05, "Asparate Aminotransferase (AST)_max": -6.402873203475865e-05, "Lymphocytes_max": -0.00012000685379378284, "Urobilinogen_min": -0.000160446256005014, "Oxygen Saturation_max": -0.0002681995077888271, "Magnesium_min": -0.0003470265247074232, "Creatine Kinase, MB Isoenzyme_min": -0.00036298934850234756, "Specific Gravity_min": -0.000404671528748122, "Monocytes_max": -0.001185152698002477, "Alkaline Phosphatase_min": -0.0012375357139248618, "pO2_max": -0.001240252781706661, "Tidal Volume_min": -0.0016197428561945879, "Sodium, Urine_max": -0.002173771949003137, "Platelet Count_max": -0.002687466978980891, "Neutrophils_max": -0.003817521531979287, "Iron Binding Capacity, Total_max": -0.003856975758139494, "PEEP_max": -0.004856271599939071, "Sodium, Whole Blood_min": -0.0069120792838391855, "Base Excess_min": -0.008695225949227496, "MCV_max": -0.01588481425078573, "Bilirubin, Total_max": -0.020932915987999897, "Eosinophils_max": -0.02401393230491748, "Bilirubin, Total_min": -0.024251308566650677, "pCO2_min": -0.025445637582469427, "Free Calcium_max": -0.03029479104682132, "Monocytes_min": -0.030378589478852483, "Sodium_min": -0.037816836527405064, "Lymphocytes_min": -0.04396857751286662, "Potassium_max": -0.044437046737335305, "Calcium, Total_max": -0.054066760941797576, "Potassium_min": -0.06051784735705623, "Hemoglobin_max": -0.07891700527621485, "Bicarbonate_max": -0.0854708355857266, "Hemoglobin_min": -0.08915068056529557, "Eosinophils_min": -0.09917433311941598, "MCHC_min": -0.1522633879666457, "Creatinine_max": -0.1847045310348228, "Albumin_max": -0.18491371103939164, "Temperature_min": -0.2212467550270816, "Albumin_min": -0.30061794151684174}