{"pH_max": 0.6290439544703398, "Lactate_min": 0.22143722412564548, "Lactate_max": 0.15355736723824753, "PT_min": 0.08721833789471174, "Anion Gap_min": 0.07232789621405353, "Sodium_max": 0.050174139334629365, "White Blood Cells_min": 0.03904807395860051, "pCO2_max": 0.03398860926028505, "Urea Nitrogen_min": 0.023220110667521887, "Calcium, Total_max": 0.017887456725487527, "Glucose_min": 0.012655145045936924, "Urea Nitrogen_max": 0.0030592119939362775, "Asparate Aminotransferase (AST)_min": 0.0020841611048207373, "pO2_min": 0.0016320171196816495, "pO2_max": -0.00047832766648553507, "Tidal Volume_min": -0.0015265959657854787, "Platelet Count_max": -0.0022147745006978713, "Osmolality, Measured_max": -0.004553396522122492, "Base Excess_min": -0.009678723645708869, "Bilirubin, Total_min": -0.04107623058955361, "Eosinophils_max": -0.0492493198178062, "Lymphocytes_min": -0.062347402936882325, "Bicarbonate_max": -0.09554748810505821, "Temperature_min": -0.3181518432596498, "Albumin_min": -1.0625128778150812}