{"Lactate_min": 0.17119659704976953, "Lactate_max": 0.15550820455513734, "Anion Gap_min": 0.1161548026629081, "PT_min": 0.06686732924568613, "Phosphate_max": 0.06390466731210415, "Sodium_max": 0.05625413655420902, "White Blood Cells_min": 0.036149475788733655, "pCO2_max": 0.035083356469221644, "RDW_max": 0.032203180620119405, "Urea Nitrogen_min": 0.028905350216591064, "Calcium, Total_max": 0.024357457103003757, "Basophils_max": 0.022363106380168543, "MCH_min": 0.0180577381611662, "Oxygen_max": 0.016645874272279565, "INR(PT)_min": 0.01561173692972375, "Glucose_min": 0.013263842565863888, "PTT_min": 0.009542939709412232, "White Blood Cells_max": 0.006597226445732279, "Specific Gravity_max": 0.005545440755384946, "Osmolality, Measured_max": 0.004657021463351113, "Magnesium_min": 0.0034879834144595926, "pO2_min": 0.0029301998313505688, "Asparate Aminotransferase (AST)_min": 0.0010927135489269073, "Urea Nitrogen_max": 0.0010832183729228711, "Neutrophils_max": 0.0010146167280985793, "Lactate Dehydrogenase (LD)_min": 0.0006565795320703776, "Neutrophils_min": 0.0005766861329397669, "Creatine Kinase (CK)_min": 8.201272205264066e-05, "Creatine Kinase (CK)_max": -1.963466861563169e-05, "Glucose_max": -8.592033512734993e-05, "Alkaline Phosphatase_max": -0.0001413695783533799, "Tidal Volume_min": -0.0005072254219342462, "Platelet Count_min": -0.0009109261134727734, "pO2_max": -0.0011453121610981308, "Tidal Volume_max": -0.0012204169701869071, "Platelet Count_max": -0.002134340950816911, "Base Excess_min": -0.005878918757616563, "Bilirubin, Total_max": -0.007984062889381244, "pCO2_min": -0.01792962241638199, "Potassium_max": -0.02305672534291056, "Sodium, Whole Blood_max": -0.025672101206652212, "Lymphocytes_min": -0.060245396954694136, "Bicarbonate_max": -0.07633125676689552, "Basophils_min": -0.08593216544078087, "Potassium_min": -0.11291394554815627, "Temperature_min": -0.14165001562882146, "MCHC_min": -0.14935374858107137, "Albumin_max": -0.22829939700673102, "Creatinine_min": -0.314770776415413, "Albumin_min": -0.6017989369222585}