{"pH_max": 0.47101737728248594, "Lactate_min": 0.21061464817877246, "Lactate_max": 0.12939979245067948, "Phenytoin_min": 0.10022198932819329, "Anion Gap_min": 0.0900961377419141, "Temperature_max": 0.08008372859104797, "Red Blood Cells_max": 0.07428022077066315, "Sodium_max": 0.0672215087944841, "Calcium, Total_max": 0.054361690942040526, "PT_min": 0.05405458935186717, "White Blood Cells_min": 0.04923038862019421, "Magnesium_min": 0.04369452854618731, "pCO2_max": 0.03202611904968326, "Bilirubin, Total_max": 0.025297735108901345, "Urea Nitrogen_min": 0.022244719509292646, "Calculated Total CO2_max": 0.021633085509115725, "Free Calcium_min": 0.01708009896208518, "Osmolality, Measured_max": 0.01481231442179302, "PTT_min": 0.01438021136452299, "MCV_min": 0.012949753634470434, "Glucose_min": 0.012823537453632216, "Anion Gap_max": 0.011094041719270503, "Oxygen_max": 0.010982346121305662, "INR(PT)_max": 0.010320794232407149, "Bands_max": 0.007775221303115152, "Urea Nitrogen_max": 0.005037210598447285, "Neutrophils_min": 0.004072712081406696, "Lymphocytes_max": 0.003834230887889499, "Specific Gravity_min": 0.0030792668224915885, "pO2_min": 0.0023516608547319235, "PTT_max": 0.0018342084488058104, "PT_max": 0.0013768448146240667, "Creatinine, Urine_max": 0.0013167720079768578, "Asparate Aminotransferase (AST)_min": 0.0009775566396825926, "Alveolar-arterial Gradient_max": 0.0009427672474944129, "White Blood Cells_max": 0.0007116730834062771, "Lactate Dehydrogenase (LD)_min": 0.0005407234122810115, "Fibrinogen, Functional_max": 0.00022624871891579676, "Lactate Dehydrogenase (LD)_max": 8.628077381051154e-05, "Alkaline Phosphatase_max": 7.888201879765502e-05, "Base Excess_max": 7.071749289451682e-05, "Creatine Kinase (CK)_max": -1.3946886331464718e-05, "Asparate Aminotransferase (AST)_max": -8.10467209366947e-05, "pCO2_min": -0.00015773239224724242, "Glucose_max": -0.00018159327030397757, "Amylase_max": -0.0002438627406794936, "Platelet Count_min": -0.0003282063176938214, "pO2_max": -0.0005042627328805799, "Triglycerides_min": -0.0007356057015189802, "Tidal Volume_min": -0.0008054563124178357, "Alkaline Phosphatase_min": -0.0008463311129693789, "Platelet Count_max": -0.00248778921142341, "MCV_max": -0.0028937016043377737, "Sodium, Urine_min": -0.003029596468416283, "Ketone_max": -0.0033902776345494123, "Base Excess_min": -0.005047335045974712, "Hematocrit, Calculated_max": -0.005517523038667463, "Potassium_min": -0.007922211082547837, "Free Calcium_max": -0.008341741485125027, "Chloride_max": -0.009424091926981449, "Osmolality, Measured_min": -0.013799370295295856, "Bicarbonate_min": -0.021637880793336048, "Eosinophils_max": -0.022015980678487892, "Chloride, Whole Blood_max": -0.022547033554810733, "Chloride_min": -0.027354956405491862, "Phosphate_min": -0.029717475790638277, "Calculated Total CO2_min": -0.03880967499622756, "Lymphocytes_min": -0.047493599870976524, "Bilirubin, Total_min": -0.05336007832902169, "Hematocrit_max": -0.053866644719411425, "MCHC_max": -0.08100432018385008, "Eosinophils_min": -0.08961522098831194, "MCHC_min": -0.10126104816951235, "Bicarbonate_max": -0.10323335078043705, "Temperature_min": -0.13979440147245153, "Creatinine_max": -0.16132758193834765, "Calcium, Total_min": -0.20120033050404432, "Albumin_max": -0.23145758065328265, "Potassium, Whole Blood_max": -0.241176766634104, "Albumin_min": -0.41206873285977064}