{"pH_max": 0.690325981317324, "Lactate_min": 0.21769784082874985, "Magnesium_min": 0.14444397794862684, "Lactate_max": 0.13788411245485652, "Anion Gap_min": 0.13460413247275582, "Bilirubin, Direct_min": 0.10504201679749249, "PT_min": 0.06589573586500694, "MCH_min": 0.049739988257122156, "Sodium_max": 0.04400815313236105, "White Blood Cells_min": 0.037681912053472766, "pCO2_max": 0.0329501215755304, "Urea Nitrogen_min": 0.030671126542695288, "Vancomycin_min": 0.02484674084403443, "Calculated Total CO2_max": 0.019977482019656816, "Calcium, Total_max": 0.0168765113120955, "Glucose_min": 0.012935597497246678, "RDW_max": 0.012014417858588389, "PTT_min": 0.009924565564914471, "Oxygen_max": 0.009360635898352782, "Oxygen_min": 0.00860520834373072, "Specific Gravity_max": 0.007227286193726717, "White Blood Cells_max": 0.005660892138224667, "Lymphocytes_max": 0.0025897459484808456, "pO2_min": 0.0022692193915615066, "Urea Nitrogen_max": 0.0021753472518197354, "Osmolality, Measured_max": 0.0020063067670154024, "PT_max": 0.0013659226348639634, "PTT_max": 0.0011526166837647093, "Lactate Dehydrogenase (LD)_min": 0.0009975818083511996, "Alveolar-arterial Gradient_max": 0.0008881192514253559, "Platelet Count_min": 0.0007434054333890816, "Creatinine, Urine_min": 0.0002461349860326398, "Lactate Dehydrogenase (LD)_max": 8.11792839028234e-05, "Glucose_max": 6.787686755804888e-08, "Alanine Aminotransferase (ALT)_max": -0.0001521196957316014, "Amylase_max": -0.00028063878449147665, "Alkaline Phosphatase_min": -0.000668786252298007, "Tidal Volume_min": -0.0007589519723479815, "Tidal Volume_max": -0.00111662817083951, "pO2_max": -0.001153061922859061, "Creatinine_max": -0.0012360063271769435, "Monocytes_max": -0.0025104925192133924, "Platelet Count_max": -0.002794520970622207, "Base Excess_min": -0.00783934682199054, "Free Calcium_max": -0.009841774787904184, "RDW_min": -0.014769425044477912, "pCO2_min": -0.018284331444161413, "Troponin T_max": -0.020674703876494848, "Albumin_max": -0.028380065204204316, "Lymphocytes_min": -0.054039016222925264, "Bilirubin, Total_min": -0.07033087677686817, "MCHC_min": -0.07848906967449108, "Red Blood Cells_min": -0.0838550097968727, "Hemoglobin_min": -0.0993392779169393, "Bicarbonate_max": -0.09947513750443664, "MCHC_max": -0.13378382951060813, "Potassium_min": -0.20937244854217618, "Temperature_min": -0.2315048731016786, "Creatinine_min": -0.3362300245591105, "Albumin_min": -0.8371506508689598}