{"pH_max": 0.2880920334894721, "Lactate_min": 0.15378366800010798, "Bilirubin, Direct_min": 0.14344963924386853, "Phenytoin_min": 0.1303499114147758, "Lactate_max": 0.1275136886185074, "Anion Gap_min": 0.11040652959260056, "Sodium_max": 0.06397148081390551, "Phosphate_max": 0.05106834168290129, "PT_min": 0.04627752068910528, "RDW_max": 0.045134596629837584, "White Blood Cells_min": 0.0444104109489455, "Red Blood Cells_max": 0.03835336566814647, "Required O2_min": 0.035012495431772, "pCO2_max": 0.03219177571789095, "Atypical Lymphocytes_max": 0.03127767040455134, "Urea Nitrogen_min": 0.027343916857469557, "Base Excess_max": 0.02139208649676655, "MCV_min": 0.016109799617711043, "PTT_min": 0.01455461695884378, "Glucose_min": 0.013836491866081553, "Sodium, Whole Blood_min": 0.013779490814923667, "INR(PT)_min": 0.01337974901444736, "Oxygen_min": 0.012659484490834776, "Osmolality, Measured_max": 0.012182306815110431, "Bands_max": 0.009901804483809317, "Magnesium_min": 0.00924966630231502, "Oxygen_max": 0.0077377675258375475, "Neutrophils_min": 0.007166360553304545, "PEEP_min": 0.0060010840029399715, "Calcium, Total_max": 0.005974013110204393, "Potassium, Urine_min": 0.005819077037584096, "Anion Gap_max": 0.004065714440151044, "Vancomycin_max": 0.004040340879883829, "Cortisol_min": 0.003727941454117008, "Chloride, Whole Blood_max": 0.0037095280130300338, "Lymphocytes_max": 0.0029532065475878287, "Free Calcium_min": 0.0029167511884781736, "INR(PT)_max": 0.0027554900559673906, "Creatine Kinase, MB Isoenzyme_min": 0.002729256630293215, "Asparate Aminotransferase (AST)_min": 0.0026885353619073744, "O2 Flow_min": 0.0021419392608816373, "pO2_min": 0.0020001569127518774, "PTT_max": 0.0016715500948244488, "PT_max": 0.0015812736367817437, "Osmolality, Urine_max": 0.0015672256679069966, "Alveolar-arterial Gradient_max": 0.0014224566941941227, "Iron_min": 0.0011467374405006504, "Urea Nitrogen_max": 0.0010086637831950016, "Specific Gravity_max": 0.0009041623273466296, "Lactate Dehydrogenase (LD)_min": 0.000642090301036777, "Amylase_min": 0.0004344285378160503, "Specific Gravity_min": 0.0003332025524945242, "Fibrinogen, Functional_min": 0.00031919457477104003, "RBC_max": 0.0003011117194777967, "Fibrinogen, Functional_max": 0.0001785510702178611, "Lactate Dehydrogenase (LD)_max": 8.032470447098636e-05, "Granulocyte Count_max": 2.4834499429513922e-05, "Amylase_max": 1.0867317555030474e-06, "Creatine Kinase (CK)_max": -1.6857390771511647e-05, "Granulocyte Count_min": -8.172321966293189e-05, "Platelet Count_min": -0.0001416267529594666, "Glucose_max": -0.0001573667011029056, "Lipase_max": -0.00015985210426990484, "Alanine Aminotransferase (ALT)_max": -0.00016626612942987736, "Oxygen Saturation_max": -0.0001914392117404597, "White Blood Cells_max": -0.0003773115257236285, "pO2_max": -0.0004901121151559408, "Monocytes_max": -0.0004932880785509545, "Alkaline Phosphatase_min": -0.0005122752178943207, "Tidal Volume_max": -0.0005175471279316393, "Urea Nitrogen, Urine_min": -0.0005477066142536637, "Chloride_max": -0.0007003927946546045, "Creatinine, Urine_min": -0.0009786282388049737, "Tidal Volume_min": -0.0009908043460235272, "Alanine Aminotransferase (ALT)_min": -0.001054310512687713, "Creatine Kinase, MB Isoenzyme_max": -0.0016869356308688356, "Cortisol_max": -0.0020228795750178307, "Platelet Count_max": -0.0022246291485459417, "Oxygen Saturation_min": -0.00270637158227149, "Sodium, Urine_min": -0.004338681577173997, "Alveolar-arterial Gradient_min": -0.004921417041863785, "Sodium_min": -0.006551405239600522, "Hematocrit_max": -0.008313768344157643, "Neutrophils_max": -0.00916579331350303, "Calculated Total CO2_min": -0.009925084524334422, "Eosinophils_max": -0.00996174720898579, "pCO2_min": -0.010348217943358282, "Osmolality, Measured_min": -0.0104250366450461, "MCH_min": -0.010752040967023316, "Chloride, Whole Blood_min": -0.012530459994257101, "Monocytes_min": -0.01351805223743457, "Potassium_max": -0.015546582230824026, "Hematocrit_min": -0.017043143117529594, "Thyroid Stimulating Hormone_min": -0.018051769168421907, "Phenytoin_max": -0.01846412256794918, "Chloride_min": -0.01909173270261214, "Base Excess_min": -0.02017684996732039, "Basophils_min": -0.021547567709090183, "RDW_min": -0.02175781460567856, "Potassium_min": -0.02680344634903223, "Sodium, Whole Blood_max": -0.027079548017001586, "Troponin T_min": -0.02761535278533586, "Protein, Total_min": -0.029542269644617772, "Troponin T_max": -0.03364502018955854, "Free Calcium_max": -0.040285610696413385, "Potassium, Whole Blood_min": -0.04650431070377965, "Bilirubin, Indirect_min": -0.04778817792192311, "Lymphocytes_min": -0.05014794966426909, "Hemoglobin_max": -0.0531541562420373, "Bilirubin, Total_min": -0.0553473388766683, "Phosphate_min": -0.07068358213626255, "Bicarbonate_max": -0.07658344403324707, "Eosinophils_min": -0.08917174737453859, "MCHC_max": -0.12244351838923781, "Albumin_max": -0.14987389482574232, "Calcium, Total_min": -0.16150028539218822, "Temperature_min": -0.16780294393406286, "Potassium, Whole Blood_max": -0.1814775772250168, "Creatinine_min": -0.22973337116631234, "Albumin_min": -0.2596090729640575}