{"Lactate_max": 0.19310066048486835, "Lactate_min": 0.14401230247206373, "Anion Gap_min": 0.13434440165011385, "Phenytoin_min": 0.11383942155494212, "PT_min": 0.06756407773720649, "Sodium_max": 0.06610517379891442, "Bilirubin, Direct_min": 0.051011534332815606, "Atypical Lymphocytes_max": 0.03841771283223152, "Vancomycin_min": 0.03738402705359864, "pCO2_max": 0.0313050100476591, "Myelocytes_max": 0.029773223785466794, "Bilirubin, Direct_max": 0.028450952109876526, "Urea Nitrogen_min": 0.02724369472588468, "Metamyelocytes_min": 0.02523136167316724, "Chloride, Whole Blood_min": 0.023110657688811993, "Bands_min": 0.022360303276842925, "PTT_min": 0.01991209759288814, "Osmolality, Measured_max": 0.019106909713009726, "Phosphate_max": 0.018989486052328686, "Metamyelocytes_max": 0.01870202129969533, "PEEP_min": 0.01798746499792492, "INR(PT)_min": 0.01613996056928154, "Glucose_min": 0.013999108108921849, "Oxygen_max": 0.013682224280619179, "White Blood Cells_max": 0.010851254127188036, "INR(PT)_max": 0.008839631684120958, "Epithelial Cells_max": 0.008775377982524937, "CK-MB Index_min": 0.008427772818731784, "Urobilinogen_min": 0.007968012618706223, "CK-MB Index_max": 0.0077137440131523835, "Myelocytes_min": 0.007645010777456658, "Basophils_max": 0.0073356382160822105, "Thyroid Stimulating Hormone_min": 0.006145427764093718, "Magnesium_max": 0.005212327310570632, "Potassium, Urine_max": 0.004787574566240319, "Alveolar-arterial Gradient_max": 0.004508747802139449, "Nucleated Red Cells_min": 0.0042395809912820865, "Vancomycin_max": 0.003888052387658219, "O2 Flow_min": 0.003099433891143847, "Asparate Aminotransferase (AST)_min": 0.0030343588955081694, "Base Excess_min": 0.002804874680295006, "Polys_max": 0.002445891784320838, "pO2_min": 0.0020378238845840694, "Urea Nitrogen_max": 0.0012967487479196202, "Osmolality, Urine_max": 0.001135462034361735, "Cortisol_max": 0.000937272779539782, "Polys_min": 0.0007828144390296071, "Lactate Dehydrogenase (LD)_min": 0.000677816271613582, "Fibrinogen, Functional_min": 0.000553225135788617, "Amylase_min": 0.0005467577979092406, "Potassium, Urine_min": 0.0005227925742576905, "WBC_max": 0.0005160994287850725, "Creatinine, Urine_max": 0.0005045089203817712, "RBC_max": 0.00041844469472462984, "Cholesterol Ratio (Total/HDL)_min": 0.0003915756845112365, "Alkaline Phosphatase_max": 0.0002935828123469676, "Iron_max": 0.0002026979773117667, "Urea Nitrogen, Urine_max": 0.00011956790639621988, "WBC_min": 0.00010273879623517003, "Creatine Kinase (CK)_min": 8.303961750203387e-05, "Lactate Dehydrogenase (LD)_max": 6.094591469380898e-05, "Ferritin_min": 1.5441115146385557e-05, "Ferritin_max": -1.1637762287334722e-06, "Granulocyte Count_max": -4.0011429804693005e-06, "Fibrinogen, Functional_max": -1.8260134762269043e-05, "Creatine Kinase (CK)_max": -2.0495590449237276e-05, "PT_max": -2.3111342244380025e-05, "Asparate Aminotransferase (AST)_max": -3.929128556881033e-05, "Granulocyte Count_min": -4.363638769710752e-05, "Cholesterol, HDL_min": -0.00014262338987760997, "Amylase_max": -0.00024182147754560484, "RBC_min": -0.0002893697424937669, "tacroFK_min": -0.0004662779252603407, "Tidal Volume_min": -0.0006609483166855968, "Cortisol_min": -0.0007291185875529374, "Alkaline Phosphatase_min": -0.0007365320122264772, "Urea Nitrogen, Urine_min": -0.0007997517272995338, "Triglycerides_max": -0.0010118632665029566, "Lipase_min": -0.0010348996218488404, "Protein_min": -0.0010717749784885588, "Tidal Volume_max": -0.001183268352438762, "Oxygen Saturation_max": -0.0012891635171280152, "Creatine Kinase, MB Isoenzyme_min": -0.0014332146259207674, "Free Calcium_min": -0.0015888037486956677, "Nucleated Red Cells_max": -0.0018780812243463236, "Cholesterol Ratio (Total/HDL)_max": -0.0019691398427182567, "O2 Flow_max": -0.0020610635303210125, "Alanine Aminotransferase (ALT)_min": -0.0020622493400383316, "Creatinine, Urine_min": -0.00254657556604925, "Sodium, Urine_max": -0.0035283159563148144, "Sodium, Urine_min": -0.0036462647550806085, "PEEP_max": -0.003936355027554359, "Sodium, Whole Blood_min": -0.004326630710373188, "Bands_max": -0.005353996939480744, "Base Excess_max": -0.005990645663746422, "Calculated Total CO2_min": -0.008684426177030979, "pCO2_min": -0.009340881686465885, "Troponin T_min": -0.0176915071260673, "Protein, Total_max": -0.02098911850652711, "Osmolality, Measured_min": -0.021850706726670364, "Thyroid Stimulating Hormone_max": -0.021893144283261168, "Required O2_max": -0.023745806973347907, "Sodium, Whole Blood_max": -0.024141546423527952, "Protein, Total_min": -0.027610896968336077, "Phenytoin_max": -0.03251046992363795, "Chloride, Whole Blood_max": -0.03375126371474434, "Epithelial Cells_min": -0.041940945979682495, "Uric Acid_max": -0.04620000029638081, "Lymphocytes_min": -0.052486748215505044, "tacroFK_max": -0.05387369998403695, "Troponin T_max": -0.05641071737073887, "Temperature_max": -0.057661360329618744, "Anion Gap_max": -0.058430581211155665, "Eosinophils_max": -0.06628587520122203, "Uric Acid_min": -0.07064147247052152, "Bicarbonate_min": -0.08561517475875684, "Temperature_min": -0.18151727400581655, "Albumin_min": -0.20424193408784416}