{"pH_max": 0.6664955230134485, "Lactate_min": 0.20378545386572453, "Lactate_max": 0.13071965162049815, "Anion Gap_min": 0.1058060971403763, "Sodium_max": 0.07116199780552847, "PT_min": 0.06072963693339198, "pCO2_max": 0.03546483633798706, "Urea Nitrogen_min": 0.03361899705243865, "INR(PT)_min": 0.03341869762413147, "White Blood Cells_min": 0.031321283921910054, "RDW_max": 0.030357142163149605, "Phosphate_max": 0.028782781283836056, "PTT_min": 0.015435325561853664, "Glucose_min": 0.012971818005989094, "Specific Gravity_max": 0.011140769455822336, "Oxygen_min": 0.010394665932848303, "Oxygen_max": 0.006969593187361978, "Bilirubin, Total_max": 0.006154805641595392, "White Blood Cells_max": 0.005228834853147053, "Osmolality, Measured_max": 0.0047056497314294865, "Lymphocytes_max": 0.002091957644336316, "pO2_min": 0.0020636673912317227, "Neutrophils_min": 0.0015432887110609, "PTT_max": 0.0012276192158719344, "Alveolar-arterial Gradient_max": 0.0010122072057612188, "Lactate Dehydrogenase (LD)_min": 0.0007565406695633622, "Urea Nitrogen_max": 0.0006986216042326608, "Platelet Count_min": -0.00012607067745708684, "Glucose_max": -0.00013204431379524383, "Urea Nitrogen, Urine_min": -0.00041255550440192593, "pO2_max": -0.0005472545712896334, "Alkaline Phosphatase_min": -0.0006090998707365649, "Tidal Volume_max": -0.0008023046451456022, "Tidal Volume_min": -0.0009589273132619547, "MCV_min": -0.0014587894119855679, "Platelet Count_max": -0.0023915866798422673, "Base Excess_min": -0.00688688286794273, "Chloride_min": -0.018643048325398773, "pCO2_min": -0.019331300074032255, "Sodium_min": -0.01949412198960565, "Chloride, Whole Blood_max": -0.023412110283383105, "Eosinophils_max": -0.0447697409056872, "Bilirubin, Total_min": -0.04651048528207597, "Lymphocytes_min": -0.0580387233613016, "Bicarbonate_max": -0.10142992234168104, "Potassium_min": -0.10724743676849369, "MCHC_max": -0.14996581339227877, "Temperature_min": -0.18148973704328852, "Creatinine_min": -0.34284104745724175, "Albumin_min": -0.9578873024089136}