{"mca_2": -1.019492061749104, "Cholesterol, Total_max": -0.8560315065683681, "Albumin_min": -0.6691651718319453, "Required O2_max": -0.6027402911715296, "mca_8": -0.48482548013857013, "Alveolar-arterial Gradient_min": -0.46143312046808743, "Transferrin_max": -0.37237211088477984, "Osmolality, Measured_min": -0.36277328546078613, "Protein, Total_min": -0.3488592144593362, "Uric Acid_min": -0.32600763143722483, "Alanine Aminotransferase (ALT)_max": -0.287109791734649, "Triglycerides_max": -0.28285648085682374, "Iron Binding Capacity, Total_max": -0.24763742412198048, "Temperature_min": -0.24276316283986862, "Tidal Volume_max": -0.2401315342506345, "Urea Nitrogen, Urine_min": -0.23604682933144291, "Vitamin B12_max": -0.22280994458426356, "Sodium, Urine_max": -0.2079845316588976, "Epithelial Cells_min": -0.20205230290453197, "Thyroid Stimulating Hormone_max": -0.19540142570455823, "Bicarbonate_min": -0.19211770134752587, "Phenytoin_max": -0.18318461299563585, "Sodium, Whole Blood_max": -0.1749285396652945, "Creatinine, Urine_min": -0.1589021884614538, "Nucleated Red Cells_max": -0.14875713054057627, "Creatine Kinase, MB Isoenzyme_max": -0.14840706773116236, "Granulocyte Count_min": -0.14813290352408837, "Troponin T_min": -0.12386697787765305, "Cortisol_max": -0.11800850947354749, "Creatine Kinase (CK)_max": -0.09914099972457167, "Amylase_max": -0.08960718652289486, "O2 Flow_max": -0.08825108536274756, "Granulocyte Count_max": -0.08563469837394216, "Alanine Aminotransferase (ALT)_min": -0.08237710606203806, "pCO2_min": -0.08069535294962482, "Base Excess_min": -0.07905482321563909, "Tidal Volume_min": -0.07773719930061143, "Chloride, Whole Blood_max": -0.07687141189619948, "Calculated Total CO2_max": -0.07471075198030194, "Protein_max": -0.07349256528687069, "Phosphate_max": -0.06610691157168493, "Albumin_max": -0.0658421497879311, "PEEP_max": -0.06470870912963729, "Urobilinogen_min": -0.05282422880980329, "Lipase_min": -0.042473998406549536, "Creatinine_max": -0.03808733362678312, "Protein_min": -0.03723589663661159, "Alkaline Phosphatase_min": -0.034603148388554196, "WBC_min": -0.033922003136543984, "Oxygen Saturation_max": -0.030486955941533573, "Fibrinogen, Functional_max": -0.029456250045194362, "Alkaline Phosphatase_max": -0.02632495812527825, "Metamyelocytes_max": -0.02303369926544613, "Cholesterol, HDL_max": -0.019240020470325466, "Potassium, Urine_min": -0.017614036130824098, "Chloride, Whole Blood_min": -0.01601375632464304, "Triglycerides_min": -0.012910926019516192, "Bands_max": -0.01182032459086354, "Vancomycin_max": -0.00801647291960468, "Myelocytes_min": -0.0078793015218834, "Sodium, Urine_min": -0.007555299743037305, "Anion Gap_max": -0.002887704808607547, "RBC_min": 0.005003034194949079, "Urea Nitrogen_max": 0.009037439811049455, "Sodium, Whole Blood_min": 0.013074781154179831, "Ferritin_min": 0.01577152312791213, "Magnesium_max": 0.018336099024618337, "Urea Nitrogen, Urine_max": 0.019090856025436437, "Troponin T_max": 0.024561437010023373, "Thyroid Stimulating Hormone_min": 0.029954374500213293, "Atypical Lymphocytes_max": 0.03248104595236882, "INR(PT)_max": 0.03331689963822158, "Base Excess_max": 0.03726352344879739, "Nucleated Red Cells_min": 0.03983685210105279, "Osmolality, Urine_min": 0.040783963937010545, "Creatine Kinase (CK)_min": 0.041079327330629425, "CK-MB Index_min": 0.04295268791800455, "O2 Flow_min": 0.049119284252955656, "Polys_min": 0.051877054848047756, "Metamyelocytes_min": 0.05399943998950933, "Amylase_min": 0.05444405951188159, "Iron_max": 0.059320358357701386, "RBC_max": 0.06942255451026379, "WBC_max": 0.07198299719398357, "PEEP_min": 0.07427291745903601, "Uric Acid_max": 0.07700549484762259, "Cholesterol Ratio (Total/HDL)_min": 0.08017041545715017, "Creatinine, Urine_max": 0.08166675449562176, "RDW_max": 0.08833898528292075, "Creatine Kinase, MB Isoenzyme_min": 0.08897592397979621, "Free Calcium_min": 0.09530379714055397, "Myelocytes_max": 0.10049652063297781, "Osmolality, Urine_max": 0.10737204978272484, "INR(PT)_min": 0.10818170194192238, "Fibrinogen, Functional_min": 0.10917441615467989, "pO2_min": 0.12082367208446092, "Bands_min": 0.12083383259961263, "Asparate Aminotransferase (AST)_max": 0.1268084587215387, "Temperature_max": 0.12966937591697425, "PTT_min": 0.13098266958716065, "Urobilinogen_max": 0.1355642795732002, "PT_min": 0.13676617393187868, "Lactate Dehydrogenase (LD)_max": 0.14171654625676522, "White Blood Cells_max": 0.1424746230629931, "Polys_max": 0.14642278134651093, "Bilirubin, Direct_max": 0.15439673603731732, "Cortisol_min": 0.16210653802884104, "Potassium, Urine_max": 0.1632908018132116, "Bilirubin, Direct_min": 0.16334871526717593, "Vitamin B12_min": 0.17630480703096535, "CK-MB Index_max": 0.20505504951227987, "Cholesterol, HDL_min": 0.2271697474534818, "Vancomycin_min": 0.23639036074445785, "Lactate_min": 0.25730076765031507, "Sodium_max": 0.26237785639734784, "Specific Gravity_min": 0.3082399906333524, "Oxygen_max": 0.328632192642231, "Protein, Total_max": 0.3425860509874767, "Anion Gap_min": 0.3580966653949791, "Lactate Dehydrogenase (LD)_min": 0.35849276435510563, "Asparate Aminotransferase (AST)_min": 0.3656744676976029, "Lactate_max": 0.3982217381647152, "Urea Nitrogen_min": 0.4193380089942193, "Iron Binding Capacity, Total_min": 0.4476511576884674, "Required O2_min": 0.47911272655390946, "pCO2_max": 0.4848635991745305, "Osmolality, Measured_max": 0.4859486871193268, "Glucose_min": 0.49929248819471955, "Cholesterol, Total_min": 0.5337942763086888, "Alveolar-arterial Gradient_max": 0.6866242903506182, "Phenytoin_min": 0.7784965649189953}