{"Lactate_max": 0.17452878171918357, "Lactate_min": 0.15712306556753597, "Phenytoin_min": 0.11983659040206118, "Sodium_max": 0.06390143660230233, "Bilirubin, Direct_min": 0.05943013506974065, "PT_min": 0.0556976037612188, "RDW_max": 0.037365839235449165, "Anion Gap_min": 0.0366364108579294, "Bilirubin, Direct_max": 0.03227390430446097, "Vancomycin_min": 0.03131220112149947, "pCO2_max": 0.028205140366516612, "Urea Nitrogen_min": 0.02679822086376707, "Metamyelocytes_min": 0.026438404355178725, "Hematocrit, Calculated_min": 0.020972418612399592, "Base Excess_max": 0.018798545669427513, "Myelocytes_max": 0.018521409738601415, "Required O2_min": 0.017972820869384776, "White Blood Cells_min": 0.01685456210933647, "Oxygen_max": 0.016748543758352594, "CK-MB Index_min": 0.016461080493477886, "Bands_min": 0.016249948523415204, "Metamyelocytes_max": 0.01557828989008914, "Phosphate_max": 0.015353728022981145, "PTT_min": 0.015105261463272632, "Sodium, Whole Blood_min": 0.01506783934817295, "Glucose_min": 0.014602087409839206, "Atypical Lymphocytes_max": 0.0142230667079396, "Cholesterol Ratio (Total/HDL)_min": 0.013255192185110294, "INR(PT)_min": 0.013023427823200106, "Osmolality, Measured_max": 0.012817153404603866, "CK-MB Index_max": 0.01280708604115885, "Cholesterol Ratio (Total/HDL)_max": 0.012746628508562658, "White Blood Cells_max": 0.01053454017342579, "INR(PT)_max": 0.010288840443066388, "PEEP_min": 0.009461750160272554, "Cholesterol, HDL_min": 0.009319971050795654, "Thyroid Stimulating Hormone_min": 0.008974051516681868, "Myelocytes_min": 0.007513308737953478, "Magnesium_max": 0.006278831700966486, "Bands_max": 0.006101099702878639, "Polys_max": 0.005488582438929451, "Potassium, Urine_max": 0.005423988911208561, "Iron_min": 0.004533647663650281, "O2 Flow_min": 0.003571920964472023, "Alveolar-arterial Gradient_max": 0.0034628040912895817, "Epithelial Cells_max": 0.0032506031767507693, "PT_max": 0.0026692971844183575, "Asparate Aminotransferase (AST)_min": 0.002556588429253727, "Urea Nitrogen_max": 0.002526494235767503, "Polys_min": 0.002282206273076587, "pO2_min": 0.0021608660734809045, "Cortisol_max": 0.001893690224672996, "tacroFK_min": 0.0015512199672430027, "Cortisol_min": 0.0014535921618872055, "Vancomycin_max": 0.0009814083838176049, "Lactate Dehydrogenase (LD)_min": 0.0008646120471042834, "Osmolality, Urine_max": 0.0007927198710153471, "WBC_max": 0.0006814583829678289, "RBC_max": 0.0004885904124105544, "Amylase_min": 0.000472717925752109, "Cholesterol, HDL_max": 0.0004522155528790118, "Urea Nitrogen, Urine_max": 0.00027318248141648417, "Fibrinogen, Functional_min": 0.0002686427727792354, "Free Calcium_min": 0.00026556135915616964, "Fibrinogen, Functional_max": 0.00023199522217783194, "Alkaline Phosphatase_max": 0.0001859649497930906, "Lactate Dehydrogenase (LD)_max": 0.00010387981642411428, "Vitamin B12_min": 9.689275039730311e-05, "Creatine Kinase (CK)_min": 7.918267058958961e-05, "Asparate Aminotransferase (AST)_max": 7.481975188311877e-05, "Granulocyte Count_max": 1.4045062029203033e-05, "Ferritin_min": 1.167725693585715e-05, "Ferritin_max": -1.799902386939663e-06, "Creatine Kinase (CK)_max": -1.623824160791377e-05, "Granulocyte Count_min": -6.512991871143099e-05, "WBC_min": -9.741160071785823e-05, "Triglycerides_min": -0.00010298834729814173, "Creatine Kinase, MB Isoenzyme_min": -0.00013244355925469504, "Osmolality, Urine_min": -0.0002043646556401694, "Amylase_max": -0.0002095272289883469, "Alanine Aminotransferase (ALT)_max": -0.0003239759645759326, "Creatinine, Urine_max": -0.0004063312105682536, "Oxygen Saturation_max": -0.00040944233880168423, "RBC_min": -0.0004718624954555073, "Potassium, Urine_min": -0.0005009304617226499, "Tidal Volume_min": -0.0006852241200422682, "Urea Nitrogen, Urine_min": -0.0007037658862967015, "Alanine Aminotransferase (ALT)_min": -0.0007457447832154852, "Alkaline Phosphatase_min": -0.0007956098007566531, "Triglycerides_max": -0.0008021555339424944, "Protein_min": -0.0008683626192405944, "Tidal Volume_max": -0.000895289554852595, "Lipase_min": -0.0012720293886749454, "O2 Flow_max": -0.002166889268599354, "Alveolar-arterial Gradient_min": -0.002459173062298053, "Calculated Total CO2_min": -0.0025720060271578297, "PEEP_max": -0.002690352583007407, "Nucleated Red Cells_min": -0.003127201067148074, "Cholesterol, Total_max": -0.003968988827546128, "Iron_max": -0.004135934374466905, "Sodium, Urine_min": -0.005472922551048464, "Base Excess_min": -0.010492742183400515, "Anion Gap_max": -0.011762348663508308, "Required O2_max": -0.01459024899382614, "Osmolality, Measured_min": -0.015758640016854022, "Phenytoin_max": -0.01982908703239829, "Temperature_max": -0.02126978230976007, "Troponin T_min": -0.023505418539823644, "Thyroid Stimulating Hormone_max": -0.02426027523200675, "Protein, Total_max": -0.02545427327703452, "tacroFK_max": -0.02818026697505855, "Basophils_max": -0.028578343953511363, "Bicarbonate_min": -0.03129497159663134, "Protein, Total_min": -0.031524762020261984, "Uric Acid_max": -0.03324919313585138, "Troponin T_max": -0.042404362724058606, "Sodium, Whole Blood_max": -0.044205099902406515, "Epithelial Cells_min": -0.046261231893087326, "Uric Acid_min": -0.06114519858894355, "Bicarbonate_max": -0.0795827177842308, "Albumin_max": -0.14523212541271888, "MCHC_min": -0.15513669412735195, "Temperature_min": -0.16868037374417796, "Albumin_min": -0.20431592709861146}