{"pH_max": 0.3303570120714319, "Lactate_min": 0.18056277586607603, "Lactate_max": 0.15608338789075235, "Phenytoin_min": 0.14124733359253597, "Anion Gap_min": 0.1012497921098718, "Phosphate_max": 0.08809519174831898, "Sodium_max": 0.06676148847906879, "PT_min": 0.05525255260897397, "Temperature_max": 0.05317531835639358, "White Blood Cells_min": 0.05203535704829417, "Bilirubin, Direct_max": 0.05006566992372953, "CK-MB Index_min": 0.04968992784734345, "Hematocrit, Calculated_min": 0.04559391585831439, "Atypical Lymphocytes_max": 0.04492873143417064, "RDW_max": 0.04183576269837059, "Calculated Total CO2_max": 0.03895499231973567, "Basophils_max": 0.03693862211847301, "Required O2_min": 0.03575108736759377, "MCV_min": 0.033308313861808506, "pCO2_max": 0.030801503000900725, "Urea Nitrogen_min": 0.029782341769362744, "Red Blood Cells_max": 0.02904283096307209, "Vancomycin_min": 0.028551779617381597, "Magnesium_max": 0.02326572167342729, "Bands_min": 0.017491320743793278, "INR(PT)_min": 0.014953894611403345, "PTT_min": 0.01379433987933006, "Glucose_min": 0.013516091634961883, "Oxygen_max": 0.012726779405520323, "Osmolality, Measured_max": 0.012544381566728144, "Bands_max": 0.009464248869137742, "Neutrophils_min": 0.006539735551286435, "Polys_min": 0.004469682136704875, "Free Calcium_min": 0.0041984835447560565, "Potassium, Urine_min": 0.0040821488845219755, "Lymphocytes_max": 0.003872027907793371, "INR(PT)_max": 0.003832923507472838, "Alveolar-arterial Gradient_max": 0.003152235028769445, "Atypical Lymphocytes_min": 0.003029109672553548, "pO2_min": 0.0026531967274693183, "Asparate Aminotransferase (AST)_min": 0.002517118074049686, "Nucleated Red Cells_min": 0.0020127065782755533, "PTT_max": 0.0018332298187828315, "PT_max": 0.0014813703427921773, "Amylase_min": 0.0011463563880449216, "Creatinine, Urine_max": 0.0010468565405700907, "Specific Gravity_max": 0.0010307312907242702, "O2 Flow_min": 0.0007229846952578877, "Lactate Dehydrogenase (LD)_min": 0.0006555848687639945, "Creatine Kinase, MB Isoenzyme_min": 0.0006466612569779417, "WBC_max": 0.0005815980433671592, "Osmolality, Urine_max": 0.0005149990487066879, "Fibrinogen, Functional_min": 0.0004160017942577778, "Neutrophils_max": 0.0003408577622273585, "Alkaline Phosphatase_max": 0.0003315944284642898, "Vitamin B12_min": 0.0002933338843288192, "Specific Gravity_min": 0.0002531988265998993, "Vancomycin_max": 0.0001649851111262004, "Platelet Count_min": 0.00012673507804954968, "Creatine Kinase (CK)_min": 9.649796420254171e-05, "White Blood Cells_max": 7.467882685722081e-05, "Urea Nitrogen_max": 7.384175209116264e-05, "Lactate Dehydrogenase (LD)_max": 6.474898322740322e-05, "Creatine Kinase (CK)_max": -7.347313963117212e-06, "Granulocyte Count_max": -9.110020877874298e-06, "Fibrinogen, Functional_max": -4.619462827011117e-05, "Asparate Aminotransferase (AST)_max": -5.9179774635016997e-05, "Glucose_max": -7.316825355543533e-05, "Oxygen Saturation_max": -0.00017710111404672436, "Protein_max": -0.0003064536077389661, "Tidal Volume_min": -0.0003775196535282611, "Amylase_max": -0.0003845263339267121, "MCV_max": -0.0003856482374265232, "WBC_min": -0.0004513299652029377, "Vitamin B12_max": -0.0004693994001625766, "Chloride_max": -0.0007308986280993332, "pO2_max": -0.0008477355795299461, "Alkaline Phosphatase_min": -0.0009409880849980038, "Tidal Volume_max": -0.0010253805967801416, "Base Excess_max": -0.001182797296506284, "Alanine Aminotransferase (ALT)_min": -0.0015712735743678057, "Oxygen Saturation_min": -0.0017796992621382662, "Creatine Kinase, MB Isoenzyme_max": -0.001820185731340373, "Chloride, Whole Blood_min": -0.0018505949334177044, "Creatinine_max": -0.0021709697393988464, "Platelet Count_max": -0.0026029520723297858, "PEEP_max": -0.0027556482663726703, "Base Excess_min": -0.004042024326289217, "Transferrin_max": -0.004375760077023914, "Alveolar-arterial Gradient_min": -0.0046320742247823845, "Sodium_min": -0.004750007092318087, "Hemoglobin_max": -0.005079433141853882, "Urobilinogen_min": -0.0058501420340252765, "Chloride, Whole Blood_max": -0.006356954607764535, "pCO2_min": -0.008261067291378711, "Hematocrit_max": -0.009042103210915154, "Sodium, Whole Blood_min": -0.009067198298674117, "Anion Gap_max": -0.012430975425669576, "Osmolality, Measured_min": -0.014679119540070666, "Sodium, Whole Blood_max": -0.01728037903937154, "Potassium_max": -0.017823103316257107, "Required O2_max": -0.019259731403181667, "Eosinophils_max": -0.022723075708255627, "Potassium_min": -0.023685453187701065, "Chloride_min": -0.025084611137925185, "Phenytoin_max": -0.025210808564766204, "Free Calcium_max": -0.027864536546932783, "Red Blood Cells_min": -0.02839653212239117, "Basophils_min": -0.02855744780252043, "Hematocrit, Calculated_max": -0.029724260526780573, "RDW_min": -0.031983964405865886, "Calcium, Total_max": -0.03406810248800767, "Protein, Total_min": -0.034447042596425025, "Calculated Total CO2_min": -0.03529337382827208, "Lymphocytes_min": -0.03660088177323783, "MCHC_max": -0.0429267456526806, "Bilirubin, Total_min": -0.050533566293295605, "MCHC_min": -0.05848837907002433, "MCH_max": -0.06057175738101904, "Phosphate_min": -0.06374080937181224, "pH_min": -0.07165927316130208, "Potassium, Whole Blood_min": -0.07266229568177139, "Eosinophils_min": -0.08874304417770995, "Bicarbonate_max": -0.11613707412190673, "Hemoglobin_min": -0.1415044870968936, "Temperature_min": -0.15780278703796538, "Albumin_max": -0.16525201480018614, "Potassium, Whole Blood_max": -0.1924339700285092, "Creatinine_min": -0.2707074674911938, "Albumin_min": -0.27561861315327746}