{"Lactate_min": 0.18366527633277532, "Lactate_max": 0.15995860048124055, "Anion Gap_min": 0.07737218989223107, "PT_min": 0.06803964499592323, "Sodium_max": 0.05145019371493568, "White Blood Cells_min": 0.04301059546228364, "pCO2_max": 0.03308188777828268, "Urea Nitrogen_min": 0.020488206771653996, "PTT_min": 0.01721305700145792, "Calcium, Total_max": 0.012768977673856204, "Glucose_min": 0.012550875264964048, "Bilirubin, Total_max": 0.011679142623407798, "Urea Nitrogen_max": 0.003235513879656679, "Alveolar-arterial Gradient_max": 0.0016452783835834799, "Osmolality, Measured_max": 0.0012558323559011336, "Lactate Dehydrogenase (LD)_min": 0.0008258572145600381, "pO2_max": -0.00042179970853391865, "Tidal Volume_min": -0.0013380215209617494, "Platelet Count_min": -0.0013778430362078222, "Platelet Count_max": -0.0016655520389485979, "Base Excess_min": -0.005209070289339557, "Potassium_max": -0.018521346502913063, "pCO2_min": -0.01928015683107345, "Lymphocytes_min": -0.057129863517087764, "Bicarbonate_max": -0.07309356719139791, "Phosphate_min": -0.10552156140908513, "MCHC_min": -0.12697100635112815, "Eosinophils_min": -0.14093106210894965, "Temperature_min": -0.181027508597475, "Albumin_max": -0.6031434447304717}