{"pH_max": 0.5860074667941484, "Lactate_min": 0.2145740175682387, "Red Blood Cells_max": 0.20973345461513532, "Lactate_max": 0.14825597960194165, "Anion Gap_min": 0.10561939472316167, "PT_min": 0.061358965060726675, "Sodium_max": 0.046889602824018585, "White Blood Cells_min": 0.0466445249995004, "pCO2_max": 0.037768535054499085, "Phosphate_max": 0.037408997406321046, "Albumin_max": 0.03323397958763409, "MCH_min": 0.026351437806860646, "Urea Nitrogen_min": 0.02434374815149991, "RDW_max": 0.021237408577169395, "PTT_min": 0.014281785840017214, "Glucose_min": 0.013450204329960929, "Lymphocytes_max": 0.003275711856791309, "pO2_min": 0.0025002055696353976, "White Blood Cells_max": 0.0014255984664621733, "Asparate Aminotransferase (AST)_min": 0.001088249030619833, "Alveolar-arterial Gradient_max": 0.00092498456149816, "Platelet Count_min": 0.0007862523772447229, "Lactate Dehydrogenase (LD)_min": 0.0006528385921110157, "Fibrinogen, Functional_min": 0.000552178641422619, "Glucose_max": 0.00010968654951314409, "Creatine Kinase (CK)_min": 4.949959667039583e-05, "Alveolar-arterial Gradient_min": -3.246189050050256e-05, "Urea Nitrogen_max": -6.98295200348365e-05, "Neutrophils_min": -0.0004010847555271994, "pO2_max": -0.0007133680154252133, "Tidal Volume_max": -0.0008414821468769991, "Tidal Volume_min": -0.000884608092159883, "Platelet Count_max": -0.0025170303835557097, "Osmolality, Measured_max": -0.0029488982812530392, "Base Excess_min": -0.005643177480060874, "Neutrophils_max": -0.0059237342182505434, "Calcium, Total_max": -0.006199720317251482, "Creatinine_max": -0.007489681928111894, "pCO2_min": -0.015201752914232987, "Bilirubin, Total_min": -0.023748790204861904, "Eosinophils_max": -0.055223363212158566, "Lymphocytes_min": -0.06154100959450951, "Hemoglobin_min": -0.07540980310709168, "Potassium, Whole Blood_min": -0.08415856379891043, "Bicarbonate_max": -0.08446267135907777, "Phosphate_min": -0.11920316439367581, "Potassium_min": -0.1298408660218105, "Hemoglobin_max": -0.1508062103416866, "Temperature_min": -0.28882935273984245, "Albumin_min": -0.9600704735870371}