{"pH_max": 0.5361831884607546, "Lactate_min": 0.22931859458287215, "Anion Gap_min": 0.12362863312040838, "Phenytoin_min": 0.115744524794751, "Lactate_max": 0.11243530089986248, "Phosphate_max": 0.08062110097832532, "Bilirubin, Direct_max": 0.07714368805505868, "Red Blood Cells_max": 0.06144597158370482, "Sodium_max": 0.060294659662562325, "PT_min": 0.05459165463094173, "MCH_min": 0.05444621862761505, "Temperature_max": 0.04845874711454963, "White Blood Cells_min": 0.045240486563391295, "pCO2_max": 0.036335978364948895, "Urea Nitrogen_min": 0.02455242412184448, "Hematocrit_min": 0.023917305278201725, "INR(PT)_min": 0.02382475403013302, "Vancomycin_min": 0.02300191939844123, "RDW_min": 0.020065910538686928, "Glucose_min": 0.012981453628050754, "Oxygen_max": 0.012753448674725835, "PTT_min": 0.01037009317950553, "Hematocrit, Calculated_max": 0.006394764405575048, "INR(PT)_max": 0.0056915736044139305, "RDW_max": 0.005196968638296526, "Bands_max": 0.004761161015225117, "Calcium, Total_max": 0.004096375625169779, "Alveolar-arterial Gradient_max": 0.00297577010962498, "pO2_min": 0.0028034356685332743, "Potassium, Urine_min": 0.001794271426560072, "Urea Nitrogen_max": 0.0017050393083115156, "PTT_max": 0.001649977167822663, "Asparate Aminotransferase (AST)_min": 0.001554883374923168, "Osmolality, Measured_max": 0.0010226542875528002, "PT_max": 0.000967912704086452, "Platelet Count_min": 0.0006936473594044431, "Lactate Dehydrogenase (LD)_min": 0.0006501170217213352, "Fibrinogen, Functional_min": 0.00037315356200144233, "RBC_min": 0.0003181593606937717, "Lymphocytes_max": 0.00010841833229446448, "Creatine Kinase (CK)_min": 4.803942770956965e-05, "Lactate Dehydrogenase (LD)_max": 2.5138275868622964e-05, "Lipase_max": 3.7073752751821727e-06, "Neutrophils_min": -2.8239169320719675e-05, "Glucose_max": -0.00014943841602535683, "Urea Nitrogen, Urine_max": -0.00036571477638588907, "Tidal Volume_min": -0.0004714502419659823, "Creatinine, Urine_min": -0.0005048874614889128, "Specific Gravity_max": -0.000703439405203667, "Alkaline Phosphatase_min": -0.0007578480323675187, "Vancomycin_max": -0.0008228145785145327, "pO2_max": -0.0008994977160033953, "Lipase_min": -0.0009177596809630946, "Nucleated Red Cells_max": -0.0010863616522623861, "Tidal Volume_max": -0.0012365237540892132, "White Blood Cells_max": -0.0012417032893300567, "Creatine Kinase, MB Isoenzyme_max": -0.0013458336877593153, "Platelet Count_max": -0.002664582063383705, "Sodium, Urine_min": -0.004004844851797558, "Chloride_max": -0.005233536212856483, "Base Excess_min": -0.005483799547363997, "Ketone_max": -0.005781950493988988, "pCO2_min": -0.007535119234559504, "Troponin T_max": -0.008895830623160208, "Neutrophils_max": -0.009250163358849435, "Bilirubin, Total_min": -0.01457249172793654, "Chloride_min": -0.014929501801243358, "Required O2_max": -0.01656071334318647, "Bilirubin, Total_max": -0.017966468398934985, "Free Calcium_max": -0.018379322120858285, "Sodium_min": -0.01946222940448606, "Calculated Total CO2_min": -0.02568480292596516, "Monocytes_min": -0.031982231110095925, "Basophils_min": -0.03672104333073517, "Bilirubin, Indirect_max": -0.04372048827365699, "Potassium_min": -0.044506614503855416, "Phenytoin_max": -0.046561138283813835, "Lymphocytes_min": -0.056513141829012, "Eosinophils_max": -0.05837004618293094, "Protein, Total_min": -0.06395994578379563, "pH_min": -0.07203352816636642, "Bicarbonate_max": -0.09245632702194265, "Phosphate_min": -0.10595563942151033, "MCHC_min": -0.11200272751746027, "Hemoglobin_max": -0.11570679855646838, "Creatinine_max": -0.12688522901194418, "Hemoglobin_min": -0.12907618648672256, "Creatinine_min": -0.1534108638494879, "Temperature_min": -0.21787431862837353, "Albumin_min": -0.501895854511289}