{"pH_max": 0.563327715352866, "Lactate_min": 0.2288861948495812, "Lactate_max": 0.1319065151028093, "Temperature_max": 0.1296916496362009, "Anion Gap_min": 0.09798054948785657, "Sodium_max": 0.06677419023467751, "PT_min": 0.059230135551171716, "Phosphate_max": 0.04935118877731845, "White Blood Cells_min": 0.0476531212591185, "MCH_min": 0.04596532674390994, "pCO2_max": 0.037231570461939985, "RDW_max": 0.02838129759856055, "Urea Nitrogen_min": 0.02698562263672412, "Bilirubin, Total_max": 0.019587441621051648, "INR(PT)_min": 0.01884753949972701, "Glucose_min": 0.014310407309643579, "Bands_max": 0.013284486880685507, "Free Calcium_min": 0.012646965535743512, "Oxygen_min": 0.00998570485099595, "Oxygen_max": 0.008333053824199705, "Phenytoin_max": 0.0082379409748669, "PTT_min": 0.00820309601496163, "INR(PT)_max": 0.007793864008559253, "Neutrophils_min": 0.006343130789623675, "Lymphocytes_max": 0.004110193483879921, "Asparate Aminotransferase (AST)_min": 0.003211112131221744, "White Blood Cells_max": 0.0028897904259689647, "Osmolality, Measured_max": 0.0026089986812540735, "pO2_min": 0.0021476463280059735, "PTT_max": 0.001809301615568579, "Specific Gravity_max": 0.0015198983139570318, "Alveolar-arterial Gradient_max": 0.0007886083510049627, "Fibrinogen, Functional_min": 0.0005182245029885439, "Lactate Dehydrogenase (LD)_max": 9.608697691769682e-05, "Creatine Kinase (CK)_min": 6.334924513021724e-05, "Creatine Kinase (CK)_max": -1.416678144035986e-05, "Specific Gravity_min": -4.470350257541644e-05, "Alkaline Phosphatase_max": -8.362880210089808e-05, "Glucose_max": -0.00012898066013609068, "Fibrinogen, Functional_max": -0.00022613476032628374, "Creatine Kinase, MB Isoenzyme_min": -0.00032037668609123296, "Platelet Count_min": -0.0006256530778065142, "Lipase_min": -0.0006970749658247176, "Tidal Volume_min": -0.0006980177163118385, "pO2_max": -0.0007342467152007907, "Creatine Kinase, MB Isoenzyme_max": -0.0008134757231059765, "Tidal Volume_max": -0.0011815765688380573, "Alanine Aminotransferase (ALT)_min": -0.0017493618024862407, "Iron Binding Capacity, Total_max": -0.001938179924425361, "Platelet Count_max": -0.002167012087217838, "Base Excess_min": -0.0038698437576433794, "pCO2_min": -0.010103159722805963, "Calcium, Total_max": -0.012028296772723015, "MCV_max": -0.01588621973515437, "Calculated Total CO2_min": -0.02115683068773501, "Sodium_min": -0.021254166531053272, "Chloride_min": -0.025232086063490634, "Creatinine_max": -0.03844317719451021, "Bilirubin, Total_min": -0.044606366596241294, "Lymphocytes_min": -0.048390526189243305, "Potassium_max": -0.06251674865458778, "Potassium_min": -0.06590494088045454, "Hemoglobin_max": -0.08823087983096523, "Bicarbonate_max": -0.09249721020763825, "MCHC_max": -0.15581754117507363, "Phosphate_min": -0.16667186708276288, "Red Blood Cells_min": -0.178810686862025, "Temperature_min": -0.26364799035440345, "Albumin_max": -0.29813278132013193, "Albumin_min": -0.4905463775473813}