{"pH_max": 0.22409560945909573, "Lactate_min": 0.1443104161139882, "Lactate_max": 0.1357156032894887, "Phenytoin_min": 0.1053106207107338, "Sodium_max": 0.08814448571938283, "Anion Gap_min": 0.07592769790173225, "Phosphate_max": 0.07216676105279092, "White Blood Cells_min": 0.06947826188163929, "Bilirubin, Direct_max": 0.054887514641528676, "Bilirubin, Direct_min": 0.053867000974477004, "PT_min": 0.04935830280323304, "Atypical Lymphocytes_max": 0.03632266015663071, "pCO2_max": 0.034388712893751165, "Myelocytes_max": 0.03303509331530108, "MCV_min": 0.031148416831081244, "Vancomycin_min": 0.026110276115432603, "Basophils_max": 0.0245240253227556, "Temperature_max": 0.02393623031258698, "Urea Nitrogen_min": 0.023706997348624262, "Base Excess_max": 0.02243584565248332, "Bands_min": 0.020989222679343576, "RDW_max": 0.020957608638464804, "Atypical Lymphocytes_min": 0.018943760652336807, "Glucose_min": 0.014058902577207322, "Red Blood Cells_max": 0.012926011126691391, "Oxygen_max": 0.01211075725851708, "INR(PT)_min": 0.010695786901795123, "PTT_min": 0.00912367947568298, "Magnesium_min": 0.008917051619972713, "Oxygen_min": 0.008286603748587872, "INR(PT)_max": 0.007100473419127484, "Neutrophils_min": 0.007079380661734129, "Bands_max": 0.00560674369539971, "Lymphocytes_max": 0.00519649902928747, "Hematocrit_min": 0.003195116173149591, "Polys_min": 0.003180129023240399, "Osmolality, Measured_max": 0.0030961741594037417, "Free Calcium_min": 0.0025302066146337208, "Urea Nitrogen_max": 0.002452919866632563, "PTT_max": 0.0023115865688752507, "pO2_min": 0.0022966561898293846, "Creatinine, Urine_max": 0.0022474119025127155, "Asparate Aminotransferase (AST)_min": 0.0017487495896244007, "Cortisol_max": 0.0014054794233565684, "Osmolality, Urine_max": 0.0010677464266724095, "Alveolar-arterial Gradient_max": 0.0010273724802390308, "Amylase_min": 0.0009657629635434702, "Nucleated Red Cells_min": 0.0009503054183094481, "Cortisol_min": 0.0008816292819668551, "RDW_min": 0.0008370004318607887, "Lactate Dehydrogenase (LD)_min": 0.0006495979610508076, "Monocytes_max": 0.0005279696482975118, "Vitamin B12_min": 0.0004371736378742852, "Fibrinogen, Functional_max": 0.00035871116044518356, "RBC_max": 0.0001718868312409725, "Alkaline Phosphatase_max": 0.00013460531970780514, "Urea Nitrogen, Urine_max": 0.00013062654285015974, "RBC_min": 9.904991853550397e-05, "Asparate Aminotransferase (AST)_max": 9.424664672934861e-05, "Lactate Dehydrogenase (LD)_max": 7.863449372895474e-05, "WBC_max": 7.750314673659062e-05, "Creatine Kinase (CK)_min": 4.622574916661066e-05, "Lipase_max": 3.6574734413232323e-06, "Creatine Kinase (CK)_max": -3.8136614749094498e-06, "Oxygen Saturation_min": -6.566355495496522e-06, "Alveolar-arterial Gradient_min": -4.86502194806869e-05, "Granulocyte Count_min": -6.771809814584806e-05, "WBC_min": -0.00012367317170933624, "Specific Gravity_max": -0.00022300632567985856, "Potassium_max": -0.00022829220046436942, "Glucose_max": -0.00023746204497502652, "Amylase_max": -0.0002647965481838135, "Alanine Aminotransferase (ALT)_max": -0.0002674529804164785, "Platelet Count_min": -0.00030728601849484713, "Protein_min": -0.0005150388704119301, "Specific Gravity_min": -0.0005195091299882118, "Alkaline Phosphatase_min": -0.000594350235670518, "Vancomycin_max": -0.0006107074651528307, "Urea Nitrogen, Urine_min": -0.0007327756572264772, "Vitamin B12_max": -0.0007354241431417169, "Creatine Kinase, MB Isoenzyme_max": -0.0007576920087626818, "Tidal Volume_min": -0.0007915660194463025, "Alanine Aminotransferase (ALT)_min": -0.0008058563809145169, "Base Excess_min": -0.0008540936048937424, "pO2_max": -0.0008935475789309454, "Lipase_min": -0.001002731984119249, "Tidal Volume_max": -0.0010921181032730758, "Triglycerides_min": -0.0011243901379998887, "Neutrophils_max": -0.001488684426996881, "White Blood Cells_max": -0.0020996248491133547, "Creatinine, Urine_min": -0.002177323024277687, "Platelet Count_max": -0.0023869548470671262, "PEEP_max": -0.002572880680602777, "pCO2_min": -0.0026548197211930147, "Sodium, Urine_max": -0.0027205516556414416, "Iron Binding Capacity, Total_max": -0.003540032459889955, "MCH_min": -0.004088162666787531, "Chloride, Whole Blood_min": -0.00736292746103617, "Sodium, Whole Blood_min": -0.008226659106218552, "Bilirubin, Total_max": -0.01292599808213576, "Phenytoin_max": -0.013338854571709101, "Red Blood Cells_min": -0.017311902694856357, "MCV_max": -0.018124185909679097, "Potassium_min": -0.019395247391432828, "Troponin T_min": -0.01989364158162572, "Anion Gap_max": -0.020687976641085522, "Basophils_min": -0.021136848874103612, "Troponin T_max": -0.02156136695088972, "Chloride_max": -0.022563730151793093, "Eosinophils_max": -0.025411431737861197, "Calcium, Total_max": -0.02605359513883328, "Chloride_min": -0.03148241569539983, "pH_min": -0.0343662334256818, "Bilirubin, Total_min": -0.03894212798637769, "Potassium, Whole Blood_min": -0.03965406496575357, "Phosphate_min": -0.041803192433429004, "Calculated Total CO2_min": -0.04188631498566193, "Bicarbonate_min": -0.04313715325115366, "Lymphocytes_min": -0.04732877531552749, "Bilirubin, Indirect_max": -0.049920947631613484, "Hemoglobin_max": -0.07982165580925032, "Hemoglobin_min": -0.08151521791448861, "Uric Acid_min": -0.08573544224905495, "Bicarbonate_max": -0.10348710279252268, "MCHC_min": -0.11768260953777361, "Albumin_max": -0.12607436816075587, "Creatinine_max": -0.1388998319077886, "Temperature_min": -0.14358709917404672, "Potassium, Whole Blood_max": -0.16918764704437989, "Albumin_min": -0.19023310732368062}