{"pH_max": 0.4567753207261924, "Lactate_min": 0.18858002238955765, "Phenytoin_min": 0.12657021549195174, "Anion Gap_min": 0.10686342503089087, "Phosphate_max": 0.07896397538391708, "Sodium_max": 0.07853278288689003, "Bilirubin, Direct_min": 0.07416103758590424, "Lactate_max": 0.0641124324757781, "PT_min": 0.061412062666064006, "Temperature_max": 0.06078677852295476, "White Blood Cells_min": 0.05308532801930682, "Red Blood Cells_max": 0.04746470488789244, "MCV_min": 0.03896625564423931, "pCO2_max": 0.037060870235783465, "Anion Gap_max": 0.027336124475960014, "INR(PT)_max": 0.02641198773824023, "Bands_min": 0.02450001394005997, "INR(PT)_min": 0.0212027026563396, "Urea Nitrogen_min": 0.020195036726033733, "Glucose_min": 0.013725973058152912, "Hematocrit_max": 0.012209978834329012, "Oxygen_min": 0.010925074476151233, "Oxygen_max": 0.008455874293657371, "Lymphocytes_max": 0.004515377190517687, "Osmolality, Measured_max": 0.004326308016491738, "Potassium, Urine_min": 0.004176199940904448, "Neutrophils_min": 0.00237952390920385, "Urea Nitrogen_max": 0.0023149827253527663, "PTT_max": 0.0022617206114975102, "Asparate Aminotransferase (AST)_min": 0.0020002790687165964, "pO2_min": 0.0016661641373139095, "Alveolar-arterial Gradient_max": 0.0007760332589996543, "WBC_max": 0.00016301015474724613, "Amylase_min": 0.00012286961950379628, "Lactate Dehydrogenase (LD)_max": 0.00011661486837925464, "Osmolality, Urine_min": 0.00010784048596981639, "PTT_min": 5.697603317205283e-05, "PT_max": 3.058861702771966e-05, "Lipase_max": 3.619622450337444e-06, "Creatine Kinase (CK)_max": -1.20676904378861e-05, "Glucose_max": -0.000266451276570069, "Amylase_max": -0.00031094798476854975, "Platelet Count_min": -0.00034655996703236887, "Alkaline Phosphatase_min": -0.00042890420049508204, "Tidal Volume_max": -0.0009430291844059067, "Tidal Volume_min": -0.0010608794004845453, "pO2_max": -0.0011241375189863453, "Specific Gravity_max": -0.0012043559079558766, "Platelet Count_max": -0.002434795982683034, "Specific Gravity_min": -0.0026381055755998577, "White Blood Cells_max": -0.003110873742985732, "Iron Binding Capacity, Total_max": -0.004723804537505041, "Bilirubin, Total_max": -0.008991447772403117, "Chloride_max": -0.011493717104012502, "Base Excess_min": -0.016470669647351874, "pCO2_min": -0.019546829754459347, "Calcium, Total_max": -0.024000909275682093, "Troponin T_max": -0.024622876375508224, "Bicarbonate_min": -0.025030533565668613, "Chloride, Whole Blood_min": -0.02974493026816986, "Eosinophils_max": -0.0322999999673276, "Sodium_min": -0.04010040507833302, "Lymphocytes_min": -0.04530652909666978, "Bicarbonate_max": -0.07361555472075237, "MCH_max": -0.09481091151098144, "Hemoglobin_max": -0.0974165071511795, "Hemoglobin_min": -0.14582143411344456, "Creatinine_max": -0.18898035852296519, "Temperature_min": -0.3045421296333986, "Albumin_min": -0.48628206453441686}