{"pH_max": 0.40710683726841307, "Lactate_min": 0.23162381890674508, "Phenytoin_min": 0.15124163164575408, "Lactate_max": 0.14796913445436885, "Anion Gap_min": 0.09537393637345143, "Sodium_max": 0.07606448468152661, "PT_min": 0.06272615993167302, "Phosphate_max": 0.0539421697472362, "White Blood Cells_min": 0.04586029207064568, "Temperature_max": 0.041312405372798275, "Calculated Total CO2_max": 0.0374683109709839, "pCO2_max": 0.03236024169754881, "RDW_max": 0.01949864118274497, "Urea Nitrogen_min": 0.019434184026708795, "INR(PT)_min": 0.016616875301731813, "Glucose_min": 0.013089997338357133, "Oxygen_min": 0.009909240534919548, "Oxygen_max": 0.00940384211854675, "MCV_max": 0.007533465142469361, "Osmolality, Measured_max": 0.007019796719390957, "Free Calcium_min": 0.006889617258568974, "PTT_min": 0.0064684670833595375, "Lymphocytes_max": 0.0055026356419937885, "Alveolar-arterial Gradient_max": 0.00452862409338329, "pO2_min": 0.002428230089753135, "PTT_max": 0.0021014727050181503, "Asparate Aminotransferase (AST)_min": 0.0007054353066840269, "Urea Nitrogen_max": 0.0006460938202032425, "Lactate Dehydrogenase (LD)_min": 0.0005047756500618401, "Lactate Dehydrogenase (LD)_max": 5.956992850312632e-05, "Lipase_max": 3.06919465051457e-06, "Creatine Kinase (CK)_max": -1.9291167578376426e-05, "Alkaline Phosphatase_max": -5.66000948849531e-05, "Platelet Count_min": -0.00022403842638580183, "Creatine Kinase, MB Isoenzyme_min": -0.0002969450907382489, "pO2_max": -0.0010792606120022539, "Specific Gravity_min": -0.00117040700534495, "Neutrophils_min": -0.0012864545341179257, "Tidal Volume_min": -0.0013152598407910425, "Neutrophils_max": -0.0014959994557939486, "Platelet Count_max": -0.002286324014687818, "Chloride_min": -0.006171557084861853, "Base Excess_min": -0.007773836303101326, "Bilirubin, Total_min": -0.011751168485485235, "Hematocrit_max": -0.01807575154352693, "Creatinine_max": -0.020864015789756805, "pCO2_min": -0.02386601917782942, "Required O2_max": -0.026820005301440932, "Sodium_min": -0.03339481883551505, "Hematocrit_min": -0.034709340523247756, "Calcium, Total_max": -0.04447744554219882, "Lymphocytes_min": -0.05922176123496301, "Potassium_max": -0.06329099845771136, "Eosinophils_max": -0.06659592683095274, "Potassium_min": -0.07516737560532716, "Bicarbonate_max": -0.10565430554340756, "MCHC_max": -0.18958812962222252, "Albumin_max": -0.2465130735906224, "Temperature_min": -0.24729378524798568, "Albumin_min": -0.3917453723732914}