{"pH_max": 0.3245536152525227, "Lactate_min": 0.19547570296276248, "Lactate_max": 0.14347105255498335, "Bilirubin, Direct_min": 0.1363983454958544, "Phenytoin_min": 0.12539782842063454, "Anion Gap_min": 0.0998791719744441, "Sodium_max": 0.0668933240974882, "PT_min": 0.0631772417215414, "Phosphate_max": 0.05580296709045809, "White Blood Cells_min": 0.0437086114733219, "Metamyelocytes_max": 0.03905513493920343, "pCO2_max": 0.035971684883311025, "Vancomycin_min": 0.030229383091849048, "Temperature_max": 0.027627364532449284, "Urea Nitrogen_min": 0.02288198120252528, "Base Excess_max": 0.021096169582381783, "INR(PT)_min": 0.017583843605514647, "RDW_max": 0.013864446612912348, "Glucose_min": 0.012970016016626833, "MCV_max": 0.01149113810633991, "PTT_min": 0.010394643135629817, "Required O2_max": 0.00968672833218663, "Oxygen_min": 0.009493372487687298, "Oxygen_max": 0.008263748686625622, "INR(PT)_max": 0.0073695510906766695, "Osmolality, Measured_max": 0.004099666776076315, "Chloride_max": 0.003892282366355102, "White Blood Cells_max": 0.0031253786216693426, "Lymphocytes_max": 0.002185740901804266, "pO2_min": 0.0020524213064774133, "PTT_max": 0.001461547447706751, "Lactate Dehydrogenase (LD)_min": 0.0008946069647003314, "Platelet Count_min": 0.000608986120534785, "Fibrinogen, Functional_min": 0.0005401757198444953, "Sodium, Urine_max": 0.00046069094157803894, "Asparate Aminotransferase (AST)_max": 1.5376778593760353e-05, "Lipase_max": 2.7677778253582186e-06, "Creatine Kinase (CK)_max": -1.1975475719105157e-05, "Glucose_max": -0.000254407460049187, "Triglycerides_max": -0.00034913628175373834, "Creatinine, Urine_min": -0.00043215666599745445, "pO2_max": -0.0004991118207625801, "Alkaline Phosphatase_min": -0.0005158895794954828, "Urea Nitrogen_max": -0.0007035467230482928, "Tidal Volume_min": -0.00118409925173059, "Specific Gravity_min": -0.0015017901115974455, "Oxygen Saturation_min": -0.001945782619175239, "Platelet Count_max": -0.0024853762761274977, "Sodium, Urine_min": -0.004011394340726531, "Monocytes_max": -0.004518341946140308, "Neutrophils_max": -0.004543062797979083, "Chloride_min": -0.00809441884487282, "pCO2_min": -0.009048983097948738, "Creatinine_max": -0.012731130835636534, "Base Excess_min": -0.017902698988925998, "Red Blood Cells_max": -0.031767482659042376, "Sodium_min": -0.03587963918359546, "Calcium, Total_max": -0.03774233182345627, "Potassium_min": -0.0382748715134792, "Eosinophils_max": -0.05065929562380838, "Lymphocytes_min": -0.0551215586333847, "Bilirubin, Total_min": -0.07526722431552751, "Bicarbonate_max": -0.0961701141470706, "Hemoglobin_min": -0.12388555046695943, "Phosphate_min": -0.13487522251855807, "MCHC_max": -0.1448749787127846, "Albumin_max": -0.18711086605355917, "Temperature_min": -0.21838364565975416, "Potassium, Whole Blood_max": -0.25906459133734866, "Albumin_min": -0.31704369092850126}