{"Lactate_min": 0.1770868103746496, "Lactate_max": 0.133427738857674, "Phenytoin_min": 0.13123057723838438, "Anion Gap_min": 0.11620962286813201, "PT_min": 0.08128537407034182, "RDW_max": 0.06640418815307268, "Sodium_max": 0.055072591018373286, "Bilirubin, Direct_max": 0.04702966781636349, "Bilirubin, Direct_min": 0.037382134795349055, "Vancomycin_min": 0.033600164375673404, "White Blood Cells_min": 0.031476309513911, "Metamyelocytes_min": 0.029497537781014986, "Urobilinogen_min": 0.029267042113088285, "Atypical Lymphocytes_max": 0.028901665238733724, "pCO2_max": 0.02882068275486647, "Urea Nitrogen_min": 0.027182284367688006, "Myelocytes_max": 0.02385704054423676, "Bands_min": 0.021576929827455432, "INR(PT)_max": 0.0211273961702695, "Osmolality, Measured_max": 0.01819065853292803, "PEEP_min": 0.017641271311315668, "INR(PT)_min": 0.016021039806996148, "CK-MB Index_min": 0.015743424762867712, "CK-MB Index_max": 0.01568633275103457, "Glucose_min": 0.01495803919748572, "Oxygen_max": 0.01385218378846693, "PTT_min": 0.01360658884225886, "Cholesterol, HDL_min": 0.010995237781252793, "Cholesterol Ratio (Total/HDL)_min": 0.009680848134344416, "Phosphate_max": 0.0078045636173553045, "Thyroid Stimulating Hormone_min": 0.006957113864938692, "Cholesterol Ratio (Total/HDL)_max": 0.005728248531114963, "Nucleated Red Cells_min": 0.005726630211958424, "O2 Flow_min": 0.004733852581266347, "Potassium, Urine_min": 0.003936582394646413, "Potassium, Urine_max": 0.003720906863047444, "Iron_min": 0.002749825762339546, "Alveolar-arterial Gradient_max": 0.0022012845560376625, "Asparate Aminotransferase (AST)_min": 0.0019981728472424354, "Creatinine, Urine_max": 0.001978880732164428, "White Blood Cells_max": 0.0019714746525483656, "Free Calcium_min": 0.0015225400033264743, "Amylase_min": 0.001044929978090705, "Vancomycin_max": 0.0009792996213748477, "Osmolality, Urine_max": 0.000958176635569052, "Epithelial Cells_max": 0.0009578338490640563, "Base Excess_max": 0.0008247678237480899, "Cortisol_max": 0.0006400786281667915, "Lactate Dehydrogenase (LD)_min": 0.0005661007553915597, "WBC_max": 0.0005475086608506972, "Polys_max": 0.00046972149867000707, "Urea Nitrogen, Urine_max": 0.00038212176784938626, "Fibrinogen, Functional_min": 0.00031024924789678883, "RBC_max": 0.00023154662229432217, "Lactate Dehydrogenase (LD)_max": 0.00011479522587126714, "Asparate Aminotransferase (AST)_max": 8.201483165454699e-05, "Creatine Kinase (CK)_min": 8.090682916009245e-05, "Vitamin B12_min": 6.765661297457433e-05, "Fibrinogen, Functional_max": 3.6109026356115074e-05, "Cortisol_min": 3.077770076432152e-05, "RBC_min": 7.364160459247837e-06, "Ferritin_max": -7.462885750245516e-06, "Granulocyte Count_max": -8.218105609323551e-06, "Ferritin_min": -1.0516589480813342e-05, "Alkaline Phosphatase_max": -1.0895536224391933e-05, "Granulocyte Count_min": -5.766396910756803e-05, "Osmolality, Urine_min": -0.000138174006960125, "Triglycerides_min": -0.00019700053810793448, "Amylase_max": -0.000263660660563751, "Alkaline Phosphatase_min": -0.00030154119020182066, "Alanine Aminotransferase (ALT)_max": -0.0003399438023640925, "WBC_min": -0.00037156650842349594, "Triglycerides_max": -0.00043685635069619594, "Oxygen Saturation_max": -0.0004686669453945635, "Urea Nitrogen_max": -0.0005567895347926542, "Tidal Volume_min": -0.0007770948215254299, "Urea Nitrogen, Urine_min": -0.0008351846928726464, "Tidal Volume_max": -0.0008418052587703208, "Alanine Aminotransferase (ALT)_min": -0.0008944256111606309, "Protein_min": -0.000930770989628207, "Lipase_min": -0.0010886691741647618, "Required O2_min": -0.001443452781525257, "Metamyelocytes_max": -0.001623119044262307, "Myelocytes_min": -0.001841778169304462, "Iron_max": -0.0018887947476841356, "Sodium, Urine_min": -0.0019503931225542562, "Sodium, Urine_max": -0.0021791343642510452, "O2 Flow_max": -0.002406731175871548, "Magnesium_max": -0.0026388860546552495, "Nucleated Red Cells_max": -0.002658981586179211, "Creatine Kinase, MB Isoenzyme_min": -0.0027175266501618957, "Creatinine, Urine_min": -0.003160435186121678, "Base Excess_min": -0.003385835334856653, "Bands_max": -0.003426041618499036, "Cholesterol, Total_min": -0.003479189161571107, "Monocytes_max": -0.0039361591734246495, "PT_max": -0.005527524413787587, "PEEP_max": -0.007545156702577088, "Sodium, Whole Blood_min": -0.00885706968410201, "Anion Gap_max": -0.009637329712656614, "Required O2_max": -0.01158506974074313, "Sodium, Whole Blood_max": -0.014985554044805983, "Osmolality, Measured_min": -0.016574049841098965, "Chloride, Whole Blood_max": -0.018130823622347716, "Thyroid Stimulating Hormone_max": -0.020279193734774117, "Temperature_max": -0.023495723486529216, "tacroFK_max": -0.025594198045889235, "Protein, Total_max": -0.02946439441450025, "Calculated Total CO2_min": -0.03003037382126898, "Uric Acid_max": -0.03110117074676199, "Protein, Total_min": -0.0360322426922378, "Calcium, Total_max": -0.0400774942626262, "Phenytoin_max": -0.04226146900656264, "Bicarbonate_min": -0.04761953901685008, "Troponin T_min": -0.050414458219690345, "Lymphocytes_min": -0.05291909058501859, "Eosinophils_max": -0.05522375061576457, "Uric Acid_min": -0.08246014318830674, "Temperature_min": -0.17945954152605167, "Albumin_max": -0.18270503829290893, "Calcium, Total_min": -0.18827015499941827, "Potassium, Whole Blood_max": -0.20305438617343569, "Albumin_min": -0.28083691423444723}