{"pH_max": 0.5300572335028486, "Lactate_min": 0.2546036380578305, "Lactate_max": 0.14308444293179484, "Anion Gap_min": 0.08657055208033254, "Sodium_max": 0.06603003555996613, "PT_min": 0.062381374216026575, "Phosphate_max": 0.044395962478292035, "White Blood Cells_min": 0.04049664791141519, "pCO2_max": 0.03482037376263752, "Magnesium_min": 0.029378066067592364, "Urea Nitrogen_min": 0.026027334976739487, "Hematocrit, Calculated_min": 0.026007705242229277, "Bilirubin, Total_max": 0.0258495768779629, "Vancomycin_min": 0.024843898807474722, "MCV_min": 0.02029986018642764, "Osmolality, Measured_max": 0.014446092457037225, "Glucose_min": 0.014357776822108924, "Oxygen_max": 0.011528286762338346, "INR(PT)_max": 0.011366348962531253, "PTT_min": 0.009245563762115478, "White Blood Cells_max": 0.007550740304903749, "Lymphocytes_max": 0.004001973463334191, "pO2_min": 0.0016906440151001302, "PTT_max": 0.001440425367260817, "Asparate Aminotransferase (AST)_min": 0.0011737352655952103, "Alveolar-arterial Gradient_max": 0.0009261691753465829, "Fibrinogen, Functional_max": 0.00022873795981898765, "Creatine Kinase (CK)_min": 9.737614942117194e-05, "WBC_max": 7.62550755974277e-05, "Asparate Aminotransferase (AST)_max": -1.0043070447618866e-05, "Creatine Kinase (CK)_max": -1.2895634369286067e-05, "Platelet Count_min": -0.00013221047888838756, "Glucose_max": -0.00016211957448454472, "pO2_max": -0.000400261924680752, "Urea Nitrogen_max": -0.0008804589304503949, "Neutrophils_min": -0.0009275658792671417, "Tidal Volume_min": -0.0013596724631457062, "Platelet Count_max": -0.0023675184827917314, "Oxygen Saturation_min": -0.002376426448000478, "Sodium, Urine_min": -0.004736444412924211, "Base Excess_min": -0.009867600505480608, "Creatinine_max": -0.010164824345027931, "Potassium_max": -0.012273685684180552, "pCO2_min": -0.012345750168703273, "Calcium, Total_max": -0.017212351549046573, "Osmolality, Measured_min": -0.020311330417683057, "Chloride_min": -0.03181153292100533, "MCH_max": -0.03930951049435499, "Hematocrit_max": -0.04595442518017912, "Lymphocytes_min": -0.053264876960297594, "Eosinophils_max": -0.05393290577208527, "Bilirubin, Total_min": -0.05542941619677215, "Free Calcium_max": -0.07517603603635079, "Potassium_min": -0.07775900886677038, "MCHC_min": -0.09763561458516185, "Bicarbonate_max": -0.10243314442569375, "Phosphate_min": -0.15029490498913198, "Temperature_min": -0.19382633281739212, "Albumin_max": -0.30536245902405174, "Albumin_min": -0.5201027597051863}