{"Lactate_max": 0.15955288718477184, "pH_max": 0.08808746107683588, "Anion Gap_min": 0.08391523973987598, "Lactate_min": 0.08074987878278932, "Sodium_max": 0.07357697114351336, "Phenytoin_min": 0.06254985795664561, "White Blood Cells_min": 0.050468575315730256, "PT_min": 0.0498073528836612, "Bilirubin, Direct_max": 0.043809888483901036, "Hematocrit, Calculated_min": 0.04056760909295024, "pCO2_max": 0.0357220735512192, "Bilirubin, Direct_min": 0.03473357894634371, "Atypical Lymphocytes_max": 0.034229041916562994, "Vancomycin_min": 0.028311226274333277, "MCV_min": 0.025096745556519605, "Urea Nitrogen_min": 0.02441176133779681, "Phosphate_max": 0.02360548196787966, "RDW_max": 0.02002635304548896, "Bands_min": 0.019355240429938688, "Metamyelocytes_max": 0.0188224225023541, "Cholesterol, Total_min": 0.015576519692674677, "Osmolality, Measured_max": 0.014320222519862893, "Required O2_min": 0.013854553386988086, "Calculated Total CO2_max": 0.013806174570395999, "Glucose_min": 0.013732177489997825, "PTT_min": 0.013540316952994421, "CK-MB Index_min": 0.013291322572534412, "Myelocytes_max": 0.012874473810958185, "CK-MB Index_max": 0.012239750423657103, "PEEP_min": 0.011431526836669923, "Metamyelocytes_min": 0.011030164544975584, "Oxygen_max": 0.009407887152811278, "Basophils_max": 0.00933911258248925, "Oxygen_min": 0.009106474470900272, "Base Excess_max": 0.0089052258522122, "Red Blood Cells_max": 0.008400198504539212, "Atypical Lymphocytes_min": 0.0077303659198319505, "INR(PT)_max": 0.00731775093922185, "INR(PT)_min": 0.007203353360545169, "Cholesterol, HDL_min": 0.007075954041354616, "RDW_min": 0.006022092805300633, "Temperature_max": 0.0060213150388747465, "Cholesterol Ratio (Total/HDL)_min": 0.005039630151674536, "Neutrophils_min": 0.004894836760537017, "Polys_min": 0.004708803072131353, "Nucleated Red Cells_min": 0.0040155759676933885, "Cholesterol Ratio (Total/HDL)_max": 0.0038707486842419793, "Bands_max": 0.003739066120155586, "Chloride_max": 0.0037237413446654733, "MCV_max": 0.0033991895419424665, "Bilirubin, Total_max": 0.0033507753444435174, "O2 Flow_min": 0.0030302030043013748, "Cholesterol, LDL, Calculated_min": 0.0029781146715996, "Urobilinogen_max": 0.002975555141715817, "Magnesium_min": 0.0026710856903426577, "Potassium, Urine_max": 0.002642890921783081, "pO2_min": 0.002629632330795917, "PTT_max": 0.0026090982143117955, "Myelocytes_min": 0.0023341094694835918, "Lymphocytes_max": 0.0018779843368004379, "Magnesium_max": 0.0018168789443568163, "Iron_min": 0.0017546157148582982, "Asparate Aminotransferase (AST)_min": 0.0017411995062248176, "Phenytoin_max": 0.0016967927393214295, "Creatinine, Urine_max": 0.0016381484186216923, "Vancomycin_max": 0.0015766860304296812, "Alveolar-arterial Gradient_max": 0.001323428127567664, "Monocytes_max": 0.0010219177541492847, "Amylase_min": 0.000896581467424741, "Osmolality, Urine_min": 0.000875006674700757, "Epithelial Cells_max": 0.0007952804752043487, "Lactate Dehydrogenase (LD)_min": 0.0006953830427650721, "Potassium, Urine_min": 0.0006082745728387084, "RBC_max": 0.00044960090389656803, "Osmolality, Urine_max": 0.00037091772080583067, "Alkaline Phosphatase_max": 0.0003422518596796771, "Creatine Kinase, MB Isoenzyme_min": 0.0003064329448000043, "Fibrinogen, Functional_min": 0.0002993170728246207, "WBC_max": 0.0002021159850687638, "Vitamin B12_min": 0.00020096979144992435, "Protein_min": 0.0001853031280144394, "Specific Gravity_max": 0.00015218586981288583, "Urea Nitrogen, Urine_max": 0.00011095941397336, "Lactate Dehydrogenase (LD)_max": 9.226346463297627e-05, "Creatine Kinase (CK)_min": 8.353768833700652e-05, "Asparate Aminotransferase (AST)_max": 8.342067049095842e-05, "Iron Binding Capacity, Total_min": 6.246139987634217e-05, "Polys_max": 5.670071408383015e-05, "Specific Gravity_min": 1.603590212106988e-05, "Ferritin_min": 8.373514318563947e-06, "Granulocyte Count_max": 5.778349477102295e-06, "Lipase_max": 4.622030623616552e-06, "Ferritin_max": -3.8382174742406256e-06, "Fibrinogen, Functional_max": -1.3710887968410055e-05, "Creatine Kinase (CK)_max": -1.637125287394432e-05, "White Blood Cells_max": -2.8177572924317808e-05, "Granulocyte Count_min": -5.381856969947525e-05, "Glucose_max": -9.288524538263419e-05, "PT_max": -0.00012035001593462955, "Oxygen Saturation_max": -0.00018450280741063349, "Triglycerides_max": -0.00022770968175794652, "Alanine Aminotransferase (ALT)_max": -0.000306441245930135, "Thyroid Stimulating Hormone_min": -0.00035560837025570656, "Vitamin B12_max": -0.00038641402710121674, "WBC_min": -0.00040659557046018413, "RBC_min": -0.00042208564352492806, "Platelet Count_min": -0.0004249223982817227, "Amylase_max": -0.0004464999339980755, "Cortisol_min": -0.0006226135667636537, "Tidal Volume_max": -0.000690813149952695, "Alanine Aminotransferase (ALT)_min": -0.0007070126771350949, "Ketone_max": -0.0007757216484503794, "O2 Flow_max": -0.000777379934662924, "Urea Nitrogen, Urine_min": -0.0007844993292369959, "Alkaline Phosphatase_min": -0.0008430267728849835, "Triglycerides_min": -0.0008602946272143489, "Cortisol_max": -0.0008806949412495047, "Required O2_max": -0.0009092269883773929, "pO2_max": -0.0009533869273838204, "Protein_max": -0.0009544183148948215, "Lipase_min": -0.0009613348675543263, "Free Calcium_min": -0.0009717791948536675, "Urea Nitrogen_max": -0.0010126518973981899, "Creatine Kinase, MB Isoenzyme_max": -0.0010678329890980616, "Transferrin_min": -0.0011075772068892885, "Tidal Volume_min": -0.0011982680992954173, "Iron Binding Capacity, Total_max": -0.0012433686193000987, "Nucleated Red Cells_max": -0.001532426252834891, "Oxygen Saturation_min": -0.0016202980943307995, "Free Calcium_max": -0.0017316831263696748, "Platelet Count_max": -0.002048418732728953, "Sodium, Urine_max": -0.0020485302797072676, "Sodium, Urine_min": -0.002081473168813168, "Iron_max": -0.0021049934238340745, "Cholesterol, HDL_max": -0.00230555598885724, "tacroFK_min": -0.0023601309820491987, "Alveolar-arterial Gradient_min": -0.0025595620621146104, "Transferrin_max": -0.0025877556717517187, "Neutrophils_max": -0.0026544192244878223, "tacroFK_max": -0.0027146122906994627, "Chloride, Whole Blood_min": -0.0027428166263556873, "PEEP_max": -0.0029563482417319796, "Creatinine, Urine_min": -0.0033036632973155885, "Urobilinogen_min": -0.003738890429479032, "Protein, Total_max": -0.005216692090628003, "MCH_min": -0.005689820886286368, "Creatinine_max": -0.006213388909492192, "Anion Gap_max": -0.006429455791043879, "Ketone_min": -0.006464142062705276, "Red Blood Cells_min": -0.006488532901600444, "Protein, Total_min": -0.007071125174261185, "Potassium_min": -0.007861293540159669, "Basophils_min": -0.008002670618669596, "Sodium, Whole Blood_max": -0.008481043796738327, "Hematocrit_min": -0.008567529915446539, "Cholesterol, LDL, Calculated_max": -0.008584777830610265, "Sodium, Whole Blood_min": -0.009935854729048864, "Chloride, Whole Blood_max": -0.010615439007672195, "Potassium_max": -0.011220445246457097, "Bicarbonate_min": -0.011570047950007229, "Base Excess_min": -0.011613831562398055, "Calcium, Total_max": -0.012315224412722384, "Troponin T_min": -0.012768309455822129, "pCO2_min": -0.013155744794425111, "Thyroid Stimulating Hormone_max": -0.014268301185428633, "Bilirubin, Indirect_min": -0.014429572131883362, "Cholesterol, Total_max": -0.014635370171327579, "Chloride_min": -0.0148847675206763, "Hematocrit_max": -0.015343321062935233, "pH_min": -0.01562813556306197, "Sodium_min": -0.015693496774533255, "Osmolality, Measured_min": -0.016900099552607045, "Hemoglobin_max": -0.017608013950706627, "Troponin T_max": -0.01824862207814641, "% Hemoglobin A1c_max": -0.01852320662771712, "% Hemoglobin A1c_min": -0.0187689234240897, "Phosphate_min": -0.01940240570915628, "Uric Acid_max": -0.022050131114669552, "Hematocrit, Calculated_max": -0.022904020991049514, "Potassium, Whole Blood_min": -0.024639045922279754, "Monocytes_min": -0.029552589743175903, "Eosinophils_max": -0.03003135569916906,