{"Lactate_max": 0.19814521032183377, "pH_max": 0.14529942688399927, "Lactate_min": 0.11322755097303719, "Anion Gap_min": 0.09322622086366614, "Phenytoin_min": 0.0791479374712361, "Sodium_max": 0.07537584347183478, "PT_min": 0.06354689001385576, "Bilirubin, Direct_min": 0.05135078857063571, "White Blood Cells_min": 0.0511286705094878, "Bilirubin, Direct_max": 0.04778533908121604, "Vancomycin_min": 0.03295936133090558, "pCO2_max": 0.030074375589063743, "Phosphate_max": 0.02996216489799572, "Urea Nitrogen_min": 0.02155230321170358, "Calculated Total CO2_max": 0.020280200756886108, "CK-MB Index_min": 0.01948368795720569, "Urobilinogen_max": 0.018677731086754485, "Bands_min": 0.017453403036491375, "CK-MB Index_max": 0.015423879579552761, "Basophils_max": 0.01420434869646709, "INR(PT)_max": 0.013806201042708533, "Magnesium_max": 0.013297335357235308, "Glucose_min": 0.013200824706942808, "Osmolality, Measured_max": 0.01167186855697749, "Oxygen_max": 0.011541606563385012, "Potassium, Urine_max": 0.011504185795281709, "INR(PT)_min": 0.01087445753173684, "RDW_max": 0.01079501479789228, "Red Blood Cells_max": 0.01053990633838746, "Myelocytes_min": 0.009861140289373302, "Oxygen_min": 0.0075942564288652105, "RDW_min": 0.0066245475899349, "Base Excess_max": 0.006427090155521684, "MCV_max": 0.006154893812120696, "PTT_min": 0.005472080427327673, "White Blood Cells_max": 0.005337361035281702, "Cholesterol, HDL_max": 0.00522539505420489, "Lymphocytes_max": 0.00424019832566457, "Oxygen Saturation_min": 0.0037108998152720657, "Magnesium_min": 0.003348450768525573, "Vancomycin_max": 0.0030360557360245197, "O2 Flow_min": 0.002699471796222376, "Bands_max": 0.002487914407590873, "PTT_max": 0.0024684528672195673, "Polys_min": 0.002423800823364548, "pO2_min": 0.0021470306742939135, "Neutrophils_min": 0.0018546807190463943, "Required O2_max": 0.0018506914216629802, "Free Calcium_min": 0.001525303948601364, "Iron_min": 0.0014673017765819876, "Polys_max": 0.0013351329061933033, "Asparate Aminotransferase (AST)_min": 0.0012288002478292779, "Amylase_min": 0.001190196931592499, "Alveolar-arterial Gradient_max": 0.0009568606025041882, "Creatinine, Urine_max": 0.0006324661840281256, "Lactate Dehydrogenase (LD)_min": 0.0005212102240468794, "Fibrinogen, Functional_min": 0.0005163710214333378, "Alkaline Phosphatase_max": 0.00038189979222427706, "RBC_min": 0.0002585978304423064, "Lactate Dehydrogenase (LD)_max": 0.00010856965937364718, "Alveolar-arterial Gradient_min": 8.573534965709488e-05, "Creatine Kinase (CK)_min": 8.351399973891345e-05, "Lipase_max": 2.4345163270213484e-06, "Creatine Kinase (CK)_max": -1.0962787305376466e-05, "Granulocyte Count_max": -2.1585550160118513e-05, "Granulocyte Count_min": -6.587898204235623e-05, "Specific Gravity_max": -0.00012625888952157965, "Fibrinogen, Functional_max": -0.00015812895703583052, "Urea Nitrogen_max": -0.00016725981465436033, "Alanine Aminotransferase (ALT)_max": -0.0002044729097465418, "Glucose_max": -0.0002707707070294707, "Amylase_max": -0.00039180862459368607, "Oxygen Saturation_max": -0.00044088409976605, "Iron Binding Capacity, Total_min": -0.0004412288830044634, "Specific Gravity_min": -0.00044427279632781435, "Urea Nitrogen, Urine_min": -0.0005313030347507037, "Platelet Count_min": -0.0006623112561651209, "Tidal Volume_max": -0.0006876374566061083, "Lipase_min": -0.000696437488390198, "Creatine Kinase, MB Isoenzyme_max": -0.0007160114362479098, "Alkaline Phosphatase_min": -0.0007575462173500245, "Protein_min": -0.0007945507688046718, "pO2_max": -0.0009197839226157159, "Triglycerides_min": -0.00106895274443209, "Tidal Volume_min": -0.0012238913303537493, "Iron Binding Capacity, Total_max": -0.0015529640678741603, "Neutrophils_max": -0.0015569990588645945, "Hematocrit_min": -0.0019016209624298029, "Platelet Count_max": -0.002086968159119435, "Sodium, Urine_max": -0.002159091618861515, "Temperature_max": -0.0026880113132686373, "Transferrin_max": -0.00309990694940488, "PT_max": -0.003678217402467511, "Chloride_max": -0.005151787690953213, "Potassium, Urine_min": -0.005206751771963172, "Osmolality, Measured_min": -0.0064483632111221635, "Sodium, Whole Blood_min": -0.007421370057263653, "Base Excess_min": -0.007960719654236413, "Hematocrit_max": -0.008722214910903041, "Creatinine_max": -0.010888453464249943, "Red Blood Cells_min": -0.01107463660341008, "pCO2_min": -0.014190086700280335, "Chloride_min": -0.015145575849143094, "Basophils_min": -0.015504077678824009, "Troponin T_max": -0.015822943153936484, "Calcium, Total_max": -0.015843619440706478, "Potassium_min": -0.01707118158694762, "Free Calcium_max": -0.017345210280318338, "Anion Gap_max": -0.017626496880383972, "Bilirubin, Total_max": -0.01779238986792674, "Troponin T_min": -0.01941073520152395, "Thyroid Stimulating Hormone_min": -0.020983698895058973, "Sodium_min": -0.026488035233431826, "Potassium_max": -0.030606733553283624, "Potassium, Whole Blood_min": -0.032928671081802974, "pH_min": -0.034017728898477775, "Eosinophils_max": -0.035629569500653886, "Hemoglobin_max": -0.038034252717907405, "Phosphate_min": -0.04334262174663871, "Hemoglobin_min": -0.04662333347956455, "Bilirubin, Total_min": -0.047568258995287355, "Lymphocytes_min": -0.04861914277310126, "Eosinophils_min": -0.05730236868229815, "MCHC_min": -0.07924804510834771, "Albumin_max": -0.08662107337717216, "MCHC_max": -0.0922658111380542, "Calcium, Total_min": -0.10600110631079523, "Bicarbonate_max": -0.1068096678384692, "Temperature_min": -0.12272268642860715, "Albumin_min": -0.12829978167602002}