{"Lactate_min": 0.2447192211529319, "Lactate_max": 0.14711622297699933, "Anion Gap_min": 0.08638458824668671, "PT_min": 0.08488397966347205, "Sodium_max": 0.05686748760599445, "White Blood Cells_min": 0.04076776793230175, "pCO2_max": 0.0345304698268356, "Urea Nitrogen_min": 0.02077695220341302, "Glucose_min": 0.012553424070640933, "PTT_max": 0.0028929671049398764, "Urea Nitrogen_max": 0.002249616433497587, "pO2_min": 0.0020892019954084676, "Lactate Dehydrogenase (LD)_max": 7.85907041613462e-05, "Platelet Count_min": -0.0009190131371264975, "pO2_max": -0.0009281387959620563, "Tidal Volume_min": -0.0014029987475229697, "Platelet Count_max": -0.0019359129260625308, "Osmolality, Measured_max": -0.0025617369624238383, "Base Excess_min": -0.0096994817947811, "Bilirubin, Total_min": -0.029427909425517203, "Albumin_max": -0.0497562460126237, "Lymphocytes_min": -0.06274782425281439, "Bicarbonate_max": -0.08033458891775577, "Temperature_min": -0.24937338213956972, "Albumin_min": -0.9891395457856953}