{"Lactate_min": 0.18988005839263092, "Lactate_max": 0.1377490603515153, "Anion Gap_min": 0.10529429710402391, "Temperature_max": 0.09513192070705558, "Sodium_max": 0.0916978865814324, "Bilirubin, Direct_min": 0.09145966958890277, "PT_min": 0.05809615762377588, "Phosphate_max": 0.055246677996104776, "White Blood Cells_min": 0.04792055787682366, "pCO2_max": 0.032690628269609966, "Urea Nitrogen_min": 0.027608841753914558, "Vancomycin_min": 0.025927794496300623, "RDW_max": 0.020021668787113506, "Base Excess_max": 0.013814071723794499, "Glucose_min": 0.013776653081125467, "PEEP_min": 0.010758642939343107, "PTT_min": 0.009856295530419881, "Oxygen_min": 0.009807077872811697, "Oxygen_max": 0.009732442383643035, "Free Calcium_min": 0.00922683390636201, "Magnesium_min": 0.006610321217727963, "INR(PT)_max": 0.006170095675063988, "Lymphocytes_max": 0.006058343001013351, "Phenytoin_max": 0.005946146142033277, "Osmolality, Measured_max": 0.004649071938745663, "White Blood Cells_max": 0.0029836500251951134, "Neutrophils_max": 0.002535132342852255, "pO2_min": 0.0024494290431560347, "PTT_max": 0.001809260729746964, "Asparate Aminotransferase (AST)_min": 0.0009212254202753057, "Amylase_min": 0.0008321654199778058, "Alveolar-arterial Gradient_max": 0.0007258574227611956, "Lactate Dehydrogenase (LD)_min": 0.000622449657135203, "Platelet Count_min": 0.0005995271476971303, "WBC_max": 0.0005759131325519854, "Creatine Kinase (CK)_min": 7.373151564746536e-05, "Creatine Kinase (CK)_max": -2.519345195022624e-05, "Granulocyte Count_max": -3.488877185498474e-05, "Amylase_max": -0.00018415805801771755, "Glucose_max": -0.00023591549019252528, "WBC_min": -0.0006039553560562539, "Creatinine_max": -0.0006438940900241133, "Neutrophils_min": -0.0009311257161943166, "Tidal Volume_min": -0.0009402371924689592, "Urea Nitrogen_max": -0.0009774188543968997, "Tidal Volume_max": -0.001062608557374524, "Epithelial Cells_max": -0.0011858963369776642, "pO2_max": -0.0011958674760827897, "Lipase_min": -0.0013744847868402941, "Oxygen Saturation_min": -0.0013937363086538772, "Platelet Count_max": -0.0026467374226408153, "PEEP_max": -0.00426361011054746, "Sodium, Urine_min": -0.004698330818106858, "Base Excess_min": -0.008687054990367128, "pCO2_min": -0.009704686005388714, "Calcium, Total_max": -0.010568830520915791, "Chloride_max": -0.012668254989785811, "Potassium_min": -0.01601529702487375, "Chloride_min": -0.017982455314126705, "Bilirubin, Total_max": -0.018585130604619176, "Sodium_min": -0.02002941641572514, "MCHC_min": -0.020236864405937204, "Sodium, Whole Blood_max": -0.02559081927781699, "Calculated Total CO2_min": -0.02592436715806309, "Basophils_min": -0.03157448185529312, "Eosinophils_max": -0.037334966068694055, "Potassium_max": -0.039292056715914916, "Troponin T_max": -0.04848100591053607, "Lymphocytes_min": -0.051440475736730745, "Red Blood Cells_min": -0.051474638241227236, "Potassium, Whole Blood_min": -0.0637614734610557, "Phosphate_min": -0.06661571965274693, "Bicarbonate_max": -0.08968485942541773, "MCHC_max": -0.09631006997479044, "Hemoglobin_min": -0.10853054874115714, "Temperature_min": -0.14785440781565498, "Albumin_max": -0.17979672305628516, "Calcium, Total_min": -0.18568434934956635, "Creatinine_min": -0.24357805566453408, "Albumin_min": -0.3003176021740493}