{"Lactate_max": 0.15111062930809102, "Lactate_min": 0.1384576640207715, "Phenytoin_min": 0.13207974469774716, "Anion Gap_min": 0.09195095691782197, "Sodium_max": 0.0747984470733281, "PT_min": 0.05629604846441473, "Bilirubin, Direct_min": 0.05124087674168406, "Vancomycin_min": 0.05091939110570647, "Bilirubin, Direct_max": 0.03905921839994176, "Myelocytes_max": 0.03494760754806256, "Urea Nitrogen_min": 0.029394431977275124, "pCO2_max": 0.02876395735430796, "Osmolality, Measured_max": 0.02338585736759095, "PEEP_min": 0.023349475606847674, "Metamyelocytes_min": 0.022322763265610543, "Bands_min": 0.02097277453805197, "CK-MB Index_min": 0.020556596461356904, "PTT_min": 0.019756134322715613, "Calculated Total CO2_min": 0.017456233097136713, "White Blood Cells_min": 0.016084615236973274, "INR(PT)_min": 0.01564733327260949, "Oxygen_max": 0.015402826219306087, "Myelocytes_min": 0.015270428747527709, "Glucose_min": 0.015244237593095403, "Metamyelocytes_max": 0.014814133912235078, "Basophils_max": 0.013817847518305334, "Magnesium_max": 0.011856347219549174, "Phosphate_max": 0.010035974058301146, "White Blood Cells_max": 0.009714976682789532, "Atypical Lymphocytes_max": 0.009531149203530846, "Bands_max": 0.008671830336341465, "CK-MB Index_max": 0.008667543879122927, "INR(PT)_max": 0.006799121552883828, "Urobilinogen_min": 0.006523850008387286, "Polys_max": 0.005762019675311315, "Base Excess_max": 0.005055891618778145, "Cortisol_max": 0.004887888026147808, "Alveolar-arterial Gradient_max": 0.0034154595481341054, "Potassium, Urine_max": 0.0031628582739517035, "Epithelial Cells_max": 0.0031003353207226126, "Thyroid Stimulating Hormone_min": 0.0026759155148548875, "Urea Nitrogen_max": 0.0022904888613054703, "Asparate Aminotransferase (AST)_min": 0.002175058933343612, "pO2_min": 0.0020664481155394125, "Polys_min": 0.0019510454038457307, "Sodium, Whole Blood_min": 0.0019453186505042537, "Free Calcium_min": 0.001602274710444453, "Iron_min": 0.001384364139109293, "Iron_max": 0.0010499224608271046, "Osmolality, Urine_max": 0.0009065234900227715, "RBC_max": 0.0007683197783760182, "Amylase_min": 0.0007259290361853596, "WBC_max": 0.0007139867455062649, "Lactate Dehydrogenase (LD)_min": 0.000635856498605277, "Fibrinogen, Functional_min": 0.0006269694326925714, "Cholesterol, HDL_min": 0.0006185832385803297, "Cholesterol Ratio (Total/HDL)_max": 0.0006160486075858698, "Alkaline Phosphatase_max": 0.00032806033055984417, "PT_max": 0.00031068244551105817, "Cholesterol Ratio (Total/HDL)_min": 0.0003013717899024153, "Lactate Dehydrogenase (LD)_max": 0.00012529822785854383, "Urea Nitrogen, Urine_max": 9.639464020622625e-05, "Creatine Kinase (CK)_min": 8.004405292153117e-05, "Asparate Aminotransferase (AST)_max": 7.12872556392625e-05, "WBC_min": 4.3930754194071366e-05, "Ferritin_min": 3.177823355284122e-06, "Ferritin_max": -8.905072469874614e-07, "Creatine Kinase (CK)_max": -2.1155612211011524e-05, "Granulocyte Count_min": -2.3826830189118363e-05, "Granulocyte Count_max": -2.5565533965856465e-05, "O2 Flow_min": -7.013744453456104e-05, "Fibrinogen, Functional_max": -8.377360129127805e-05, "Amylase_max": -0.0002563287310680751, "Alanine Aminotransferase (ALT)_max": -0.0003553150875182806, "Alkaline Phosphatase_min": -0.00035931742386419976, "RBC_min": -0.0004288404931793519, "Alveolar-arterial Gradient_min": -0.0004798124265372435, "Alanine Aminotransferase (ALT)_min": -0.0005463527935512885, "Urea Nitrogen, Urine_min": -0.0006081499012805895, "Lipase_min": -0.0006283181273718345, "Triglycerides_max": -0.0006492448793257783, "Nucleated Red Cells_max": -0.0006715566127512364, "Triglycerides_min": -0.0006963707632770169, "Tidal Volume_min": -0.0007561278893844954, "Protein_min": -0.0009034256335897705, "Tidal Volume_max": -0.0009442880104244533, "Creatinine, Urine_min": -0.0010219702232774975, "Oxygen Saturation_max": -0.0010325829661994778, "Creatine Kinase, MB Isoenzyme_min": -0.0014401887299234132, "O2 Flow_max": -0.0015094050935958502, "Cholesterol, Total_max": -0.0026484333113580686, "Vancomycin_max": -0.0028497085422850626, "Cortisol_min": -0.004453845194328098, "Sodium, Urine_min": -0.006080705963936042, "Chloride, Whole Blood_max": -0.007125125261134125, "Base Excess_min": -0.007573763441529046, "Anion Gap_max": -0.009758134176986948, "PEEP_max": -0.011024864406763799, "Required O2_max": -0.011746673975758171, "pCO2_min": -0.01800304908691849, "Thyroid Stimulating Hormone_max": -0.024970175138128443, "Protein, Total_max": -0.027454951336901668, "Uric Acid_max": -0.02780724962182098, "Phenytoin_max": -0.0284256468598973, "Sodium, Whole Blood_max": -0.0297804936783765, "Osmolality, Measured_min": -0.032666060114820414, "Protein, Total_min": -0.033030723151781044, "Troponin T_min": -0.0385958223560166, "Temperature_max": -0.03978434699197344, "Uric Acid_min": -0.053158519301797866, "Eosinophils_max": -0.05335783453356, "tacroFK_max": -0.053985482188755075, "Epithelial Cells_min": -0.054752119864430814, "Bicarbonate_min": -0.056057842508889115, "Calcium, Total_max": -0.06476250796359267, "Albumin_max": -0.18059077124664918, "Temperature_min": -0.19420069129032344, "Calcium, Total_min": -0.2009401739075805, "Albumin_min": -0.24971568556395216}