{"pH_max": 0.25386446203531016, "Lactate_min": 0.15328887119979656, "Lactate_max": 0.14565406712722334, "Phenytoin_min": 0.11508689958183956, "Anion Gap_min": 0.10453154272558389, "Phosphate_max": 0.08724038624062048, "Sodium_max": 0.07543367323967044, "White Blood Cells_min": 0.05831788659530124, "PT_min": 0.05490853294501901, "Bilirubin, Direct_max": 0.05114689384275186, "Bilirubin, Direct_min": 0.04172728160274192, "RDW_max": 0.03720601670067304, "pCO2_max": 0.03454468856317889, "Myelocytes_max": 0.031589772102633, "MCV_min": 0.027802443435266853, "Urea Nitrogen_min": 0.024125512888861493, "Basophils_max": 0.021777620870966536, "Bands_min": 0.021141862149117105, "Calculated Total CO2_max": 0.02013648969076016, "Osmolality, Measured_max": 0.016524590878549916, "Red Blood Cells_max": 0.015069341224278379, "INR(PT)_min": 0.014317125892315326, "Glucose_min": 0.013554281894910704, "Required O2_max": 0.01329166366235686, "Urobilinogen_max": 0.013227710245730393, "PTT_min": 0.012886033558108584, "CK-MB Index_max": 0.012339663872246182, "Magnesium_max": 0.012315939446810564, "Oxygen_max": 0.009624807966700033, "Oxygen_min": 0.008713547114336868, "Bands_max": 0.007793621436563444, "CK-MB Index_min": 0.007412479915520995, "Neutrophils_min": 0.007073145002063796, "Lymphocytes_max": 0.0056930148681422705, "O2 Flow_min": 0.004685634084711536, "Polys_min": 0.004613133769612977, "Vancomycin_max": 0.004561907877355179, "Epithelial Cells_max": 0.0038775241853855383, "Urea Nitrogen_max": 0.003768836918296527, "Asparate Aminotransferase (AST)_min": 0.0026462390854267753, "pO2_min": 0.0025045226019814225, "Nucleated Red Cells_min": 0.0023500737555348025, "PT_max": 0.0022874049615231357, "PTT_max": 0.0020509385331719918, "Free Calcium_min": 0.0016608661956444472, "Sodium, Whole Blood_min": 0.0016453823443724938, "Iron_min": 0.0010483099465532616, "Cortisol_min": 0.0007953963436854682, "Specific Gravity_max": 0.0007028818307269335, "Calcium, Total_max": 0.0007009188982493834, "Fibrinogen, Functional_min": 0.0006572756711969569, "Lactate Dehydrogenase (LD)_min": 0.0004733152148787359, "WBC_min": 0.0003439504407146394, "Specific Gravity_min": 0.000339685021100871, "RBC_max": 0.0002788210768790901, "RBC_min": 0.0001754306194069806, "Osmolality, Urine_min": 0.00012206162927507653, "Lactate Dehydrogenase (LD)_max": 9.42525629156888e-05, "Granulocyte Count_max": 9.218455130243222e-06, "Creatine Kinase (CK)_max": -1.2853735901732943e-05, "Granulocyte Count_min": -5.390859631985524e-05, "Glucose_max": -0.00013812792000100302, "Alanine Aminotransferase (ALT)_max": -0.00015991289795485832, "Protein_max": -0.00031876545428844984, "Oxygen Saturation_min": -0.0003314417980260595, "Platelet Count_min": -0.00036181401371809466, "Alkaline Phosphatase_min": -0.0004295340684510661, "Alveolar-arterial Gradient_min": -0.0005130669638144851, "Lipase_min": -0.0005247866062893382, "pO2_max": -0.0006571070969670337, "Alveolar-arterial Gradient_max": -0.0006683247354635813, "Tidal Volume_min": -0.0007771352283971398, "Creatinine, Urine_min": -0.0008441487774015414, "O2 Flow_max": -0.0008970469836695943, "Tidal Volume_max": -0.0009599420142724127, "White Blood Cells_max": -0.0011167500090120096, "Alanine Aminotransferase (ALT)_min": -0.0014088826368487562, "Nucleated Red Cells_max": -0.0015272598506854806, "Neutrophils_max": -0.0016369854185822525, "Sodium, Urine_max": -0.0020444609374622304, "Platelet Count_max": -0.0023017672229196035, "Sodium_min": -0.0031558573649454057, "Hematocrit_min": -0.005006664017325475, "Anion Gap_max": -0.005318016038811281, "Chloride, Whole Blood_min": -0.005786417527706275, "Potassium_min": -0.007681283132206302, "Base Excess_min": -0.007919063296318793, "Bilirubin, Total_max": -0.008183415737854907, "Chloride, Whole Blood_max": -0.009324588196683695, "Chloride_max": -0.013575606320627974, "Sodium, Whole Blood_max": -0.014914873627429633, "Osmolality, Measured_min": -0.018511081321246417, "pCO2_min": -0.0186917129100658, "Phenytoin_max": -0.019232724950722705, "RDW_min": -0.019268305205688865, "Chloride_min": -0.020983510272839737, "Free Calcium_max": -0.021707760154237546, "Eosinophils_max": -0.022385021633712896, "Troponin T_min": -0.0266868630445111, "Troponin T_max": -0.028992343486233262, "Bicarbonate_min": -0.03183877744353568, "Phosphate_min": -0.036843168645139555, "MCH_max": -0.03701669738252833, "Bilirubin, Total_min": -0.04221273844657171, "Lymphocytes_min": -0.04373562186752366, "MCHC_max": -0.04814460121373027, "% Hemoglobin A1c_min": -0.056139416745390476, "Bilirubin, Indirect_max": -0.056593833908932994, "Hemoglobin_max": -0.058892443072026374, "MCHC_min": -0.059852603824408226, "Hemoglobin_min": -0.0627119352881872, "Eosinophils_min": -0.07212841627460681, "Bicarbonate_max": -0.09562814336732686, "Creatinine_min": -0.11378299525184209, "Temperature_min": -0.13371319790573752, "Albumin_max": -0.13715366531675385, "Creatinine_max": -0.14062656967756842, "Potassium, Whole Blood_max": -0.150657121829461, "Calcium, Total_min": -0.15073447482368285, "Albumin_min": -0.22361360451595505}