{"Lactate_max": 0.18798801392223866, "pH_max": 0.1817551704474511, "Lactate_min": 0.12146024472142088, "Phenytoin_min": 0.09651557000290938, "Anion Gap_min": 0.09225512281296966, "Sodium_max": 0.08637926215961539, "Phosphate_max": 0.05620337472266956, "Bilirubin, Direct_max": 0.05314119936015528, "Bilirubin, Direct_min": 0.05112119148049517, "PT_min": 0.046209276241113866, "White Blood Cells_min": 0.04539121235973026, "Atypical Lymphocytes_max": 0.04088895204286075, "pCO2_max": 0.03839276491190959, "RDW_max": 0.03391176583273998, "Urea Nitrogen_min": 0.026793586342222807, "MCV_min": 0.02485670827553371, "CK-MB Index_max": 0.024384657008700177, "Required O2_min": 0.021967940232293995, "MCH_min": 0.021375401412621616, "Vancomycin_min": 0.020043391069232936, "Red Blood Cells_max": 0.017650748820985062, "Temperature_max": 0.0156725971296767, "Base Excess_max": 0.014809484552327194, "Glucose_min": 0.01479430455830502, "PTT_min": 0.013577203664668745, "PEEP_min": 0.013147769877327155, "INR(PT)_min": 0.010459460833011018, "Oxygen_max": 0.009629307137901218, "Oxygen_min": 0.009302428994309648, "Bands_max": 0.008881373980596593, "INR(PT)_max": 0.008389497520078913, "Bands_min": 0.007887897987727198, "Sodium, Whole Blood_min": 0.00706887992589519, "Cholesterol, HDL_min": 0.006332021770870444, "Neutrophils_min": 0.005992986557617339, "Osmolality, Measured_max": 0.005002793527496837, "Atypical Lymphocytes_min": 0.004788153000898509, "Required O2_max": 0.004730591506901526, "Polys_min": 0.004097609328714459, "Magnesium_min": 0.003954284603626643, "Lymphocytes_max": 0.0035448393753206796, "Vancomycin_max": 0.0029755567040131202, "pO2_min": 0.0028279183710950783, "Epithelial Cells_max": 0.0028210846332261323, "Iron_min": 0.0026892863948803055, "Creatinine, Urine_max": 0.002379276654266755, "PTT_max": 0.001969917100978269, "Amylase_min": 0.0013371289248489985, "Monocytes_max": 0.0012578794991365539, "White Blood Cells_max": 0.0012408850379953848, "Asparate Aminotransferase (AST)_min": 0.0011821035302567748, "Alveolar-arterial Gradient_max": 0.001181567491744758, "Osmolality, Urine_max": 0.0011404915032199095, "Lactate Dehydrogenase (LD)_min": 0.0005874804536487361, "Fibrinogen, Functional_min": 0.00039955213190951495, "Free Calcium_min": 0.00038702125802380277, "Urea Nitrogen, Urine_max": 0.00024945854121691025, "WBC_max": 0.00018626719589705506, "Alkaline Phosphatase_max": 0.00017852944493569397, "Creatine Kinase (CK)_min": 0.00010434540681400917, "Oxygen Saturation_min": 8.504497483363993e-05, "Lactate Dehydrogenase (LD)_max": 7.229782176656571e-05, "Osmolality, Urine_min": 6.816520015889075e-05, "Platelet Count_min": 6.711593180557291e-05, "RBC_min": 5.8816325054963795e-05, "Ferritin_min": 5.794037673008109e-06, "Lipase_max": 3.488408415074672e-06, "Granulocyte Count_max": -1.3016506342782673e-06, "Creatine Kinase (CK)_max": -1.427127379387555e-05, "Specific Gravity_max": -2.7642460226593303e-05, "WBC_min": -4.5452095887364595e-05, "Asparate Aminotransferase (AST)_max": -7.615115211642251e-05, "Vitamin B12_min": -0.00018722316800586926, "Glucose_max": -0.0002285546980247449, "Cortisol_min": -0.00031276450958326685, "Hematocrit, Calculated_max": -0.0003411431220113137, "Specific Gravity_min": -0.00042684930621236116, "Amylase_max": -0.0004310257194811921, "Triglycerides_max": -0.0004612901002965241, "Oxygen Saturation_max": -0.000558399346199549, "Alkaline Phosphatase_min": -0.0005705577662063282, "Lipase_min": -0.0006892468099300573, "Tidal Volume_min": -0.0007248265764045583, "Urea Nitrogen_max": -0.0007358836244989621, "Urea Nitrogen, Urine_min": -0.0007849851098102784, "pO2_max": -0.0010157377535063824, "Creatine Kinase, MB Isoenzyme_max": -0.0010858731352263835, "Tidal Volume_max": -0.001091504477546093, "Iron_max": -0.002006825508851419, "Sodium, Urine_min": -0.0020641668949023377, "Platelet Count_max": -0.0021828849541208027, "Sodium, Urine_max": -0.0027874655070452173, "Creatinine, Urine_min": -0.003300106419137845, "Neutrophils_max": -0.0037724345583459965, "Alveolar-arterial Gradient_min": -0.003800052472833193, "Transferrin_min": -0.004504407250608795, "Thyroid Stimulating Hormone_min": -0.005046329486839675, "Bilirubin, Total_max": -0.005238641512442648, "Cholesterol Ratio (Total/HDL)_max": -0.005740564661782471, "Hematocrit_min": -0.0059202465171708405, "Creatinine_max": -0.006036461128116093, "Hematocrit_max": -0.006382354914288836, "PEEP_max": -0.006740489430282682, "Calcium, Total_max": -0.006759194481084053, "Phenytoin_max": -0.007608946702778594, "Chloride, Whole Blood_min": -0.008046005221320757, "Free Calcium_max": -0.011219205302573898, "Base Excess_min": -0.01179434257853054, "Thyroid Stimulating Hormone_max": -0.011883502810760421, "Basophils_min": -0.012539144716347875, "Red Blood Cells_min": -0.01286075826771287, "Chloride_max": -0.014114543519917701, "Sodium_min": -0.01556264795675849, "Chloride_min": -0.017191420611126853, "pCO2_min": -0.017271695096577777, "Anion Gap_max": -0.018615123443278894, "MCV_max": -0.019112444424143896, "pH_min": -0.01982633243932359, "Potassium_min": -0.020682385394751965, "Hemoglobin_max": -0.02369225501440681, "Bicarbonate_min": -0.025949337188230556, "Troponin T_max": -0.02679793662275047, "Sodium, Whole Blood_max": -0.027403434474896526, "Eosinophils_max": -0.03840840505666285, "Bilirubin, Total_min": -0.03900005174930774, "Lymphocytes_min": -0.04280878351162733, "Monocytes_min": -0.042823000915685576, "Eosinophils_min": -0.048352080302966984, "Phosphate_min": -0.04966299672933921, "Hemoglobin_min": -0.06290359699960624, "Bilirubin, Indirect_max": -0.06886495085030009, "MCHC_min": -0.0813083290914131, "MCHC_max": -0.08417315645210816, "Albumin_max": -0.10139656651263056, "Bicarbonate_max": -0.10166211599747162, "Calcium, Total_min": -0.10929931325739999, "Potassium, Whole Blood_max": -0.12417703352705146, "Temperature_min": -0.1297030423983196, "Creatinine_min": -0.14748892902033522, "Albumin_min": -0.150270209504659}