{"pH_max": 0.3245773736891875, "Lactate_min": 0.16643249968823753, "Lactate_max": 0.1323371458141397, "Anion Gap_min": 0.07848957402901544, "Sodium_max": 0.07292257223218243, "MCH_min": 0.06934116134370531, "Temperature_max": 0.06677283870971341, "PT_min": 0.05923864958835443, "RDW_max": 0.05135652084193512, "Phosphate_max": 0.04893160424854472, "Red Blood Cells_max": 0.04570750840526026, "White Blood Cells_min": 0.03981586123689023, "pCO2_max": 0.035463157201165434, "Vancomycin_min": 0.02562206333663668, "Urea Nitrogen_min": 0.02411675176328482, "Bilirubin, Total_max": 0.017798846447611944, "Osmolality, Measured_max": 0.017724942508666106, "Magnesium_max": 0.014540410345349699, "Glucose_min": 0.01381691391616018, "Oxygen_max": 0.013170698710162729, "PTT_min": 0.013152865675647196, "INR(PT)_min": 0.011543949765131472, "Magnesium_min": 0.00947325985015964, "MCV_min": 0.005240421373147799, "Free Calcium_min": 0.002900152440396748, "Polys_min": 0.0028961247047784035, "White Blood Cells_max": 0.0025717931325577254, "pO2_min": 0.0023725505229026246, "MCV_max": 0.0022563007056774203, "PTT_max": 0.001996030894112272, "Lymphocytes_max": 0.001848404005393706, "Asparate Aminotransferase (AST)_min": 0.0014485620389068801, "Specific Gravity_max": 0.0011951481318762897, "Sodium, Urine_max": 0.0011656859257707826, "Alveolar-arterial Gradient_max": 0.0011589940066839997, "O2 Flow_max": 0.0010245549426057072, "PT_max": 0.0008118092952815971, "Osmolality, Urine_max": 0.0008053704490436612, "Monocytes_max": 0.0005407647517634098, "Lactate Dehydrogenase (LD)_min": 0.0005175998513847045, "Fibrinogen, Functional_min": 0.0004323642006327437, "Alkaline Phosphatase_max": 0.0002100195980018137, "Creatinine, Urine_max": 0.00014882975486814773, "Creatine Kinase (CK)_min": 0.00013149121831067208, "Lactate Dehydrogenase (LD)_max": 0.00011556381397875555, "WBC_min": 7.944391463034353e-05, "Osmolality, Urine_min": 3.728490589488004e-05, "Granulocyte Count_max": -5.7716903251447805e-06, "Creatine Kinase (CK)_max": -2.3262608963053285e-05, "Alveolar-arterial Gradient_min": -9.644541832339784e-05, "Neutrophils_min": -0.00012954701433168765, "Platelet Count_min": -0.00020706394116441786, "Alanine Aminotransferase (ALT)_max": -0.00023119435527829864, "Glucose_max": -0.00024880970452865683, "Potassium_max": -0.00027081146119685087, "Urea Nitrogen, Urine_max": -0.0003075436071070156, "Tidal Volume_min": -0.00032953842648064674, "pO2_max": -0.0005316486452460424, "Alkaline Phosphatase_min": -0.0005913569242061234, "Epithelial Cells_max": -0.0009055447596542324, "Urea Nitrogen_max": -0.0009811576885738588, "Creatine Kinase, MB Isoenzyme_max": -0.0012252566654049942, "Tidal Volume_max": -0.0012354549827487736, "Oxygen Saturation_min": -0.0013287613342115082, "Platelet Count_max": -0.002337420680845588, "Base Excess_min": -0.004943699156086379, "Neutrophils_max": -0.0056125861483838834, "Chloride_max": -0.006871694265074403, "Sodium, Urine_min": -0.0077611012747616686, "Creatinine_max": -0.009972854813263049, "pCO2_min": -0.012750523898958761, "Troponin T_max": -0.015203369998205544, "Thyroid Stimulating Hormone_max": -0.016667420430055962, "Free Calcium_max": -0.017358072117267427, "Osmolality, Measured_min": -0.019641791892607903, "Sodium, Whole Blood_min": -0.021693478891200796, "Potassium_min": -0.02292066412069111, "Chloride_min": -0.02296170779236778, "Monocytes_min": -0.024742010295899553, "MCHC_max": -0.029285668160719033, "Calcium, Total_max": -0.029850251591269444, "Bicarbonate_min": -0.03055026739636997, "Eosinophils_max": -0.030798742527500478, "RDW_min": -0.03232493692330868, "Hematocrit_max": -0.03297136835273211, "Potassium, Whole Blood_min": -0.049210674365595834, "Bilirubin, Total_min": -0.05130313836963765, "Lymphocytes_min": -0.05219374323139116, "Uric Acid_max": -0.05587445389894583, "MCH_max": -0.07254780792649515, "Red Blood Cells_min": -0.07415478328814618, "Phosphate_min": -0.07734045847261235, "pH_min": -0.08126636066978594, "MCHC_min": -0.08612950370753457, "Eosinophils_min": -0.08874443700538587, "Bicarbonate_max": -0.08994877266418078, "Temperature_min": -0.14873583526487497, "Albumin_max": -0.17446618346955778, "Potassium, Whole Blood_max": -0.21210388393345384, "Albumin_min": -0.2816765968399547}