{"pH_max": 0.20909120344741122, "Lactate_max": 0.16387597821315883, "Lactate_min": 0.13639077923314816, "Phenytoin_min": 0.09153996429235571, "Sodium_max": 0.09067412372490025, "Anion Gap_min": 0.06231598286893498, "PT_min": 0.05369562610983291, "White Blood Cells_min": 0.051100749770707374, "Phosphate_max": 0.04218515925328004, "RDW_max": 0.03902956720133488, "pCO2_max": 0.03410143083726446, "Calculated Total CO2_max": 0.032514796656397914, "Bilirubin, Total_max": 0.031113733478251714, "MCV_min": 0.024593517411920115, "Urea Nitrogen_min": 0.022761443093285448, "Glucose_min": 0.013128827495983347, "INR(PT)_min": 0.01097750706745024, "Oxygen_min": 0.009512674456289888, "Oxygen_max": 0.009231933915936527, "PTT_min": 0.00875757703638325, "PEEP_min": 0.007696281090790166, "Osmolality, Measured_max": 0.00409025526371998, "Polys_max": 0.0034688698642844945, "pO2_min": 0.002493483727104608, "PTT_max": 0.0024171586886981376, "O2 Flow_max": 0.001786910866530054, "Asparate Aminotransferase (AST)_min": 0.001210060636432029, "Osmolality, Urine_max": 0.0011521953691507481, "Free Calcium_min": 0.0008636561845113028, "Alveolar-arterial Gradient_max": 0.0007921225284290386, "Nucleated Red Cells_min": 0.00034957072996950504, "Fibrinogen, Functional_max": 0.00032199374735034645, "White Blood Cells_max": 0.00018132470225647773, "Lactate Dehydrogenase (LD)_max": 0.00016214174451346675, "Creatine Kinase (CK)_min": 6.771106308822489e-05, "Lipase_max": 2.8257346637675367e-06, "Creatine Kinase (CK)_max": -1.0450716476993296e-05, "Asparate Aminotransferase (AST)_max": -0.00012368075446297057, "Glucose_max": -0.0001485292602576995, "Platelet Count_min": -0.00034686804059544683, "Osmolality, Urine_min": -0.00078107841843589, "Specific Gravity_min": -0.0008545263315093013, "Tidal Volume_max": -0.0008753594747346765, "Tidal Volume_min": -0.0009588452085096857, "pO2_max": -0.0010723107192206075, "Urea Nitrogen_max": -0.0010812884648520725, "Oxygen Saturation_max": -0.0012056435550220179, "Base Excess_min": -0.0017126236405885413, "Platelet Count_max": -0.002144416649993944, "Magnesium_min": -0.0029523023474461833, "Sodium, Urine_max": -0.0030397301346547384, "Neutrophils_min": -0.004018807571297819, "Chloride, Whole Blood_min": -0.0072198605398936175, "Creatinine_max": -0.009136508535270418, "Chloride_max": -0.010075276669536854, "pCO2_min": -0.014666386335720663, "Free Calcium_max": -0.020615894238625948, "Red Blood Cells_max": -0.021860301657417945, "Calcium, Total_max": -0.022420698690539937, "Sodium, Whole Blood_max": -0.023788795872379444, "Troponin T_max": -0.026854185585778775, "Calculated Total CO2_min": -0.02909351355505884, "Potassium_min": -0.030930198504013053, "Anion Gap_max": -0.030973533311937494, "RDW_min": -0.033401599223842456, "Chloride_min": -0.03695614096917061, "Bicarbonate_min": -0.03864299952778293, "pH_min": -0.049248663431090224, "Eosinophils_max": -0.053467812999460906, "Bilirubin, Total_min": -0.0536036481405608, "Lymphocytes_min": -0.05702614743696191, "MCH_max": -0.05913095936571725, "Phosphate_min": -0.06150122669723825, "Red Blood Cells_min": -0.07307770298777529, "MCHC_min": -0.08492564712509518, "Hemoglobin_max": -0.11702007632282413, "Bicarbonate_max": -0.12384512888612154, "Temperature_min": -0.12529157214315484, "Albumin_max": -0.12752886486383463, "Albumin_min": -0.18923787871889658}