{"pH_max": 0.5440820919008958, "Lactate_min": 0.22077074933254118, "Temperature_max": 0.17984474269163084, "Lactate_max": 0.13667964937384927, "Anion Gap_min": 0.11397592796618553, "MCH_min": 0.10336682761363085, "Sodium_max": 0.07147711117974662, "Bilirubin, Direct_max": 0.06359881048937464, "PT_min": 0.06070928544527077, "Phosphate_max": 0.05997664480524929, "Magnesium_max": 0.04457146233253299, "Atypical Lymphocytes_max": 0.04351368084441103, "White Blood Cells_min": 0.04324885476221261, "pCO2_max": 0.03675360569222583, "Urea Nitrogen_min": 0.03521263091287948, "RDW_min": 0.02581973187243551, "INR(PT)_min": 0.024805764900910365, "Glucose_min": 0.012956078300388444, "Oxygen_min": 0.011613333174891497, "PTT_min": 0.009623868097077484, "Oxygen_max": 0.0067910186750841815, "Phenytoin_max": 0.005434427656488323, "Free Calcium_min": 0.004885762464128543, "Lymphocytes_max": 0.0029817169275307446, "PT_max": 0.0018169645263954933, "Neutrophils_min": 0.00168183444563712, "pO2_min": 0.001666800154649465, "PTT_max": 0.0015217674024176227, "Specific Gravity_max": 0.0011992011268885311, "Asparate Aminotransferase (AST)_min": 0.0011106428222752416, "Osmolality, Measured_max": 0.0010120846809241997, "White Blood Cells_max": 0.00034199795465442173, "Creatine Kinase (CK)_min": 7.108813115254456e-05, "Lipase_max": 1.973949360241044e-06, "Alkaline Phosphatase_max": -2.738520696495522e-05, "Alkaline Phosphatase_min": -0.00021598043997391646, "Glucose_max": -0.0003127111241237805, "pO2_max": -0.0003861060883266489, "Platelet Count_min": -0.00059308822106368, "Triglycerides_max": -0.0007478535345853799, "Tidal Volume_min": -0.0007839570706827762, "Tidal Volume_max": -0.0008558790565661649, "Bicarbonate_min": -0.0013007518282084321, "Creatine Kinase, MB Isoenzyme_max": -0.0014540839781476999, "Base Excess_min": -0.0022099619097594946, "Platelet Count_max": -0.0025520476675207444, "pCO2_min": -0.003684246053459595, "Calcium, Total_max": -0.0037395269681025126, "PEEP_max": -0.004904742691705979, "Potassium_max": -0.005586257550982312, "MCV_min": -0.00729618811425899, "Chloride_min": -0.00990140831356543, "Chloride_max": -0.013380335308633562, "Eosinophils_max": -0.023805152318983534, "Calculated Total CO2_min": -0.03335088391533412, "Sodium_min": -0.03540808822177423, "Potassium_min": -0.03831119628676575, "Lymphocytes_min": -0.05111933916783931, "Bilirubin, Total_min": -0.06075224259109754, "MCHC_max": -0.06097620045495997, "Phosphate_min": -0.07553704707071396, "MCH_max": -0.08351155844459102, "Bicarbonate_max": -0.09920478449188637, "Eosinophils_min": -0.10637810844073664, "MCHC_min": -0.13445981876128754, "Temperature_min": -0.22316006914219283, "Potassium, Whole Blood_max": -0.29880827198968163, "Albumin_max": -0.3352624261122047, "Creatinine_min": -0.3651215378397939, "Albumin_min": -0.5418327694512545}