{"pH_max": 0.39232301504532546, "Lactate_min": 0.18464213111983396, "Phenytoin_min": 0.1520101627097612, "Anion Gap_min": 0.10286438156379205, "Phosphate_max": 0.09655352648474168, "Lactate_max": 0.09373850506103343, "RDW_max": 0.07145655328444425, "MCH_min": 0.06420568828640917, "Sodium_max": 0.05422926590686678, "PT_min": 0.0502388911261529, "White Blood Cells_min": 0.048415756110338874, "Urobilinogen_max": 0.03918190056802168, "Basophils_max": 0.03879603768931179, "pCO2_max": 0.036104216452568554, "Magnesium_max": 0.03549279354503393, "Hematocrit, Calculated_min": 0.035028048572399925, "Myelocytes_max": 0.034805787929387405, "Vancomycin_min": 0.032653957344146424, "Urea Nitrogen_min": 0.028180484220972545, "Base Excess_max": 0.02602009161751985, "Hematocrit_min": 0.019865298894245674, "Anion Gap_max": 0.01662348471519893, "Glucose_min": 0.013467291597887768, "INR(PT)_min": 0.013265149865780621, "PTT_min": 0.012925775928732739, "Osmolality, Measured_max": 0.01273789151810634, "Bands_max": 0.011201460392626157, "Oxygen_max": 0.009535004469304704, "Neutrophils_min": 0.008590105989345854, "Oxygen_min": 0.007870756376155844, "PEEP_min": 0.007628701988257389, "Thyroid Stimulating Hormone_min": 0.0074921250996496545, "MCV_max": 0.007176376761666652, "Chloride_max": 0.0055335431680685, "Free Calcium_min": 0.005016896122408359, "MCV_min": 0.004570646798136315, "Potassium, Urine_min": 0.00444188361204207, "Polys_max": 0.00399900391641682, "Lymphocytes_max": 0.00387535958461603, "Urea Nitrogen_max": 0.0031154778444579347, "Asparate Aminotransferase (AST)_min": 0.002782579557372886, "Cortisol_min": 0.0027115336769469056, "pO2_min": 0.002581849587552179, "PT_max": 0.0016069542104109576, "PTT_max": 0.0014092395825278192, "Vancomycin_max": 0.0013281921431007283, "Osmolality, Urine_max": 0.0013017731359094634, "Nucleated Red Cells_min": 0.001072828374447575, "Specific Gravity_max": 0.0009863590046639552, "Epithelial Cells_max": 0.000910826766468162, "Alveolar-arterial Gradient_max": 0.0008410834229249223, "Fibrinogen, Functional_min": 0.0005980743322903552, "Platelet Count_min": 0.0005628658838645396, "Lactate Dehydrogenase (LD)_min": 0.0005492860342759091, "WBC_max": 0.0003748288802562405, "RBC_min": 0.00036797972088723613, "Specific Gravity_min": 0.0001871452203816826, "RBC_max": 0.00015024878558080078, "Alkaline Phosphatase_max": 0.0001472027791360687, "Creatine Kinase (CK)_min": 8.075475811159224e-05, "Lactate Dehydrogenase (LD)_max": 8.016765712506829e-05, "Lipase_max": 2.7225006297404006e-06, "Creatine Kinase (CK)_max": -1.7680437012710108e-05, "Asparate Aminotransferase (AST)_max": -3.358650771349868e-05, "Glucose_max": -0.0001358773492963996, "Vitamin B12_max": -0.00016907914753012452, "Amylase_max": -0.00022178025974596967, "Fibrinogen, Functional_max": -0.0002666184741597786, "Tidal Volume_min": -0.0003607300976175333, "Alkaline Phosphatase_min": -0.0004864546001450537, "pO2_max": -0.0005752189400265791, "Urea Nitrogen, Urine_min": -0.0007152943491877305, "Monocytes_max": -0.0008474096881622272, "Lipase_min": -0.0008534532130912984, "White Blood Cells_max": -0.0009488883098107929, "Tidal Volume_max": -0.0009651716011722369, "Creatinine, Urine_min": -0.0009859636316284736, "Creatine Kinase, MB Isoenzyme_max": -0.0013858336948612369, "Sodium, Urine_max": -0.0015430805275322295, "Alanine Aminotransferase (ALT)_min": -0.0016308733055022593, "Platelet Count_max": -0.0025838151766724546, "Sodium, Urine_min": -0.003925105279125757, "Oxygen Saturation_min": -0.0040132521583975764, "Hematocrit_max": -0.005222518304996209, "Chloride, Whole Blood_min": -0.0054190284947599485, "pCO2_min": -0.007182481873840352, "Chloride_min": -0.00731952485358065, "Neutrophils_max": -0.008847458558145324, "Calcium, Total_max": -0.009535157758433938, "Osmolality, Measured_min": -0.010408423442738495, "Calculated Total CO2_min": -0.014008201088198263, "Potassium_max": -0.014017357236062795, "Sodium_min": -0.014853940013873725, "Monocytes_min": -0.016102164955057275, "Sodium, Whole Blood_min": -0.01687860909002532, "Free Calcium_max": -0.01707565700359464, "Thyroid Stimulating Hormone_max": -0.021095774832570923, "Bilirubin, Total_min": -0.02161552408771591, "Base Excess_min": -0.02663457198479342, "Eosinophils_max": -0.028700306702489662, "Red Blood Cells_min": -0.030234909596596356, "RDW_min": -0.03487284302694026, "Potassium_min": -0.03605175104289308, "Phenytoin_max": -0.04477907680999646, "Lymphocytes_min": -0.04995049654646199, "Hemoglobin_max": -0.054452993998573535, "Potassium, Whole Blood_min": -0.05838582744096238, "Phosphate_min": -0.07205460110252002, "MCHC_max": -0.07276019875589107, "MCH_max": -0.07350470784814991, "Bicarbonate_max": -0.08304752118882933, "Creatinine_max": -0.0879971221540208, "Uric Acid_min": -0.1324281296166967, "Hemoglobin_min": -0.13833529928869695, "Temperature_min": -0.17458141613531045, "Creatinine_min": -0.17664422372861086, "Calcium, Total_min": -0.2029194467157167, "Potassium, Whole Blood_max": -0.2288547021518099, "Albumin_max": -0.2319052599562286, "Albumin_min": -0.3563798553918363}