{"pH_max": 0.5385327766289673, "Lactate_min": 0.2064962666952346, "Lactate_max": 0.14119180590981034, "Temperature_max": 0.09038508931363104, "Sodium_max": 0.07281204368103725, "PT_min": 0.056101864385402885, "White Blood Cells_min": 0.05260361429460902, "Anion Gap_min": 0.051123613737163995, "pCO2_max": 0.035280573737914364, "Urea Nitrogen_min": 0.021145107808957668, "Glucose_min": 0.013845993442026132, "Oxygen_max": 0.012237544500674434, "INR(PT)_min": 0.011973466018947712, "Bilirubin, Total_max": 0.007386322361593624, "PTT_min": 0.006970417925736199, "Phenytoin_max": 0.006965053118081068, "Lymphocytes_max": 0.0051115608036029336, "Phosphate_max": 0.003871288065761867, "PT_max": 0.002928091304818131, "pO2_min": 0.002313340244199359, "PTT_max": 0.0018756762278886864, "Asparate Aminotransferase (AST)_min": 0.0007082688238059737, "Lactate Dehydrogenase (LD)_min": 0.0006855111943758702, "Urea Nitrogen_max": 0.0005120753115484413, "WBC_max": 0.0004530005540865138, "Amylase_min": 0.00013436483514722808, "Osmolality, Measured_max": 7.978022802620108e-05, "Lactate Dehydrogenase (LD)_max": 3.051018667517939e-05, "Lipase_max": 2.525163696560775e-06, "Platelet Count_min": 1.3030082250653657e-06, "pO2_max": -0.0009700195444828386, "Tidal Volume_min": -0.0012278083005531882, "Oxygen Saturation_min": -0.0016146645217314886, "Platelet Count_max": -0.002596448072710556, "Base Excess_min": -0.005617258998650377, "Creatinine_max": -0.012731035133202243, "pCO2_min": -0.01692474007045486, "Hematocrit_min": -0.018863212262350375, "Hematocrit_max": -0.021224931949121287, "Monocytes_min": -0.03715115763268761, "Potassium_max": -0.039020942599431827, "Chloride_min": -0.04178209750342983, "Lymphocytes_min": -0.05612991599627185, "Eosinophils_max": -0.06022843311062224, "Red Blood Cells_min": -0.10428122255394763, "Bicarbonate_max": -0.11651909245308183, "MCHC_max": -0.1627577525603148, "Temperature_min": -0.20390863949423152, "Albumin_max": -0.2682010550163545, "Albumin_min": -0.5713967676734013}