{"pH_max": 0.6181274030161389, "Lactate_min": 0.2130844786771485, "Lactate_max": 0.14051179150893978, "Red Blood Cells_max": 0.12104799868069427, "Anion Gap_min": 0.11892858321011793, "Phenytoin_min": 0.10254132386410865, "Temperature_max": 0.10189859163349196, "INR(PT)_min": 0.0864170716783602, "Phosphate_max": 0.05490142347530038, "Sodium_max": 0.05406391152089975, "PT_min": 0.04760227378385324, "pCO2_max": 0.0377558588627935, "White Blood Cells_min": 0.0375498832350311, "Urea Nitrogen_min": 0.029953852008764856, "Free Calcium_min": 0.029541528377970108, "RDW_max": 0.02172971904199343, "Vancomycin_min": 0.02069899874901139, "Glucose_min": 0.013326806709917538, "RDW_min": 0.011254466774108463, "PTT_min": 0.010353055831478424, "Oxygen_min": 0.009344183821098943, "Oxygen_max": 0.00888067914275244, "MCV_max": 0.008759448771556686, "Bilirubin, Total_max": 0.005533062862913882, "PT_max": 0.004050907842709867, "Nucleated Red Cells_min": 0.003539574836700786, "White Blood Cells_max": 0.002359284817826143, "Creatine Kinase, MB Isoenzyme_min": 0.0020630992024732475, "Asparate Aminotransferase (AST)_min": 0.0018444019592072313, "Urea Nitrogen_max": 0.0016916831039632595, "PTT_max": 0.001556368822420703, "pO2_min": 0.0011647280244085894, "Lactate Dehydrogenase (LD)_min": 0.0007467206971644198, "Platelet Count_min": 0.0005730054572355331, "Asparate Aminotransferase (AST)_max": 8.40497227202319e-05, "Creatine Kinase (CK)_min": 2.7731766769871855e-05, "Urea Nitrogen, Urine_max": -0.00016722110704813165, "Osmolality, Measured_max": -0.0001912959892351269, "Alanine Aminotransferase (ALT)_max": -0.00022476521789023692, "Alkaline Phosphatase_min": -0.00036034310032024674, "Tidal Volume_min": -0.0006206716108583308, "pO2_max": -0.0007497002144050468, "Alanine Aminotransferase (ALT)_min": -0.0009401099459149921, "Neutrophils_max": -0.000980624269818556, "Tidal Volume_max": -0.0011895084524783763, "Neutrophils_min": -0.0016118506017648775, "Sodium, Urine_max": -0.0021898243342658493, "Creatine Kinase, MB Isoenzyme_max": -0.0024065542637706078, "Platelet Count_max": -0.002417900972064829, "Ketone_max": -0.002809746082370728, "Oxygen Saturation_min": -0.0029514793934472955, "Troponin T_max": -0.00395649302339656, "Monocytes_max": -0.004173217698886831, "Base Excess_min": -0.005946939484428143, "pCO2_min": -0.007307933305931649, "Specific Gravity_max": -0.00744501955185655, "Specific Gravity_min": -0.011290054666877634, "Creatinine_max": -0.013419030827539246, "Bicarbonate_min": -0.03154356942426284, "Sodium, Whole Blood_max": -0.03583558715885869, "Bilirubin, Total_min": -0.0468017684426779, "Hematocrit_max": -0.05091303381883222, "Lymphocytes_min": -0.05595823959130585, "Eosinophils_max": -0.0565935710429678, "Phosphate_min": -0.06254639822266048, "Bicarbonate_max": -0.07389814431172446, "Potassium, Whole Blood_max": -0.26056586830195194, "Creatinine_min": -0.26765955607519165, "Temperature_min": -0.34883346197815746, "Albumin_min": -0.9103498529690471}