{"pH_max": 0.29347646992964177, "Lactate_min": 0.1755845327631991, "Lactate_max": 0.1526647038536895, "Phenytoin_min": 0.1132920233998481, "MCH_min": 0.10644071029104647, "Anion Gap_min": 0.08581146718968094, "Sodium_max": 0.08306295225268286, "PT_min": 0.05920355483929581, "Phosphate_max": 0.05779948190674867, "Bilirubin, Direct_max": 0.05667890437973465, "White Blood Cells_min": 0.05248644403225011, "CK-MB Index_min": 0.04244164858879686, "pCO2_max": 0.03567443145202284, "Hematocrit, Calculated_min": 0.0337205538424765, "Atypical Lymphocytes_max": 0.033219138529146305, "RDW_max": 0.03164304193262318, "Vancomycin_min": 0.03022789115977455, "Basophils_max": 0.027935854883814032, "Metamyelocytes_max": 0.02409415788286352, "Urea Nitrogen_min": 0.02194541426429081, "Magnesium_max": 0.02014561136684739, "Magnesium_min": 0.01840611797275048, "Red Blood Cells_max": 0.018138486667914875, "Hematocrit_min": 0.018103894373816282, "Base Excess_max": 0.018095826137957936, "MCV_max": 0.015395972032359992, "Glucose_min": 0.015087449544318381, "PEEP_min": 0.014788101171145143, "PTT_min": 0.014660686293947464, "Osmolality, Measured_max": 0.014593849009771512, "Oxygen_max": 0.009532427750338591, "INR(PT)_max": 0.009121205585366639, "Oxygen_min": 0.00846370710651715, "Neutrophils_min": 0.006014525384798792, "Monocytes_max": 0.005214838881715507, "O2 Flow_min": 0.0038796798657987287, "Alveolar-arterial Gradient_max": 0.002409013204256205, "Asparate Aminotransferase (AST)_min": 0.0023524264873479644, "Free Calcium_min": 0.0022183843729331534, "pO2_min": 0.0020832506717035314, "PTT_max": 0.0013183372413090007, "Lymphocytes_max": 0.0013037214903660248, "Osmolality, Urine_min": 0.0008171445360228961, "Lactate Dehydrogenase (LD)_min": 0.0006461732181381431, "Creatinine, Urine_max": 0.0006121737154744532, "RDW_min": 0.0004209979754432268, "Sodium, Urine_max": 0.0003935982725554368, "WBC_max": 0.00038099253123480997, "Fibrinogen, Functional_max": 0.00032600661714592805, "Lactate Dehydrogenase (LD)_max": 9.247559076514561e-05, "Creatine Kinase (CK)_min": 6.75070871879216e-05, "RBC_min": 5.684227396140365e-05, "Lipase_max": 3.1016124342818516e-06, "Granulocyte Count_max": -1.581427715326875e-05, "Asparate Aminotransferase (AST)_max": -4.2884767477398316e-05, "Platelet Count_min": -6.474543244950132e-05, "Specific Gravity_max": -0.00023142118823882545, "Glucose_max": -0.00028615130519523346, "Amylase_max": -0.0003111819020022487, "Alkaline Phosphatase_min": -0.00037203290813778514, "pO2_max": -0.0005217322887241634, "Urea Nitrogen, Urine_min": -0.0005544956960138598, "Tidal Volume_max": -0.0008004149298496507, "Tidal Volume_min": -0.0008353996953840275, "Triglycerides_max": -0.0008405623980038974, "Protein_max": -0.0008518029320689209, "Specific Gravity_min": -0.0010245058141554254, "Creatine Kinase, MB Isoenzyme_max": -0.0011527372456966766, "Alanine Aminotransferase (ALT)_min": -0.0016722501223747092, "O2 Flow_max": -0.0017649313420715176, "Oxygen Saturation_min": -0.0017770044007579425, "Platelet Count_max": -0.002029713281012423, "Ketone_max": -0.00281237554718385, "Sodium, Urine_min": -0.0034694984814288405, "Bilirubin, Total_max": -0.0041043090267161835, "White Blood Cells_max": -0.004607729439498932, "Neutrophils_max": -0.008013897825839594, "Sodium_min": -0.008219854191164194, "Required O2_max": -0.008398363959868387, "PEEP_max": -0.009029601326624417, "pCO2_min": -0.012254644036053211, "Creatinine_max": -0.01537912962546067, "Chloride_max": -0.01580269968878165, "Base Excess_min": -0.017225242511184916, "Osmolality, Measured_min": -0.017644334304943058, "Monocytes_min": -0.02315192877264329, "Chloride_min": -0.023206664113432873, "Hematocrit_max": -0.023511918737042243, "Potassium_min": -0.024498043742995523, "Anion Gap_max": -0.025504732061666577, "Eosinophils_max": -0.027365496223319387, "Free Calcium_max": -0.030690880794813025, "Troponin T_max": -0.032744932826957264, "Bicarbonate_min": -0.03288236074101317, "Calcium, Total_max": -0.033603185169848775, "Bilirubin, Total_min": -0.03648841709197395, "Lymphocytes_min": -0.053192520240827025, "Phosphate_min": -0.06405361031773929, "Potassium, Whole Blood_min": -0.07106526775972365, "pH_min": -0.07697498021709605, "Bicarbonate_max": -0.09700373833855898, "MCHC_min": -0.09799539140914118, "Eosinophils_min": -0.10605281784946362, "MCH_max": -0.1098494903313686, "Hemoglobin_min": -0.11741029618220628, "Albumin_max": -0.16377204655612043, "Calcium, Total_min": -0.167411866652073, "Temperature_min": -0.1960378526173603, "Potassium, Whole Blood_max": -0.20302443348227286, "Albumin_min": -0.26700247578076935}