{"Lactate_min": 0.18596469346508723, "Lactate_max": 0.16025479559655986, "Anion Gap_min": 0.09261311908672085, "PT_min": 0.07385525537681731, "Sodium_max": 0.07354791432057055, "White Blood Cells_min": 0.04222536352462014, "pCO2_max": 0.03376774965801241, "Urea Nitrogen_min": 0.02439946887971928, "Glucose_min": 0.013647978667363435, "PTT_min": 0.01164745273872625, "pO2_min": 0.002365912182277817, "Asparate Aminotransferase (AST)_min": 0.0014252866558018009, "Osmolality, Measured_max": 0.00034504163200302216, "Creatine Kinase (CK)_min": 1.6550485323871713e-05, "pO2_max": -0.0006228431179221383, "Platelet Count_min": -0.0008841687232531068, "Tidal Volume_min": -0.0016189812138315354, "Platelet Count_max": -0.001834110955877181, "Base Excess_min": -0.012766557128597426, "Sodium_min": -0.03444904485722209, "Lymphocytes_min": -0.06036500030712563, "Bicarbonate_max": -0.07571130422537023, "Temperature_min": -0.22304634787645192, "Basophils_min": -0.27459713918340767, "Albumin_min": -1.0189243595167752}