{"pH_max": 0.5484491679934661, "Lactate_min": 0.2351592988667073, "Lactate_max": 0.13817115616821402, "Phenytoin_min": 0.1378736635571366, "Anion Gap_min": 0.12492319244641054, "Bilirubin, Direct_min": 0.11320412947497185, "Temperature_max": 0.07677526335136751, "Sodium_max": 0.06176618513377922, "Phosphate_max": 0.06159807958564759, "PT_min": 0.06135785886514848, "White Blood Cells_min": 0.051888908448891054, "Red Blood Cells_max": 0.0456238888841774, "Basophils_max": 0.04554197308766258, "Calcium, Total_max": 0.04424546942823755, "RDW_max": 0.03517007990651435, "pCO2_max": 0.03516531245481168, "Urea Nitrogen_min": 0.03288381822132062, "MCV_max": 0.02890749842208693, "Hematocrit, Calculated_min": 0.02233721541365544, "INR(PT)_min": 0.01874933169878838, "Base Excess_max": 0.016281255402287583, "PTT_min": 0.014695139502036696, "Glucose_min": 0.013380661857913492, "Bands_min": 0.013016407885244646, "Oxygen_min": 0.011209055994978408, "Magnesium_min": 0.009057555492456132, "Oxygen_max": 0.007024267628761551, "Free Calcium_min": 0.006532646379340736, "Neutrophils_min": 0.003805387166389449, "Creatinine, Urine_max": 0.0023324049330231108, "Urea Nitrogen_max": 0.0023197861927426885, "PT_max": 0.0021825985889251847, "Osmolality, Measured_max": 0.002092787287108463, "Asparate Aminotransferase (AST)_min": 0.0018415810710439345, "pO2_min": 0.001397549332735235, "Alveolar-arterial Gradient_max": 0.0012529354875926815, "Cortisol_min": 0.0011859244489389727, "Lactate Dehydrogenase (LD)_min": 0.0005552868338993637, "Bilirubin, Total_max": 0.0005259829453767102, "Lymphocytes_max": 0.00025327744405245127, "Lactate Dehydrogenase (LD)_max": 0.00010156348294795116, "Specific Gravity_max": 9.307010893489138e-05, "Creatine Kinase (CK)_min": 9.006811279062887e-05, "Ferritin_max": -4.626682462460101e-06, "Creatine Kinase (CK)_max": -3.504648765526396e-05, "Glucose_max": -0.00010113987533977699, "Urea Nitrogen, Urine_max": -0.00011314156324323546, "pO2_max": -0.0001654021570814269, "Platelet Count_min": -0.00018530378218975882, "Alanine Aminotransferase (ALT)_max": -0.00022696672421416652, "Alveolar-arterial Gradient_min": -0.0003110250113033788, "Triglycerides_max": -0.0006418123033626599, "Triglycerides_min": -0.0007145084227668858, "Tidal Volume_min": -0.0007773207056052864, "Monocytes_max": -0.0007805807733467229, "Creatinine_max": -0.0008992843707720179, "Tidal Volume_max": -0.0010097956450831112, "Alanine Aminotransferase (ALT)_min": -0.0010195197616279135, "Specific Gravity_min": -0.0016117365678334488, "Oxygen Saturation_min": -0.0018553817790662266, "Creatinine, Urine_min": -0.0021607907482049, "Platelet Count_max": -0.00221902492929269, "Sodium, Urine_max": -0.0023622048100598206, "White Blood Cells_max": -0.0033707056106228304, "Chloride_min": -0.004131291217494151, "Bands_max": -0.005216212114550801, "Neutrophils_max": -0.01152154985833921, "Free Calcium_max": -0.013784460330909987, "Chloride_max": -0.014432669407553278, "pCO2_min": -0.015315868113362212, "Base Excess_min": -0.018461956458291778, "Bilirubin, Indirect_max": -0.01849725717022874, "Monocytes_min": -0.022497017830249513, "Sodium_min": -0.026457216986222783, "Potassium_min": -0.03541657333592583, "Phenytoin_max": -0.0435710841009378, "Basophils_min": -0.04695408212220016, "Hematocrit_max": -0.048059696972554945, "Lymphocytes_min": -0.049892843491303705, "MCH_max": -0.07096943783208133, "Phosphate_min": -0.07817905329746425, "Bilirubin, Total_min": -0.0796283014691498, "Bicarbonate_max": -0.09243656398864618, "MCHC_max": -0.0931242470083854, "Eosinophils_min": -0.13255817612050572, "Temperature_min": -0.21675127574254166, "Calcium, Total_min": -0.29437376759711975, "Potassium, Whole Blood_max": -0.31318628363698087, "Creatinine_min": -0.4031875891918, "Albumin_min": -0.5328904732109108}