{"pH_max": 0.17122149599468656, "Lactate_max": 0.16424142711296835, "Lactate_min": 0.11736378754873489, "Bilirubin, Direct_min": 0.09791381510778703, "Anion Gap_min": 0.0952983723663406, "Phenytoin_min": 0.08428680651385907, "Sodium_max": 0.06875075135919471, "Phosphate_max": 0.06491008725577244, "PT_min": 0.05918872446849748, "White Blood Cells_min": 0.05149312951720877, "pCO2_max": 0.0349471871958799, "Urea Nitrogen_min": 0.026493407289232922, "RDW_min": 0.02454265889094846, "Basophils_max": 0.020581620188825044, "Glucose_min": 0.014208139612890759, "Bands_max": 0.01342672706956448, "MCV_min": 0.013370033497971782, "INR(PT)_min": 0.013131081523302147, "Temperature_max": 0.01297567336406331, "Oxygen_max": 0.009931460556600196, "Potassium, Urine_max": 0.00808633065268889, "Oxygen_min": 0.007247246053777259, "Required O2_max": 0.006294512141079878, "Osmolality, Measured_max": 0.006182803053265188, "Lymphocytes_max": 0.005228273633633488, "Neutrophils_min": 0.0037210542442162927, "White Blood Cells_max": 0.003490729895807494, "PTT_max": 0.0031262888873763257, "pO2_min": 0.0021904730530928475, "Asparate Aminotransferase (AST)_min": 0.0014193755605224371, "PT_max": 0.001080110153446906, "Chloride_max": 0.0006995162255575911, "Fibrinogen, Functional_min": 0.000669517461820783, "Urea Nitrogen, Urine_max": 0.0006130112223135544, "Lactate Dehydrogenase (LD)_min": 0.0004412616161767946, "Nucleated Red Cells_min": 0.0002716113723376365, "Specific Gravity_max": 0.00018625125112633906, "Lactate Dehydrogenase (LD)_max": 8.752825437877228e-05, "Creatine Kinase (CK)_min": 5.886988474097175e-05, "Lipase_max": 1.3353541303226224e-06, "Creatine Kinase (CK)_max": -8.808681785800946e-06, "Granulocyte Count_max": -4.185294097549433e-05, "Osmolality, Urine_min": -7.016592903784598e-05, "Asparate Aminotransferase (AST)_max": -7.223122774824422e-05, "PEEP_max": -8.871498157962694e-05, "Alkaline Phosphatase_min": -0.00011520053687632907, "Free Calcium_min": -0.0003684627288665476, "Triglycerides_max": -0.00043936182238642647, "Platelet Count_min": -0.0006458394534344023, "Base Excess_min": -0.0006854572211712306, "Tidal Volume_max": -0.0008248928372184089, "Creatine Kinase, MB Isoenzyme_max": -0.0009346072533762845, "Urea Nitrogen, Urine_min": -0.001034591286182482, "pO2_max": -0.001098666323587162, "Tidal Volume_min": -0.0011052549319406704, "Sodium, Urine_max": -0.0017657178535476778, "Platelet Count_max": -0.002085124572088187, "Sodium, Whole Blood_min": -0.007584363242888743, "Calcium, Total_max": -0.009496755316207797, "Hematocrit_min": -0.009653658831734864, "Hematocrit_max": -0.012984117608296025, "Chloride, Whole Blood_max": -0.016283926060210063, "Free Calcium_max": -0.020770906497841638, "pCO2_min": -0.02550644695854101, "Hemoglobin_max": -0.0300087240067673, "Sodium_min": -0.03208934517644019, "Eosinophils_max": -0.03924657872784877, "Potassium, Whole Blood_min": -0.047412651220740176, "Hemoglobin_min": -0.0537335124821333, "Bilirubin, Total_min": -0.05385992586795628, "Lymphocytes_min": -0.056308337630023186, "MCHC_min": -0.074036441869184, "MCHC_max": -0.08317330414455584, "Bicarbonate_max": -0.08574767418408563, "Uric Acid_min": -0.08614055558678371, "Creatinine_max": -0.09564991671081888, "Creatinine_min": -0.1078966980033263, "Calcium, Total_min": -0.13296164716290143, "Temperature_min": -0.13431732446911224, "Albumin_min": -0.18190346548683892}