{"Lactate_max": 0.17582231483880198, "Lactate_min": 0.13594125868123905, "Anion Gap_min": 0.10976291354001887, "Phenytoin_min": 0.10198096235845872, "PT_min": 0.07831171269192223, "Sodium_max": 0.0649107702183603, "Bilirubin, Direct_max": 0.06086358366219183, "Bilirubin, Direct_min": 0.04892963756384037, "Vancomycin_min": 0.04275117297874145, "Base Excess_max": 0.041176297150322394, "Urea Nitrogen_min": 0.03897062504987242, "pCO2_max": 0.03476161772777865, "Myelocytes_max": 0.03244518244915442, "Metamyelocytes_min": 0.024886051896489018, "Osmolality, Measured_max": 0.01993589525404356, "CK-MB Index_min": 0.01970263318673047, "PEEP_min": 0.019575709458553393, "PTT_min": 0.018047795068298823, "Bands_min": 0.01764997861729316, "Oxygen_max": 0.01641273817164051, "Glucose_min": 0.01445094876873762, "White Blood Cells_max": 0.01397607890211026, "INR(PT)_min": 0.013484072412940978, "Metamyelocytes_max": 0.01331729366421671, "Atypical Lymphocytes_max": 0.012819804390256035, "Sodium, Whole Blood_min": 0.01241514857495478, "INR(PT)_max": 0.01239342853782116, "White Blood Cells_min": 0.012372470555302778, "Calculated Total CO2_min": 0.009232091223617343, "CK-MB Index_max": 0.009037342012973602, "Polys_max": 0.008710064995736217, "Epithelial Cells_max": 0.008107486787405953, "Bands_max": 0.006737896304313293, "PT_max": 0.003913809334485804, "Iron_min": 0.0034952676265111913, "Cortisol_max": 0.002813197507226964, "Asparate Aminotransferase (AST)_min": 0.0027485291987400856, "Cholesterol Ratio (Total/HDL)_min": 0.002696640837999325, "O2 Flow_min": 0.0023263579616509956, "Base Excess_min": 0.00219838172660117, "pO2_min": 0.0021406230714262776, "Alveolar-arterial Gradient_max": 0.0020467677127196473, "Free Calcium_min": 0.0016262890647873228, "Osmolality, Urine_max": 0.0009038805441050876, "Urea Nitrogen_max": 0.0008592313032219334, "Lactate Dehydrogenase (LD)_min": 0.0007775059614995894, "Amylase_min": 0.0007717527013195383, "Potassium, Urine_max": 0.0006631306998719762, "Fibrinogen, Functional_min": 0.0006122725421502593, "RBC_max": 0.0005943709351341427, "WBC_min": 0.0005206325361143139, "Phosphate_max": 0.0002752194254136102, "WBC_max": 0.0002726656554693942, "Thyroid Stimulating Hormone_min": 0.00018609972212528642, "Alkaline Phosphatase_max": 0.000101948740952443, "Lactate Dehydrogenase (LD)_max": 8.920347369723056e-05, "Vancomycin_max": 5.9436081457577044e-05, "Creatine Kinase (CK)_min": 5.060152856893872e-05, "Urea Nitrogen, Urine_max": 1.686464403590938e-05, "Ferritin_min": 1.2058346933797776e-05, "Ferritin_max": -6.555230198727638e-07, "Osmolality, Urine_min": -8.476891974647674e-06, "Creatine Kinase (CK)_max": -1.4081028432160732e-05, "Granulocyte Count_min": -2.364082892348748e-05, "Granulocyte Count_max": -2.3964721428105354e-05, "Asparate Aminotransferase (AST)_max": -7.509005964978041e-05, "Oxygen Saturation_max": -0.00012129672141628745, "RBC_min": -0.00015045224214528066, "Triglycerides_max": -0.0003129404847044018, "Alkaline Phosphatase_min": -0.0003236180924051886, "Creatinine, Urine_max": -0.0004176414073676495, "Amylase_max": -0.00046494516056094694, "Urea Nitrogen, Urine_min": -0.0005347268622178052, "Nucleated Red Cells_max": -0.0006237823834903194, "Lipase_min": -0.0006457068785403859, "Cholesterol Ratio (Total/HDL)_max": -0.0008897506367384338, "O2 Flow_max": -0.0009306534988016731, "Triglycerides_min": -0.0009629251848709589, "Protein_min": -0.0010058842677284025, "Required O2_min": -0.001199831595642928, "Cortisol_min": -0.001318917167021976, "Tidal Volume_max": -0.001373797848148863, "Alanine Aminotransferase (ALT)_min": -0.0021140068902016406, "Polys_min": -0.00245664934415648, "Iron_max": -0.0027342488643990067, "Creatine Kinase, MB Isoenzyme_min": -0.00278902423619343, "PEEP_max": -0.0034854565743141965, "Required O2_max": -0.005565697129141544, "Monocytes_max": -0.006532275979679393, "Sodium, Urine_min": -0.007130020033807338, "Magnesium_max": -0.008909701457076086, "pCO2_min": -0.010123814057351332, "Troponin T_min": -0.012812566985603579, "Basophils_max": -0.018001138798891904, "Anion Gap_max": -0.01849718474813637, "Phenytoin_max": -0.018984502921369592, "Thyroid Stimulating Hormone_max": -0.020026463404688385, "Protein, Total_max": -0.02451224430491444, "Osmolality, Measured_min": -0.025672398156376758, "Uric Acid_max": -0.029133017330116275, "Protein, Total_min": -0.031341280063556465, "tacroFK_max": -0.03291829105318518, "Troponin T_max": -0.03927471630600195, "Calculated Total CO2_max": -0.04057634898762935, "Temperature_max": -0.04298413152403078, "Sodium, Whole Blood_max": -0.05030338872862818, "Epithelial Cells_min": -0.053619153802501554, "Uric Acid_min": -0.05610203660041377, "Bicarbonate_min": -0.07450109056892594, "Creatinine_min": -0.1255884611228704, "Albumin_max": -0.1463532164644974, "Calcium, Total_min": -0.18255763256243482, "Temperature_min": -0.18672899400695123, "Albumin_min": -0.1934855899455135}