{"Lactate_max": 0.16829952232298573, "pH_max": 0.11050378986390098, "Lactate_min": 0.09778197061895293, "Anion Gap_min": 0.07808689958825271, "Sodium_max": 0.06921527992763297, "Phenytoin_min": 0.06898696369643664, "Bilirubin, Direct_max": 0.06283598023842712, "PT_min": 0.05973511381100795, "Bilirubin, Direct_min": 0.05018194788860351, "White Blood Cells_min": 0.04381870345063932, "Atypical Lymphocytes_max": 0.039030484591493234, "pCO2_max": 0.03297669327379478, "CK-MB Index_max": 0.02750895801951688, "RDW_max": 0.026614684323564702, "Urea Nitrogen_min": 0.023995029204068166, "Vancomycin_min": 0.022991735665704147, "Calculated Total CO2_max": 0.02249946809929747, "Osmolality, Measured_max": 0.01484324540445502, "Glucose_min": 0.012646006414220421, "PTT_min": 0.012092239134497796, "Urobilinogen_max": 0.010931817396538614, "Magnesium_max": 0.010904285583304434, "INR(PT)_min": 0.010365548297072603, "Oxygen_max": 0.010283167341833856, "Oxygen_min": 0.009721232121207424, "MCV_min": 0.009113799221777494, "PEEP_min": 0.00879596262399055, "Bands_min": 0.008222832237627035, "Bands_max": 0.008173780381586346, "Basophils_max": 0.00785602799664864, "Atypical Lymphocytes_min": 0.007850965773185881, "Potassium, Urine_max": 0.006000539051931744, "RDW_min": 0.0059091552619992705, "Lymphocytes_max": 0.005475417377986851, "Neutrophils_min": 0.004925888499628403, "Polys_min": 0.004634871892024763, "Monocytes_max": 0.004586177676349011, "White Blood Cells_max": 0.00417515392681418, "Cholesterol, HDL_max": 0.004034171727578194, "Nucleated Red Cells_min": 0.0038161704927296607, "INR(PT)_max": 0.003733739400579769, "Vancomycin_max": 0.0033847415193689807, "Base Excess_max": 0.0027408043220948307, "PTT_max": 0.002689108717972261, "pO2_min": 0.0024512074112019505, "Phenytoin_max": 0.002335000034995204, "Asparate Aminotransferase (AST)_min": 0.0010599220495370399, "tacroFK_min": 0.0010555974385352052, "Alveolar-arterial Gradient_max": 0.0009301433098853728, "Oxygen Saturation_min": 0.0006991202798948439, "WBC_max": 0.0006925747939667516, "Lactate Dehydrogenase (LD)_min": 0.0006205324638110602, "Fibrinogen, Functional_min": 0.0005021579840362967, "Myelocytes_min": 0.0002779203392088743, "Free Calcium_min": 0.00026349449678846537, "Urea Nitrogen, Urine_max": 0.0002542674941647855, "Alkaline Phosphatase_max": 0.00025116091782002685, "PT_max": 0.00021031709106469337, "Creatine Kinase (CK)_min": 0.00010948851555149374, "Lactate Dehydrogenase (LD)_max": 4.250189260999296e-05, "Platelet Count_min": 2.8615879391208114e-05, "Urea Nitrogen_max": 6.086374528016696e-06, "Lipase_max": 1.5022206480059273e-06, "Ferritin_max": -5.1821822151764426e-06, "Creatine Kinase (CK)_max": -1.3531334666517666e-05, "Granulocyte Count_max": -2.1854319706948027e-05, "Granulocyte Count_min": -3.427913103121509e-05, "Glucose_max": -3.9500495698358043e-05, "Fibrinogen, Functional_max": -4.2920522862490476e-05, "Amylase_min": -4.3674714589770375e-05, "WBC_min": -0.00035014020741959753, "Creatinine, Urine_max": -0.0004007734357834658, "Specific Gravity_max": -0.0004059070507365896, "Triglycerides_max": -0.0005731519605958615, "Specific Gravity_min": -0.0006277805005535936, "Alkaline Phosphatase_min": -0.0006638273415542314, "Urea Nitrogen, Urine_min": -0.0006893003834655812, "Iron_max": -0.0007257745316981258, "Sodium, Urine_max": -0.000914399063687923, "pO2_max": -0.0009872266316349513, "Magnesium_min": -0.0010151108918494385, "Creatine Kinase, MB Isoenzyme_max": -0.001149006510207461, "Tidal Volume_min": -0.0014158592363758594, "Platelet Count_max": -0.0021875706737030025, "Chloride_max": -0.0029081290594345274, "Hematocrit, Calculated_max": -0.003081868458095007, "Cholesterol, LDL, Calculated_min": -0.003719966169904272, "Sodium, Urine_min": -0.0039327642571355195, "Urobilinogen_min": -0.004339514652686568, "Free Calcium_max": -0.005070831515383604, "Neutrophils_max": -0.005716711415703336, "Hematocrit_min": -0.006126073703714099, "Base Excess_min": -0.006336862187756919, "Creatinine_max": -0.006506792768721211, "Red Blood Cells_min": -0.008612532429014774, "Hematocrit_max": -0.008817222376172084, "Basophils_min": -0.008900221517454896, "pCO2_min": -0.009477208425376039, "Troponin T_min": -0.011553265541779528, "Temperature_max": -0.01313867709077304, "Sodium_min": -0.013595659480666317, "Anion Gap_max": -0.014342667170887943, "Calcium, Total_max": -0.014647728482865217, "Potassium_min": -0.01613938365560299, "Osmolality, Measured_min": -0.016174351474749944, "Chloride_min": -0.016985620373374897, "Troponin T_max": -0.017210229386046133, "Bicarbonate_min": -0.019611042107839635, "pH_min": -0.02175961221715006, "Bilirubin, Total_max": -0.02241269574175102, "Chloride, Whole Blood_max": -0.023230476267120766, "Phosphate_min": -0.02535634292737269, "Potassium, Whole Blood_min": -0.027294361011718313, "Calculated Total CO2_min": -0.030398351427020673, "Hemoglobin_max": -0.031168161732235376, "Eosinophils_max": -0.03534452462303753, "Monocytes_min": -0.038028763096076355, "Bilirubin, Total_min": -0.04501787019683039, "Hemoglobin_min": -0.048722578963188115, "Eosinophils_min": -0.049311833059580805, "Lymphocytes_min": -0.05050742525101376, "Uric Acid_min": -0.05112642155128437, "Albumin_max": -0.0744810213699669, "Calcium, Total_min": -0.07677020516244275, "Creatinine_min": -0.08783276787650525, "Temperature_min": -0.08984223670667649, "Potassium, Whole Blood_max": -0.09226460730897722, "Bicarbonate_max": -0.09372479734535022, "Albumin_min": -0.10627506446160898, "MCHC_max": -0.10943145327654787}