{"pH_max": 0.6211323820595036, "Lactate_min": 0.2579876364197177, "Phenytoin_min": 0.13804180511714334, "Anion Gap_min": 0.11667274260546094, "Lactate_max": 0.11661611484235149, "Temperature_max": 0.108571465590518, "Bilirubin, Direct_min": 0.10477642917644314, "Magnesium_min": 0.08143783461614325, "MCH_min": 0.07509198149360692, "Calcium, Total_max": 0.06716649086092756, "Sodium_max": 0.06096245245106398, "PT_min": 0.05758100499594404, "Phosphate_max": 0.05223916799039216, "White Blood Cells_min": 0.05076726094158456, "pCO2_max": 0.03264319435586161, "Atypical Lymphocytes_max": 0.031099790629653883, "Hematocrit, Calculated_min": 0.028794646665434135, "Vancomycin_min": 0.028379403296952477, "Calculated Total CO2_max": 0.027756028368508486, "Urea Nitrogen_min": 0.025470914202895267, "Free Calcium_min": 0.02239375501220935, "INR(PT)_min": 0.019189476579135684, "Myelocytes_max": 0.01766338262276365, "RDW_min": 0.015380384664060099, "Glucose_min": 0.013218359541841558, "Oxygen_min": 0.011992741572111578, "PTT_min": 0.010880028880710668, "Bilirubin, Total_max": 0.010084743777579189, "RDW_max": 0.01008140372472647, "Bicarbonate_min": 0.00813829625705008, "Oxygen_max": 0.005642710970021081, "Potassium, Urine_max": 0.00562572238068876, "Anion Gap_max": 0.005537046235904944, "Osmolality, Measured_max": 0.0050664326067739384, "Polys_min": 0.0037231432430013703, "Lymphocytes_max": 0.0025742404200175917, "pO2_min": 0.00241737681201954, "Neutrophils_min": 0.0023751514921391886, "Nucleated Red Cells_min": 0.002281510691090003, "Specific Gravity_min": 0.001936161786188583, "Urea Nitrogen_max": 0.00192516553747305, "Asparate Aminotransferase (AST)_min": 0.0017293005857754661, "Base Excess_max": 0.0015898341448487702, "Alveolar-arterial Gradient_max": 0.001581052549130895, "PTT_max": 0.0014091496008263448, "Creatinine, Urine_max": 0.0013503360737313654, "Platelet Count_min": 0.0007358755719701805, "O2 Flow_min": 0.0007037582528912865, "Lactate Dehydrogenase (LD)_min": 0.0005514563471039856, "Osmolality, Urine_min": 0.00037543090982859414, "Alkaline Phosphatase_max": 0.00021013198666830404, "Fibrinogen, Functional_max": 0.00014871115778734308, "RBC_max": 0.00013681191927755921, "Lactate Dehydrogenase (LD)_max": 8.413437360496674e-05, "Asparate Aminotransferase (AST)_max": 3.7447248373275345e-05, "Amylase_max": 2.4594855742542855e-06, "Creatine Kinase (CK)_min": -1.8183008356337895e-05, "Granulocyte Count_min": -4.0275587971334445e-05, "Alveolar-arterial Gradient_min": -5.7416295246360774e-05, "Oxygen Saturation_min": -0.000135623522475513, "Urea Nitrogen, Urine_max": -0.00015224941578943047, "Glucose_max": -0.0001714268844101079, "Lipase_max": -0.0002080363945488414, "Alanine Aminotransferase (ALT)_max": -0.00021567016459585298, "INR(PT)_max": -0.0002975632600939799, "Vancomycin_max": -0.00035346594144216714, "WBC_min": -0.0005419620360630439, "pO2_max": -0.0005474227946438062, "Alkaline Phosphatase_min": -0.0007664717770468337, "Alanine Aminotransferase (ALT)_min": -0.000952239652802894, "Tidal Volume_min": -0.0010910098431359998, "Monocytes_max": -0.0013956267534515946, "Sodium, Urine_min": -0.0023042676576356742, "Platelet Count_max": -0.0026699511849015392, "pCO2_min": -0.0038543743453681696, "Ketone_max": -0.003945640383345069, "Base Excess_min": -0.004320381846290247, "Required O2_max": -0.004392154810557429, "Neutrophils_max": -0.0064023210394112354, "PEEP_max": -0.006927693808136655, "Epithelial Cells_max": -0.00831971626778287, "Sodium, Whole Blood_min": -0.00932778610844761, "Chloride, Whole Blood_min": -0.01129896166519692, "Magnesium_max": -0.012020847565503428, "Potassium_min": -0.013897461304777368, "MCV_min": -0.01569272384973297, "Sodium_min": -0.016008631228603132, "Chloride_min": -0.019177974597917757, "Free Calcium_max": -0.021361880953356432, "Monocytes_min": -0.023022020162699247, "Hematocrit_min": -0.03303911422063819, "Potassium_max": -0.03387277611587165, "Eosinophils_max": -0.03464540823351697, "Calculated Total CO2_min": -0.043097763523894723, "Lymphocytes_min": -0.048365107625588245, "Red Blood Cells_min": -0.05346049208598412, "Phenytoin_max": -0.05612004252515168, "MCHC_min": -0.061122981510484176, "Red Blood Cells_max": -0.0638220137457535, "Bilirubin, Total_min": -0.06961110186397107, "Eosinophils_min": -0.10018116625092408, "Bicarbonate_max": -0.10244637454114355, "Phosphate_min": -0.11901269862971287, "pH_min": -0.1347328385152057, "Creatinine_max": -0.1471727718135617, "Calcium, Total_min": -0.17504689338289367, "MCHC_max": -0.18081213010920827, "Temperature_min": -0.19768827708448647, "Albumin_max": -0.26427464822179525, "Albumin_min": -0.516512681798567}