{"Magnesium_min": 0.31167720886233274, "Lactate_min": 0.14674351453854587, "MCH_min": 0.14148619422309255, "Lactate_max": 0.12972839407917588, "Anion Gap_min": 0.11982168845955798, "Phenytoin_min": 0.11482407373314421, "Sodium_max": 0.08488728416666717, "Phosphate_max": 0.06624224344526651, "PT_min": 0.05412556008952591, "Bilirubin, Direct_max": 0.052774964903104744, "White Blood Cells_min": 0.047566699130673386, "Calcium, Total_max": 0.04633569905587896, "INR(PT)_min": 0.04146884215630704, "pCO2_max": 0.03610009557277106, "Magnesium_max": 0.03316355950393953, "Urea Nitrogen_min": 0.021698477222076365, "Hematocrit_max": 0.01787536159560311, "Specific Gravity_min": 0.01534717291921855, "Glucose_min": 0.014202605483742704, "PTT_min": 0.010785049539097202, "Hematocrit_min": 0.010474395364617818, "Oxygen_min": 0.009720191723007589, "INR(PT)_max": 0.00961542924843541, "Oxygen_max": 0.009397012826470987, "PEEP_min": 0.008376641581448609, "Osmolality, Measured_max": 0.006677531789652177, "Potassium, Urine_min": 0.003990213021784944, "Lymphocytes_max": 0.003269941950990704, "Neutrophils_min": 0.002731315175189709, "pO2_min": 0.0025522440015657705, "O2 Flow_min": 0.0016865796283807675, "Alveolar-arterial Gradient_max": 0.0015450595204091816, "PTT_max": 0.0013907067319702553, "MCV_min": 0.001324154533936984, "White Blood Cells_max": 0.0009609123718926528, "Creatinine, Urine_max": 0.0008709916178480666, "PT_max": 0.0008452961971782596, "Amylase_min": 0.0008226360494459024, "Asparate Aminotransferase (AST)_min": 0.0007978029093398328, "Urea Nitrogen_max": 0.000655257716226111, "Lactate Dehydrogenase (LD)_min": 0.0006424410692446503, "RBC_min": 0.0005038764505473578, "Hematocrit, Calculated_max": 0.00044645526468196103, "Lactate Dehydrogenase (LD)_max": 0.00012272626303024543, "Fibrinogen, Functional_max": 9.582363837814201e-05, "Creatine Kinase (CK)_min": 6.810403777825578e-05, "Platelet Count_min": 5.2946923049430026e-05, "Creatine Kinase, MB Isoenzyme_min": 2.670220557678932e-05, "Asparate Aminotransferase (AST)_max": -0.00012043168820371128, "Alkaline Phosphatase_max": -0.00021558285602460715, "Glucose_max": -0.00027918940628111026, "Alveolar-arterial Gradient_min": -0.00034072591351997814, "WBC_min": -0.00035233446771285205, "Triglycerides_max": -0.0006070244877468432, "Lipase_min": -0.0007654113837882211, "pO2_max": -0.0007894308589475182, "Tidal Volume_max": -0.0008727620971671613, "Tidal Volume_min": -0.001119644947003807, "Sodium, Urine_max": -0.0023398813526554546, "Platelet Count_max": -0.0025190309029997065, "Transferrin_min": -0.0027682712441066343, "Potassium_min": -0.0030769751854367354, "Base Excess_min": -0.005448160555502493, "Neutrophils_max": -0.007237471253850068, "Potassium_max": -0.010353614576597512, "Chloride, Whole Blood_min": -0.011601370343975041, "Sodium_min": -0.011664554502167353, "Chloride_max": -0.013305646390958683, "pCO2_min": -0.01651376756979144, "Monocytes_min": -0.021097842319074862, "Bilirubin, Indirect_min": -0.02457097397113066, "Chloride_min": -0.026916367073780423, "Bicarbonate_min": -0.0329826704135095, "Troponin T_max": -0.038427242666734064, "Bilirubin, Total_min": -0.04591563178466471, "Albumin_max": -0.049055719191841436, "Lymphocytes_min": -0.049481483564476084, "Phosphate_min": -0.06564941231714923, "Bicarbonate_max": -0.07915349867668704, "Potassium, Whole Blood_min": -0.09120797752177626, "MCH_max": -0.09994995879705146, "MCHC_min": -0.10039363454059422, "Hemoglobin_min": -0.10378221170020543, "Eosinophils_min": -0.12202344483595597, "Calcium, Total_min": -0.1269879557295709, "Hemoglobin_max": -0.1328916952498225, "Temperature_min": -0.15237369712146817, "Creatinine_max": -0.16467932735841112, "Free Calcium_max": -0.3218506590919064, "Albumin_min": -0.8339940282641536}