{"pH_max": 0.31579372294692043, "Lactate_min": 0.18614228899451338, "Phenytoin_min": 0.1309444130143525, "Lactate_max": 0.10839854850541683, "Anion Gap_min": 0.09973506295662682, "Phosphate_max": 0.07474908780849171, "Sodium_max": 0.056155852029944255, "White Blood Cells_min": 0.054931280273345595, "PT_min": 0.052002465474955434, "Vancomycin_min": 0.04358175854454919, "pCO2_max": 0.03387284047847467, "Temperature_max": 0.03360663057687678, "Urea Nitrogen_min": 0.03103828364817364, "CK-MB Index_max": 0.027279467031883227, "Base Excess_max": 0.02420449936589338, "Magnesium_max": 0.024081527811793412, "Bilirubin, Total_max": 0.020626541793849998, "Magnesium_min": 0.015042246284737723, "Glucose_min": 0.014122711116135613, "Anion Gap_max": 0.012728207074017246, "PTT_min": 0.012552839211204174, "MCV_min": 0.011165024759388803, "Oxygen_max": 0.009349832803580867, "INR(PT)_max": 0.009288851578763536, "Oxygen_min": 0.009276970060751464, "Lymphocytes_max": 0.0074769446924377245, "Neutrophils_min": 0.007341049565207266, "Free Calcium_min": 0.006376514391020304, "Osmolality, Measured_max": 0.005963453006041249, "Polys_min": 0.005531103731308467, "RDW_max": 0.0048229674891939675, "CK-MB Index_min": 0.0044243943257928015, "Asparate Aminotransferase (AST)_min": 0.0032876382293643004, "Creatinine_max": 0.0027254776258155583, "Chloride_max": 0.002395419581052273, "pO2_min": 0.0023275731515560857, "O2 Flow_min": 0.0021634902599085137, "Nucleated Red Cells_min": 0.001892365168671539, "PTT_max": 0.0016874938672497405, "PT_max": 0.0009988753823488628, "Creatine Kinase, MB Isoenzyme_min": 0.0009712630360898253, "Alveolar-arterial Gradient_max": 0.0009174909236374392, "Lactate Dehydrogenase (LD)_min": 0.0006528411928738275, "RBC_min": 0.0006029830829669182, "Urea Nitrogen, Urine_max": 0.0005417969147968295, "Fibrinogen, Functional_min": 0.0005319629964521375, "Lactate Dehydrogenase (LD)_max": 0.0001228595021728668, "Platelet Count_min": 7.35726894761232e-05, "Creatine Kinase (CK)_min": 3.648616729172445e-05, "Lipase_max": 3.3551949623263904e-06, "Creatine Kinase (CK)_max": -1.1915692826696042e-05, "Glucose_max": -0.0001050968281946637, "Oxygen Saturation_max": -0.00016793232478831867, "Alanine Aminotransferase (ALT)_max": -0.000246184087753202, "Alkaline Phosphatase_min": -0.0006716930024808747, "Tidal Volume_max": -0.0006729986282685022, "pO2_max": -0.0006873091340379947, "Tidal Volume_min": -0.0007443849841165478, "Urea Nitrogen, Urine_min": -0.0008960511692834949, "Sodium, Urine_max": -0.0009926423878302928, "Triglycerides_min": -0.0010692151163535011, "Specific Gravity_min": -0.0010985401578065908, "Alanine Aminotransferase (ALT)_min": -0.001192716982903006, "Creatine Kinase, MB Isoenzyme_max": -0.001895177945547383, "Platelet Count_max": -0.002331777115600662, "Urea Nitrogen_max": -0.0028883599955512795, "Transferrin_min": -0.00295879601048521, "Oxygen Saturation_min": -0.003388062328101934, "Sodium, Urine_min": -0.00349596940632771, "Ketone_max": -0.004033730894079911, "pCO2_min": -0.004182434354046071, "Sodium_min": -0.004266167948416262, "Vancomycin_max": -0.00428046049966897, "Hematocrit_min": -0.008945293360590441, "Red Blood Cells_min": -0.010138064709290798, "Red Blood Cells_max": -0.011019176919394986, "Neutrophils_max": -0.012552930904578237, "Sodium, Whole Blood_min": -0.015663713829260104, "Chloride_min": -0.016398030327730437, "Base Excess_min": -0.020099576294618768, "Eosinophils_max": -0.020496799116793415, "Calculated Total CO2_min": -0.022819765375700872, "Troponin T_max": -0.026060396496730007, "Free Calcium_max": -0.02785212056497796, "Potassium_max": -0.03316781548179351, "Potassium_min": -0.03407210697878681, "Troponin T_min": -0.04126188497745087, "Calcium, Total_max": -0.04160084554294757, "Bilirubin, Total_min": -0.046968497963504593, "Lymphocytes_min": -0.061296350962788376, "Eosinophils_min": -0.08984287549900342, "Phosphate_min": -0.09164021972119483, "Hemoglobin_min": -0.09891729086160267, "Bicarbonate_max": -0.09973356474510846, "MCHC_min": -0.133264765904311, "Albumin_max": -0.1903763756381049, "Temperature_min": -0.19955442633624157, "Creatinine_min": -0.24430373105334927, "Potassium, Whole Blood_max": -0.2515807618303519, "Albumin_min": -0.2866593121097357}