{"Lactate_min": 0.2135277991101977, "Lactate_max": 0.14641388365697391, "Anion Gap_min": 0.1101494903975961, "PT_min": 0.0736119121763054, "Sodium_max": 0.07265609468775562, "White Blood Cells_min": 0.04850108529409451, "pCO2_max": 0.03493260433878744, "Phosphate_max": 0.021801264764092533, "Urea Nitrogen_min": 0.020308523281633385, "PEEP_min": 0.018017048753767587, "Oxygen_max": 0.014629275939145918, "Calcium, Total_max": 0.014367595893583898, "Glucose_min": 0.013782342030674358, "PTT_min": 0.010704247544809928, "Osmolality, Measured_max": 0.004732325077460025, "pO2_min": 0.002608480190326743, "Alveolar-arterial Gradient_max": 0.0006541238971863812, "Platelet Count_min": 0.0004125451343247119, "Lactate Dehydrogenase (LD)_max": 6.726819099862744e-05, "Creatine Kinase (CK)_min": 5.006734665162883e-05, "pO2_max": -0.0011819737839692524, "Tidal Volume_min": -0.0013952284854638472, "Oxygen Saturation_min": -0.0016974474690566298, "Platelet Count_max": -0.0026017752175600682, "Chloride_max": -0.0032299783263982427, "Neutrophils_max": -0.003882017233071336, "Base Excess_min": -0.005961292539609143, "PEEP_max": -0.006513692196756073, "pCO2_min": -0.020140031770530788, "Hematocrit_max": -0.0220913929330019, "Creatinine_max": -0.02531537681264083, "Bilirubin, Total_min": -0.02593224496295564, "Sodium_min": -0.030725855001750433, "Lymphocytes_min": -0.055533951700179815, "Eosinophils_max": -0.06038423611683474, "Bicarbonate_max": -0.07006498758506534, "MCHC_min": -0.09350996122425455, "Temperature_min": -0.16231687809979822, "Red Blood Cells_min": -0.24169876173390042, "Albumin_min": -0.8916671222814823}