{"pH_max": 0.6509042464533149, "Magnesium_min": 0.2966884527968254, "Lactate_min": 0.19239627707394538, "Lactate_max": 0.12171647899505314, "Phenytoin_min": 0.11736327486762656, "MCH_min": 0.11671262542356026, "Anion Gap_min": 0.1025315694135612, "Temperature_max": 0.0965176756088445, "INR(PT)_min": 0.070658058267737, "Sodium_max": 0.06610449993842574, "Calcium, Total_max": 0.05444521099993156, "PT_min": 0.047202853422912916, "White Blood Cells_min": 0.04286451833340685, "Hematocrit, Calculated_min": 0.034641802024555884, "pCO2_max": 0.031904446698072596, "Urea Nitrogen_min": 0.030014968353314096, "Phosphate_max": 0.027684236981445724, "Hematocrit_min": 0.024412930459527686, "Calculated Total CO2_max": 0.024180409849238263, "Albumin_max": 0.022253591558897782, "Vancomycin_min": 0.020583738845616366, "RDW_min": 0.019837893123258416, "Bilirubin, Total_max": 0.01757660026789375, "Glucose_min": 0.013909401774285774, "PTT_min": 0.010072727510152145, "Oxygen_min": 0.00969714147724437, "Oxygen_max": 0.008191704791587236, "Bands_max": 0.0061144892747601026, "pO2_min": 0.002442143930219727, "Asparate Aminotransferase (AST)_min": 0.0015003667715329384, "Nucleated Red Cells_min": 0.001479998260516797, "PTT_max": 0.0011738875676584354, "Lymphocytes_max": 0.0010662934812740537, "Osmolality, Measured_max": 0.0010527779280386097, "Platelet Count_min": 0.0009106949501145068, "PT_max": 0.0008433641104774735, "Alveolar-arterial Gradient_max": 0.0008007564882837137, "Lactate Dehydrogenase (LD)_min": 0.000639641442553461, "Neutrophils_min": 0.0005907888156793898, "RBC_max": 0.00034539386609696795, "WBC_max": 0.0002882524407174968, "Fibrinogen, Functional_min": 0.00026323456767227447, "White Blood Cells_max": 0.00026177746555250647, "Osmolality, Urine_min": 0.00014457277347500901, "RBC_min": 1.1704519143209717e-05, "Fibrinogen, Functional_max": -1.8031201888296615e-05, "Urea Nitrogen_max": -9.489901535049629e-05, "Alkaline Phosphatase_max": -0.00015470480944185952, "Glucose_max": -0.00015918958567009102, "Protein_max": -0.00044371264369380325, "Tidal Volume_min": -0.0006819746670138407, "pO2_max": -0.000792615205141183, "Oxygen Saturation_min": -0.0007941856983342318, "Lipase_min": -0.0009654551661509391, "Tidal Volume_max": -0.0010681099938849897, "Sodium, Urine_max": -0.0019765656752439376, "Platelet Count_max": -0.002970359366378097, "Neutrophils_max": -0.003919305801611559, "pCO2_min": -0.015377234452671426, "Phenytoin_max": -0.01938611105523388, "Base Excess_min": -0.021754933636026957, "Chloride, Whole Blood_max": -0.022462479359945553, "Free Calcium_max": -0.024367472662522018, "Troponin T_max": -0.025139694092969903, "Potassium_max": -0.02762394993078887, "Eosinophils_max": -0.028375173136722394, "Chloride_min": -0.0349762321736109, "Bilirubin, Total_min": -0.04380405012217803, "Lymphocytes_min": -0.05027906322760021, "Eosinophils_min": -0.07977414575209646, "Potassium_min": -0.09087900294321895, "MCH_max": -0.10684408362955312, "Red Blood Cells_max": -0.11066404117536183, "MCHC_min": -0.11958710988374112, "Bicarbonate_max": -0.1227598626857082, "Calcium, Total_min": -0.15693501660448061, "Hemoglobin_min": -0.1942632727932463, "Temperature_min": -0.2887625586718021, "Creatinine_min": -0.3209449807327265, "Albumin_min": -0.8639742963120896}