{"pH_max": 0.2486825684541398, "Lactate_min": 0.14132352372000995, "Lactate_max": 0.12240789463694723, "Phenytoin_min": 0.1137591447518863, "Anion Gap_min": 0.10707904532049818, "Sodium_max": 0.07541057698059152, "White Blood Cells_min": 0.06165394651777104, "MCV_max": 0.05018874134614105, "PT_min": 0.04821374948346881, "Phosphate_max": 0.04810380359502248, "pCO2_max": 0.036115057682438875, "Urea Nitrogen_min": 0.024964431945651514, "Magnesium_max": 0.023072084786788457, "Bilirubin, Total_max": 0.021173922168280613, "PTT_min": 0.015198191339585979, "Metamyelocytes_max": 0.014022555125669217, "Glucose_min": 0.013370453015579953, "Bands_max": 0.01296654969478309, "INR(PT)_max": 0.011669042636703583, "INR(PT)_min": 0.01133354462653834, "Oxygen_min": 0.010081824625249843, "Oxygen_max": 0.009823309291785617, "Hematocrit_min": 0.00960974616240673, "Potassium_max": 0.004082005360367173, "Polys_min": 0.003955137788633943, "Vancomycin_max": 0.003510030288783731, "Sodium_min": 0.0034244766666786264, "Free Calcium_min": 0.0033727424590483768, "Osmolality, Measured_max": 0.0028357499431533512, "Neutrophils_min": 0.0025311863859715238, "Sodium, Urine_max": 0.0021224491931076386, "O2 Flow_min": 0.001988269078385106, "pO2_min": 0.0015823867850786053, "Asparate Aminotransferase (AST)_min": 0.0011037214581040772, "Lactate Dehydrogenase (LD)_min": 0.0006425311763578592, "Urea Nitrogen, Urine_max": 0.00045015803387700573, "Specific Gravity_max": 0.00036806191081402374, "Urea Nitrogen_max": 0.00034348871650493104, "RBC_max": 0.00019854265961552158, "Alkaline Phosphatase_max": 0.00015455781329608417, "PT_max": 9.684992371354269e-05, "Creatine Kinase (CK)_min": 5.713280933971478e-05, "Hematocrit_max": 4.364667805351072e-05, "Lactate Dehydrogenase (LD)_max": 4.313897720979918e-05, "Lipase_max": 1.8379277043362182e-06, "Specific Gravity_min": -5.363236908905e-06, "Creatine Kinase (CK)_max": -1.1886637068035433e-05, "Granulocyte Count_min": -6.497385334235117e-05, "Oxygen Saturation_max": -0.0001736124337398291, "Glucose_max": -0.00020370894344374577, "Amylase_max": -0.00024357474040212848, "Creatine Kinase, MB Isoenzyme_max": -0.0003213211180407865, "Monocytes_max": -0.0003649105040189619, "Platelet Count_min": -0.00042733072557695574, "Urea Nitrogen, Urine_min": -0.0005538453441618721, "Alkaline Phosphatase_min": -0.0006934947452260007, "Tidal Volume_min": -0.000750122878350483, "pO2_max": -0.0007872339230465936, "Tidal Volume_max": -0.0009839382503371097, "Platelet Count_max": -0.002098202361848044, "Transferrin_min": -0.0029460441075562934, "White Blood Cells_max": -0.003415181824590796, "Base Excess_min": -0.005038694287676634, "Neutrophils_max": -0.005297167975522788, "Sodium, Urine_min": -0.005846389889893346, "Ketone_max": -0.006626166845937309, "Myelocytes_max": -0.008930923073105347, "Chloride_max": -0.012623488182387966, "Calcium, Total_max": -0.013388588399203465, "Potassium_min": -0.013567877239172814, "Phenytoin_max": -0.014444656852174345, "Anion Gap_max": -0.014643858030741317, "Red Blood Cells_min": -0.01527295136271259, "Free Calcium_max": -0.015356636229396151, "Thyroid Stimulating Hormone_max": -0.017268283023199688, "pCO2_min": -0.018186414233821988, "Chloride, Whole Blood_max": -0.01921403285313911, "Bilirubin, Total_min": -0.019248208129500552, "Troponin T_max": -0.020421732708621385, "Monocytes_min": -0.02077503687414207, "Chloride_min": -0.026396807993444016, "Bicarbonate_min": -0.039227040853102677, "Eosinophils_max": -0.039799178434921596, "Bilirubin, Indirect_max": -0.044439342318137225, "Lymphocytes_min": -0.04561034337665244, "pH_min": -0.05047091786939331, "Potassium, Whole Blood_min": -0.05049542921687376, "Uric Acid_max": -0.05705002134514777, "Phosphate_min": -0.059544661730164136, "Eosinophils_min": -0.06949265157023152, "Bicarbonate_max": -0.07772140373102254, "Hemoglobin_max": -0.08250707581866269, "Hemoglobin_min": -0.09719495547918758, "Calcium, Total_min": -0.1426047624393541, "MCH_max": -0.14334278799479838, "Albumin_max": -0.1438508428297631, "Temperature_min": -0.15962076648429552, "Potassium, Whole Blood_max": -0.16639241028623875, "Creatinine_min": -0.19102573328244887, "Albumin_min": -0.21622631086296626}