{"Lactate_max": 0.19448861265222703, "Lactate_min": 0.10916295977213096, "Phenytoin_min": 0.08758823097557022, "Anion Gap_min": 0.08751549846375789, "PT_min": 0.0781481298116686, "Sodium_max": 0.062314402752956896, "Bilirubin, Direct_min": 0.05783093926667872, "Vancomycin_min": 0.043005224613882106, "Bilirubin, Direct_max": 0.033864355076474464, "pCO2_max": 0.032262869551676385, "Myelocytes_max": 0.02885846502555604, "Urea Nitrogen_min": 0.02854840954030232, "CK-MB Index_min": 0.020512493787530717, "Metamyelocytes_max": 0.020342352711358973, "Metamyelocytes_min": 0.019467442645532167, "PEEP_min": 0.016021804386768885, "Osmolality, Measured_max": 0.015841496786636964, "Oxygen_max": 0.01556225914708064, "Bands_min": 0.015046248337949283, "Glucose_min": 0.014659629240836308, "White Blood Cells_min": 0.014590751093193199, "INR(PT)_min": 0.01322943651479566, "Magnesium_max": 0.013216517093346912, "PTT_min": 0.012253361724985484, "Bands_max": 0.010365079136985653, "White Blood Cells_max": 0.009484508309055126, "INR(PT)_max": 0.00891876996299158, "Urobilinogen_min": 0.008624229324295286, "Atypical Lymphocytes_max": 0.007579389122759402, "Myelocytes_min": 0.006219343412139057, "Epithelial Cells_max": 0.0061004613144949454, "Polys_max": 0.005202317192910094, "Potassium, Urine_max": 0.004978019960197733, "Phosphate_max": 0.004285494847785127, "Urea Nitrogen_max": 0.003909635917932189, "Alveolar-arterial Gradient_max": 0.003230068100774419, "Base Excess_min": 0.002956636956669834, "Asparate Aminotransferase (AST)_min": 0.0029494399861007435, "CK-MB Index_max": 0.0026721810059674427, "O2 Flow_min": 0.0024382540582475014, "pO2_min": 0.002083187816852711, "Potassium, Urine_min": 0.0015734785749796992, "Cortisol_max": 0.0015522332748357283, "PT_max": 0.00098607146911898, "Osmolality, Urine_max": 0.0008366198599674792, "Amylase_min": 0.0007776769606310186, "Polys_min": 0.0007472016944425536, "Fibrinogen, Functional_min": 0.0007304190813996544, "WBC_min": 0.0006795381592577801, "Lactate Dehydrogenase (LD)_min": 0.0006760554069112735, "Creatinine, Urine_max": 0.0005760627518761666, "RBC_max": 0.00044013056998125247, "WBC_max": 0.00043163083317625185, "Alkaline Phosphatase_max": 0.0003574794433276352, "Lactate Dehydrogenase (LD)_max": 8.596799340054608e-05, "Asparate Aminotransferase (AST)_max": 8.355455890382637e-05, "Iron_max": 6.055166401999594e-05, "Creatine Kinase (CK)_min": 3.4485326673122126e-05, "Urea Nitrogen, Urine_max": 1.5601753591404965e-05, "Ferritin_max": 4.6140606446306425e-07, "Creatine Kinase (CK)_max": -1.4636972037450299e-05, "Granulocyte Count_min": -4.318422227502011e-05, "Granulocyte Count_max": -4.69737476330881e-05, "Amylase_max": -0.00014224278933560583, "Vancomycin_max": -0.00020070184108868472, "Alanine Aminotransferase (ALT)_max": -0.00034287771423614733, "RBC_min": -0.000399627620731999, "Free Calcium_min": -0.00044354586517621517, "Urea Nitrogen, Urine_min": -0.0004464535339180124, "Creatine Kinase, MB Isoenzyme_min": -0.0005700521944552174, "Alkaline Phosphatase_min": -0.0006180272683459169, "Protein_min": -0.0006297937196894568, "Tidal Volume_max": -0.0007373469579162789, "Required O2_min": -0.0007787330989495564, "Tidal Volume_min": -0.0009209529980135204, "Triglycerides_max": -0.0009731199834967845, "Lipase_min": -0.00099860936353607, "Alanine Aminotransferase (ALT)_min": -0.001030457346112517, "Cortisol_min": -0.0010540024798651835, "Oxygen Saturation_max": -0.0010704206342315849, "Cholesterol Ratio (Total/HDL)_min": -0.001358097336840269, "Nucleated Red Cells_max": -0.0014876313334152237, "Cholesterol, Total_min": -0.001498573577219608, "Creatinine, Urine_min": -0.0018471082128745516, "O2 Flow_max": -0.00204705476457338, "Cholesterol Ratio (Total/HDL)_max": -0.0025776587518855647, "PEEP_max": -0.002756034631314809, "Sodium, Whole Blood_min": -0.003159559509981057, "Base Excess_max": -0.004838989011679581, "Thyroid Stimulating Hormone_min": -0.005072438878231327, "Sodium, Urine_min": -0.005999935604035277, "pCO2_min": -0.012590324071468078, "Thyroid Stimulating Hormone_max": -0.015346929008533277, "Required O2_max": -0.01644341085636378, "Phenytoin_max": -0.016797795876405622, "Protein, Total_max": -0.0211687961929218, "Basophils_max": -0.022791663744512785, "Osmolality, Measured_min": -0.022828592549832917, "Protein, Total_min": -0.02481914841107737, "Uric Acid_max": -0.02729258233336095, "Anion Gap_max": -0.027623267653348597, "Hematocrit, Calculated_max": -0.027927156319852653, "Epithelial Cells_min": -0.030387462798721235, "Troponin T_min": -0.035220126049439, "Sodium, Whole Blood_max": -0.03615218507272554, "Temperature_max": -0.046545886082658125, "Uric Acid_min": -0.048443735919760846, "Calcium, Total_max": -0.06787733296457121, "Bicarbonate_min": -0.08348277014040467, "Potassium, Whole Blood_max": -0.10382831093935031, "Albumin_max": -0.10879260686318193, "Temperature_min": -0.13962495895899102, "Albumin_min": -0.1455900676119693}