{"pH_max": 0.6989569816231719, "Lactate_min": 0.2403362525013936, "Lactate_max": 0.11858698327340868, "Anion Gap_min": 0.10750198444755114, "Bilirubin, Direct_min": 0.0909758717857196, "Phenytoin_min": 0.08918882257644577, "Sodium_max": 0.06462639876779215, "PT_min": 0.06460808402230628, "RDW_min": 0.05313793780055484, "Phosphate_max": 0.04913785037052809, "White Blood Cells_min": 0.048302810359517556, "pCO2_max": 0.032880757659951305, "INR(PT)_min": 0.03191581757815786, "Urea Nitrogen_min": 0.03175754760267224, "Base Excess_max": 0.030192101019694717, "Free Calcium_min": 0.017026508490694824, "Glucose_min": 0.013872058589085126, "PTT_min": 0.013021723231516262, "Oxygen_min": 0.009317130071435328, "Oxygen_max": 0.007981906147303647, "Bands_max": 0.005953324152484107, "Bilirubin, Total_max": 0.0043949795619239364, "Lymphocytes_max": 0.004285885212275374, "Osmolality, Measured_max": 0.003950094831516746, "PT_max": 0.002479041492097061, "pO2_min": 0.002351627098879562, "Neutrophils_min": 0.0018528425674807644, "MCH_max": 0.0010212253687487854, "Specific Gravity_max": 0.0010197825909546044, "Platelet Count_min": 0.0008772148297030706, "Asparate Aminotransferase (AST)_min": 0.0007463335503962753, "Fibrinogen, Functional_min": 0.0005927178773357376, "Lactate Dehydrogenase (LD)_min": 0.0005870413019052445, "Creatine Kinase (CK)_min": 9.700568859019362e-05, "Lactate Dehydrogenase (LD)_max": 3.273538100531327e-05, "Creatine Kinase (CK)_max": -2.5062536201500235e-05, "Glucose_max": -0.00016303926886738598, "Alkaline Phosphatase_max": -0.0002869423905123816, "White Blood Cells_max": -0.0005819259416844497, "Lipase_min": -0.000683514110779851, "Creatinine_max": -0.0007968226508950461, "PEEP_max": -0.0008977439655427106, "pO2_max": -0.0010577140576248625, "Neutrophils_max": -0.001229203000141964, "Tidal Volume_min": -0.0013500590796959812, "Monocytes_max": -0.001661740086502039, "Magnesium_min": -0.0018016099215855648, "Platelet Count_max": -0.002934788784372779, "Sodium, Urine_min": -0.003489770087806716, "pCO2_min": -0.006824031347713822, "Potassium_max": -0.009187451860050376, "Hematocrit_max": -0.012894903041399093, "Chloride, Whole Blood_max": -0.022066128955350168, "Calcium, Total_max": -0.022453942482716094, "Troponin T_max": -0.02263428507897175, "RDW_max": -0.023934479549191128, "Chloride_min": -0.029655300879826218, "Base Excess_min": -0.03552988862036952, "Eosinophils_max": -0.04277704414085549, "Lymphocytes_min": -0.04992236543385625, "Potassium_min": -0.04993295032445752, "Bilirubin, Total_min": -0.06686683940368364, "Hemoglobin_min": -0.06850592213040849, "Red Blood Cells_min": -0.07276627849831531, "Phosphate_min": -0.07595353148581856, "Bicarbonate_max": -0.11963477360163519, "MCHC_min": -0.13040982255184871, "Temperature_min": -0.22263820068512963, "Creatinine_min": -0.3804389374941845, "Albumin_min": -0.7671936008854866}