{"Lactate_max": 0.19067303746919545, "Lactate_min": 0.17106187350677954, "Phenytoin_min": 0.12968277835800932, "Anion Gap_min": 0.07267849128093651, "PT_min": 0.06949830081509745, "Sodium_max": 0.06880147267333428, "Bilirubin, Direct_max": 0.039017001424096115, "Bilirubin, Direct_min": 0.03643372772183882, "Atypical Lymphocytes_max": 0.03549017683992592, "Vancomycin_min": 0.034529952752992574, "pCO2_max": 0.03406770224700024, "Metamyelocytes_min": 0.02972180554582622, "Urea Nitrogen_min": 0.027192870945965175, "Base Excess_max": 0.026082427467817526, "Sodium, Whole Blood_min": 0.025115881078882733, "Phosphate_max": 0.024640458571525633, "PTT_min": 0.017295621781801173, "Bands_min": 0.016609338813500813, "CK-MB Index_min": 0.016518196705123757, "INR(PT)_min": 0.016463704061406615, "Osmolality, Measured_max": 0.014488941560722016, "Glucose_min": 0.014434411315084732, "Myelocytes_max": 0.013100247152935124, "PEEP_min": 0.01286266787833189, "INR(PT)_max": 0.012786926525386611, "White Blood Cells_max": 0.012498463757235952, "CK-MB Index_max": 0.011975624779800374, "Oxygen_min": 0.009644246152090833, "Myelocytes_min": 0.009372435261832509, "Oxygen_max": 0.008812611702438612, "Cholesterol Ratio (Total/HDL)_max": 0.008303153566488503, "Epithelial Cells_max": 0.008165094693259952, "Magnesium_max": 0.007240275530293454, "Alveolar-arterial Gradient_max": 0.006243657493869435, "Potassium, Urine_max": 0.006072433112388456, "Thyroid Stimulating Hormone_min": 0.005166621637988882, "O2 Flow_min": 0.0036907561006426417, "Polys_max": 0.0032711923174140035, "Vancomycin_max": 0.0032630920796105525, "Cholesterol, Total_min": 0.0029570945755269576, "Creatinine, Urine_max": 0.002731472222128574, "Asparate Aminotransferase (AST)_min": 0.0023060337621849188, "pO2_min": 0.0020439322363377446, "Urea Nitrogen_max": 0.0015876193995554698, "PT_max": 0.0014729726058823188, "Iron_max": 0.001403425495114933, "Cortisol_max": 0.0011400824180062305, "Osmolality, Urine_max": 0.0010999844353073577, "Lactate Dehydrogenase (LD)_min": 0.0007940358110998492, "Amylase_min": 0.0007309139580924924, "Fibrinogen, Functional_min": 0.0005866358221189134, "Polys_min": 0.0005600634895483787, "WBC_max": 0.0004934594667125821, "Metamyelocytes_max": 0.00034908318412548464, "RBC_max": 0.0002630270551389541, "Alkaline Phosphatase_max": 9.962788100246879e-05, "RBC_min": 9.765999817728461e-05, "Asparate Aminotransferase (AST)_max": 9.201949524250427e-05, "Lactate Dehydrogenase (LD)_max": 8.44979087810022e-05, "Creatine Kinase (CK)_min": 3.403422138054568e-05, "Ferritin_min": 7.823171016509732e-06, "Ferritin_max": 3.7190040008968626e-06, "Granulocyte Count_min": -1.273765435847048e-05, "Creatine Kinase (CK)_max": -1.5923288327264797e-05, "Granulocyte Count_max": -2.409884874558808e-05, "WBC_min": -6.237563954330586e-05, "Urea Nitrogen, Urine_max": -0.0001238701763546546, "Nucleated Red Cells_max": -0.00026078101764807167, "Alkaline Phosphatase_min": -0.00030041787505931714, "Alanine Aminotransferase (ALT)_max": -0.0003384588097906319, "Amylase_max": -0.0003561401532598095, "Base Excess_min": -0.00044265088393228164, "Triglycerides_min": -0.00046246936320450935, "Urea Nitrogen, Urine_min": -0.000547944079389504, "Triglycerides_max": -0.0005973201867739972, "Cortisol_min": -0.0006257145122604837, "Tidal Volume_max": -0.000870863139672837, "Oxygen Saturation_max": -0.0010093511437547582, "Lipase_min": -0.001042492800440334, "Tidal Volume_min": -0.0011084034417451218, "Potassium, Urine_min": -0.0012821889187761945, "Alanine Aminotransferase (ALT)_min": -0.0012826622751392666, "Creatine Kinase, MB Isoenzyme_min": -0.0013502017320270502, "Protein_min": -0.0014594280234429841, "Bands_max": -0.0019923778559049637, "O2 Flow_max": -0.0021017836287804594, "Chloride, Whole Blood_min": -0.002325655730778732, "Required O2_min": -0.002625325356986116, "Creatinine, Urine_min": -0.003725211587821843, "Sodium, Urine_max": -0.004581768987946894, "pCO2_min": -0.004629894609579056, "Cholesterol, LDL, Calculated_max": -0.00549425303008173, "PEEP_max": -0.006412396003074203, "Calculated Total CO2_min": -0.013544662391800421, "Anion Gap_max": -0.014710587890795991, "Osmolality, Measured_min": -0.014783299497694528, "Bicarbonate_min": -0.020505363678660744, "Phenytoin_max": -0.021366345322119024, "Thyroid Stimulating Hormone_max": -0.023587516698613524, "Troponin T_min": -0.029798985355453573, "Protein, Total_max": -0.03207235699920912, "Required O2_max": -0.03447112241678086, "Protein, Total_min": -0.03699086870533302, "Epithelial Cells_min": -0.03882916940328256, "Troponin T_max": -0.04134200846371217, "tacroFK_max": -0.04218113581520463, "Uric Acid_max": -0.04487454085327033, "Calcium, Total_max": -0.04638469952290187, "Sodium, Whole Blood_max": -0.048342254670503126, "Temperature_max": -0.04956750787410938, "Lymphocytes_min": -0.053800658144622766, "Uric Acid_min": -0.06096014812495224, "Bicarbonate_max": -0.08936562282851146, "Albumin_max": -0.15739304507862134, "Calcium, Total_min": -0.18080110834044597, "Temperature_min": -0.19932952404137577, "Albumin_min": -0.2158103302417626}