{"Albumin_min": -0.5945380053056015, "Alveolar-arterial Gradient_min": -0.5626197842353519, "Cholesterol, Total_max": -0.5135708737012329, "Transferrin_max": -0.5105595493219752, "Osmolality, Measured_min": -0.5087431408727995, "Uric Acid_min": -0.42278825132599646, "mca_8": -0.3001188037519217, "Eosinophils_max": -0.2863112554157991, "Urea Nitrogen, Urine_min": -0.2739877515925446, "Tidal Volume_max": -0.26667271170243667, "Cholesterol, LDL, Calculated_min": -0.2609685879689016, "Temperature_min": -0.2513052818144925, "Protein, Total_min": -0.23713195756341457, "Bicarbonate_min": -0.2319054526999621, "Required O2_max": -0.22670296189903133, "Phenytoin_max": -0.226462312030109, "Alanine Aminotransferase (ALT)_min": -0.20123600266250338, "Calculated Total CO2_min": -0.1847811584415587, "Calcium, Total_min": -0.18186729515536768, "Tidal Volume_min": -0.18168166047094128, "Thyroid Stimulating Hormone_max": -0.17430017094848582, "Creatine Kinase, MB Isoenzyme_max": -0.1656503001914347, "Creatinine, Urine_min": -0.1482574568709498, "Chloride, Whole Blood_max": -0.14370092513970587, "Amylase_max": -0.13062181428592917, "Sodium, Whole Blood_max": -0.11980257349383851, "Granulocyte Count_min": -0.11563061234540661, "Epithelial Cells_min": -0.11144896968417249, "Sodium, Urine_max": -0.1025311329762411, "Base Excess_max": -0.10142753776447624, "Asparate Aminotransferase (AST)_max": -0.10048982257545123, "Triglycerides_max": -0.09908540587971028, "Granulocyte Count_max": -0.09770505391410772, "Triglycerides_min": -0.08935569446827439, "Cholesterol, HDL_max": -0.08645660465819348, "PEEP_max": -0.08123619971883782, "Creatine Kinase (CK)_max": -0.07896274812485063, "pCO2_min": -0.07834241660361389, "Lipase_min": -0.07581221982858463, "Vitamin B12_max": -0.07482942766243608, "O2 Flow_max": -0.07215114894046827, "Fibrinogen, Functional_max": -0.06771621050898585, "Protein_max": -0.0567791470062988, "Urea Nitrogen_max": -0.05569504106345609, "Sodium, Urine_min": -0.054512043637244934, "Nucleated Red Cells_max": -0.05392767003137923, "Cholesterol, LDL, Calculated_max": -0.04654045608015851, "Iron_max": -0.043919068272757336, "Troponin T_min": -0.03904188928637837, "Protein_min": -0.03592609864097387, "Albumin_max": -0.03260272193568144, "Osmolality, Urine_min": -0.032369202620825245, "Alkaline Phosphatase_max": -0.0227015656162883, "Metamyelocytes_max": -0.02199093225383575, "Cholesterol Ratio (Total/HDL)_min": -0.01552600708718607, "Troponin T_max": -0.015108808429114037, "Chloride, Whole Blood_min": -0.007397383023446551, "Cortisol_max": -0.007236865759304068, "Ferritin_max": -0.00574325816796697, "Oxygen Saturation_max": -0.005738431954146815, "Urobilinogen_min": -0.004019575952831808, "Magnesium_max": -0.002260793798579509, "RBC_max": 0.007586301510878265, "Sodium, Whole Blood_min": 0.007947542936669341, "Phosphate_max": 0.008365597838506308, "WBC_min": 0.01241024055672352, "RBC_min": 0.013173541696965139, "Myelocytes_min": 0.013916663844423261, "Calcium, Total_max": 0.01779601461452716, "Thyroid Stimulating Hormone_min": 0.01851446331896793, "Alkaline Phosphatase_min": 0.031165151159760048, "Vancomycin_max": 0.032526415339915606, "Anion Gap_max": 0.03537686084039646, "Ferritin_min": 0.03782219955991613, "Bands_max": 0.03798112015286051, "INR(PT)_max": 0.03800023385255597, "Atypical Lymphocytes_max": 0.039299237214694194, "WBC_max": 0.04509765491427715, "Nucleated Red Cells_min": 0.04953414054361239, "Metamyelocytes_min": 0.05042134860998032, "Cortisol_min": 0.051720291675322716, "Creatine Kinase, MB Isoenzyme_min": 0.05296679609988887, "Potassium, Urine_max": 0.05414345128802312, "Urobilinogen_max": 0.05893805327519922, "Creatine Kinase (CK)_min": 0.06112308322232605, "Polys_min": 0.06667202996415322, "Bands_min": 0.07082452953571249, "Amylase_min": 0.0730019951889827, "O2 Flow_min": 0.07449778282617017, "Potassium, Urine_min": 0.07534425756009738, "CK-MB Index_min": 0.07839743216820035, "Myelocytes_max": 0.08152390241904554, "Epithelial Cells_max": 0.08192702241524939, "PEEP_min": 0.08272803096679027, "PT_min": 0.10023432847380916, "Base Excess_min": 0.10103350711188382, "CK-MB Index_max": 0.10239785123938039, "Creatinine, Urine_max": 0.10589507281068011, "Iron_min": 0.10896838079675535, "Bilirubin, Direct_min": 0.11118892080763755, "Cholesterol Ratio (Total/HDL)_max": 0.12057843102669494, "Free Calcium_min": 0.12145546328696434, "PTT_min": 0.1221854723758599, "Urea Nitrogen, Urine_max": 0.12346896110984246, "Osmolality, Urine_max": 0.1344940432972533, "Lactate Dehydrogenase (LD)_max": 0.13778961686699212, "White Blood Cells_max": 0.1504565091298121, "Uric Acid_max": 0.15364704989172084, "Bilirubin, Direct_max": 0.16712497423147965, "Temperature_max": 0.1672755220517814, "INR(PT)_min": 0.17014274075360533, "Fibrinogen, Functional_min": 0.17203832641068442, "Polys_max": 0.18472169312232398, "Oxygen_max": 0.2209143819637455, "Vancomycin_min": 0.24414331653019633, "mca_7": 0.253975489026044, "Sodium_max": 0.2568200184743273, "Protein, Total_max": 0.2680903601932428, "Cholesterol, HDL_min": 0.28408143755441, "Lactate_min": 0.29232222912720063, "Iron Binding Capacity, Total_min": 0.311610373599029, "Oxygen_min": 0.33252523595866745, "Lactate Dehydrogenase (LD)_min": 0.35798942843476395, "Alveolar-arterial Gradient_max": 0.3644393552421167, "Lactate_max": 0.40590514517795584, "Required O2_min": 0.4768886927628421, "Glucose_min": 0.4930263286962796, "pCO2_max": 0.509803214584631, "Urea Nitrogen_min": 0.5336159632173063, "Osmolality, Measured_max": 0.570005187221474, "Cholesterol, Total_min": 0.5733067146805075, "Phenytoin_min": 0.7130338182680738, "Asparate Aminotransferase (AST)_min": 0.7490666899137142}