{"pH_max": 0.36639948808424705, "MCH_min": 0.15983209420386804, "Lactate_min": 0.15154791492752598, "Lactate_max": 0.14493521969154508, "Phenytoin_min": 0.13828302481890598, "Anion Gap_min": 0.09228910555156339, "Sodium_max": 0.07427561282351375, "PT_min": 0.060949368113611346, "Bilirubin, Direct_max": 0.06037285414435991, "Temperature_max": 0.05202994595591995, "Phosphate_max": 0.0405222587065978, "Hematocrit, Calculated_min": 0.04008819019452177, "White Blood Cells_min": 0.03881400889146184, "pCO2_max": 0.0379882661603181, "RDW_max": 0.03714248556676669, "Magnesium_max": 0.034404080931874595, "Hematocrit_min": 0.028525491892483285, "Urea Nitrogen_min": 0.02349937742777579, "Basophils_max": 0.020634265857458107, "Osmolality, Measured_max": 0.01740653859233634, "INR(PT)_min": 0.016045241498591645, "Glucose_min": 0.014815048148692375, "Oxygen_max": 0.011105266374565922, "PTT_min": 0.01035168819104789, "Oxygen_min": 0.008827719701069785, "Bands_max": 0.007811282828878387, "PEEP_min": 0.006448441628377443, "White Blood Cells_max": 0.004394468787076994, "Bilirubin, Total_max": 0.004330960570655685, "Lymphocytes_max": 0.0042755138034677705, "PTT_max": 0.0028278080461952475, "Neutrophils_max": 0.0023573339073444917, "pO2_min": 0.0017392742707231304, "Required O2_min": 0.0017385059756353087, "Free Calcium_min": 0.001631992306807337, "Alveolar-arterial Gradient_max": 0.0013586633081112977, "Asparate Aminotransferase (AST)_min": 0.0009751026895126143, "Specific Gravity_max": 0.0008011805931789622, "Lactate Dehydrogenase (LD)_min": 0.0005939441486221629, "Creatine Kinase, MB Isoenzyme_min": 0.0004327675519098271, "WBC_min": 0.0003438503129288672, "Chloride_max": 0.00028904284607022624, "WBC_max": 0.00027685332579828963, "Fibrinogen, Functional_min": 0.00017113301693712435, "Lactate Dehydrogenase (LD)_max": 9.963971612598571e-05, "Fibrinogen, Functional_max": 7.062344400324538e-05, "Creatinine, Urine_min": 9.826858547040905e-06, "Lipase_max": 3.6430080516276e-06, "Creatine Kinase (CK)_max": -1.5849636600638994e-05, "Glucose_max": -0.0001663623154964405, "Alanine Aminotransferase (ALT)_max": -0.00018363178850771883, "Amylase_max": -0.00028972964671132654, "pO2_max": -0.00037138917683026453, "Platelet Count_min": -0.0003868440933102576, "Tidal Volume_min": -0.0008277109989212102, "Tidal Volume_max": -0.0010169524446131675, "Cholesterol, LDL, Calculated_max": -0.0013240877241771376, "Urea Nitrogen_max": -0.0019078161015332448, "Platelet Count_max": -0.0020667123767910225, "PEEP_max": -0.002451824004140715, "Sodium, Urine_min": -0.004312344430394054, "Base Excess_min": -0.0059188748302223685, "RDW_min": -0.008239881243377278, "Chloride, Whole Blood_max": -0.011891652740677518, "pCO2_min": -0.014250190762788594, "Sodium_min": -0.015283782832778457, "Calcium, Total_max": -0.015701875454734716, "Osmolality, Measured_min": -0.018206088399742127, "Potassium_min": -0.018612319620999736, "Thyroid Stimulating Hormone_max": -0.020071918259063896, "Chloride_min": -0.020258972750196266, "Creatinine_max": -0.02140385819968604, "Bicarbonate_min": -0.02222327687683442, "MCV_max": -0.03205943127223705, "Potassium_max": -0.04049745488158185, "Lymphocytes_min": -0.04324290178596772, "Troponin T_max": -0.043369770769376745, "Eosinophils_max": -0.04646164961652251, "Bilirubin, Total_min": -0.053564898787527154, "pH_min": -0.07501634985534882, "Phosphate_min": -0.07951762459761481, "Bicarbonate_max": -0.08351910460995456, "MCHC_min": -0.08430923684356414, "MCHC_max": -0.10506606661203141, "Hemoglobin_min": -0.13121191405199434, "Hemoglobin_max": -0.14073070485941544, "Calcium, Total_min": -0.19765589086695143, "Temperature_min": -0.2115686556857726, "Albumin_max": -0.2310948851486597, "Albumin_min": -0.35266256519205447}