{"Lactate_max": 0.17537517228164856, "pH_max": 0.16842485566385063, "Lactate_min": 0.11226442001351086, "Bilirubin, Direct_min": 0.10679250951156966, "Anion Gap_min": 0.09099777705763545, "Phenytoin_min": 0.08980130669839795, "Sodium_max": 0.07483038382754587, "PT_min": 0.056415778371469535, "White Blood Cells_min": 0.05613445685896778, "Phosphate_max": 0.039512595544792556, "pCO2_max": 0.03568553886769307, "Atypical Lymphocytes_max": 0.031397707960634694, "Urea Nitrogen_min": 0.025482439367301535, "Vancomycin_min": 0.023380998778509427, "Sodium, Whole Blood_min": 0.02153045659621518, "Basophils_max": 0.02025222150880504, "Base Excess_max": 0.020064748788132285, "Required O2_min": 0.018434582471397568, "Metamyelocytes_max": 0.017239053892979295, "Red Blood Cells_max": 0.01656378215932589, "MCH_min": 0.015263061611736229, "Temperature_max": 0.014961668386670008, "Osmolality, Measured_max": 0.014589241677056013, "RDW_min": 0.01359889631217078, "Magnesium_max": 0.01270552500432241, "Glucose_min": 0.012320023329138277, "PEEP_min": 0.012113056427567988, "INR(PT)_min": 0.011575268154128467, "MCV_min": 0.011437603174694508, "Oxygen_max": 0.010971261057702113, "MCV_max": 0.009922944813062107, "PTT_min": 0.009588603789523488, "Oxygen_min": 0.00882928721650426, "Myelocytes_min": 0.00711286337398811, "Bands_max": 0.006992158873479029, "Hematocrit, Calculated_max": 0.004707318770539064, "Cortisol_max": 0.0036431959743129867, "Magnesium_min": 0.0036243527283220042, "White Blood Cells_max": 0.003247790928747369, "Lymphocytes_max": 0.0029730452965263145, "Neutrophils_min": 0.00293143970275216, "O2 Flow_min": 0.0029308286073284192, "pO2_min": 0.0026020115191111378, "Cholesterol, HDL_max": 0.0023265865409334767, "PT_max": 0.0022522028826203765, "Polys_min": 0.0022311465808620753, "PTT_max": 0.0020388972484371767, "Calculated Total CO2_max": 0.0017366091978734503, "Osmolality, Urine_max": 0.0016738735038963526, "Alveolar-arterial Gradient_max": 0.0015798718937880245, "Asparate Aminotransferase (AST)_min": 0.0015373907554460991, "Amylase_min": 0.0011745350632262734, "Epithelial Cells_max": 0.001003044803071325, "Urea Nitrogen_max": 0.0008789712725043615, "Vancomycin_max": 0.0008423021499866343, "WBC_max": 0.0008186882841880923, "RBC_min": 0.0005708020960559794, "Lactate Dehydrogenase (LD)_min": 0.00047982857504635256, "Fibrinogen, Functional_max": 0.00026324248071781675, "Fibrinogen, Functional_min": 0.0002061481255694389, "Alkaline Phosphatase_max": 0.00011869835647007672, "Specific Gravity_max": 0.00010295169346415002, "Creatine Kinase (CK)_min": 7.052682666433895e-05, "Lactate Dehydrogenase (LD)_max": 6.144210584250258e-05, "Asparate Aminotransferase (AST)_max": 4.359977846642208e-05, "Glucose_max": 2.3785122308045585e-05, "Ferritin_min": 6.493175640980168e-06, "Lipase_max": 4.545380187781825e-06, "Creatine Kinase (CK)_max": -1.846436877279406e-05, "Granulocyte Count_max": -4.002614277536075e-05, "Phenytoin_max": -4.984760534228505e-05, "Platelet Count_min": -0.00010620673189270079, "Vitamin B12_min": -0.00011962825628165889, "Free Calcium_min": -0.0001550703364173261, "Specific Gravity_min": -0.0001783089252520585, "Alanine Aminotransferase (ALT)_max": -0.00019404281986414132, "Osmolality, Urine_min": -0.00019652727199727076, "Monocytes_max": -0.00040694455621174687, "Creatine Kinase, MB Isoenzyme_min": -0.0004346453025974036, "Amylase_max": -0.0005132947788979913, "Urea Nitrogen, Urine_min": -0.0005769092725974959, "Protein_min": -0.0006095342300149083, "Alkaline Phosphatase_min": -0.0006586437622640999, "Oxygen Saturation_max": -0.0007096898276451754, "Tidal Volume_max": -0.000723902643926736, "pO2_max": -0.0007862217092790648, "WBC_min": -0.0008258650472732239, "Alanine Aminotransferase (ALT)_min": -0.0008930265445650055, "Tidal Volume_min": -0.0010430720024655212, "Lipase_min": -0.001098856718695925, "Required O2_max": -0.0014712392926530139, "Creatinine, Urine_min": -0.001687257233717357, "Platelet Count_max": -0.002080069606344225, "Cortisol_min": -0.002853247577538203, "Alveolar-arterial Gradient_min": -0.0032638782676633845, "Hematocrit_min": -0.0035308635674284974, "Sodium, Urine_max": -0.0036086538685938755, "Ketone_max": -0.004830046309426369, "Creatinine_max": -0.0049381826714359435, "PEEP_max": -0.005183395050160915, "pCO2_min": -0.008158660125123047, "Neutrophils_max": -0.008225001183201257, "Red Blood Cells_min": -0.010793531360767892, "Chloride_min": -0.011536312201648967, "Sodium_min": -0.0118234229605062, "Calcium, Total_max": -0.014713355496564082, "Osmolality, Measured_min": -0.015082279697752794, "Free Calcium_max": -0.0166923350125756, "Protein, Total_max": -0.01676078909643709, "Chloride_max": -0.01687267232891439, "Bilirubin, Indirect_min": -0.017456337794947846, "Base Excess_min": -0.017715973474985432, "Troponin T_max": -0.017806244958978423, "Troponin T_min": -0.018564475100997596, "Hematocrit_max": -0.01918236252722108, "Potassium_min": -0.01964090832207764, "Hemoglobin_max": -0.02152781785740909, "Anion Gap_max": -0.02478834923346677, "Cholesterol Ratio (Total/HDL)_min": -0.026150204936950437, "pH_min": -0.027776297778590208, "Monocytes_min": -0.032348633465991004, "Bicarbonate_min": -0.03239419802187145, "Bilirubin, Total_min": -0.03561356504563422, "Potassium_max": -0.035991905804336886, "Phosphate_min": -0.037499249070271135, "Eosinophils_max": -0.03830226953954619, "Sodium, Whole Blood_max": -0.038321051624120694, "MCH_max": -0.04111980254660938, "Bilirubin, Indirect_max": -0.0423491088315799, "MCHC_min": -0.051475623615987905, "Hemoglobin_min": -0.05180310650806531, "Lymphocytes_min": -0.0532587389797203, "MCHC_max": -0.06483880953249438, "Eosinophils_min": -0.06765253078048374, "Albumin_max": -0.09847684076487073, "Bicarbonate_max": -0.09929599583163613, "Calcium, Total_min": -0.10185477931906943, "Temperature_min": -0.11793878679509238, "Creatinine_min": -0.12467728916522546, "Albumin_min": -0.14709593686150985}