{"Lactate_max": 0.17864119587393498, "pH_max": 0.12325825338952885, "Lactate_min": 0.11688524063656175, "Anion Gap_min": 0.0904638030751394, "Sodium_max": 0.08600391442307564, "Bilirubin, Direct_max": 0.07351311379125117, "Phenytoin_min": 0.07180316022763449, "PT_min": 0.06501042877605769, "White Blood Cells_min": 0.05397407243880803, "Atypical Lymphocytes_max": 0.04860909130109243, "pCO2_max": 0.034311925493082714, "Phosphate_max": 0.027338521426046092, "Vancomycin_min": 0.02603355540541304, "Urea Nitrogen_min": 0.0237388801052121, "MCV_max": 0.02240821585421638, "Bands_min": 0.019751520932542472, "RDW_max": 0.01590913331588957, "Base Excess_max": 0.01545975975382684, "MCH_min": 0.0136337808746319, "Glucose_min": 0.013160849056036865, "INR(PT)_min": 0.012435964462243413, "Oxygen_max": 0.011862758644548591, "PEEP_min": 0.011295779111393647, "Atypical Lymphocytes_min": 0.009323254974721848, "RDW_min": 0.008007413325364327, "PTT_min": 0.007310689397151218, "Red Blood Cells_max": 0.006932542284321244, "Oxygen_min": 0.006842105860702032, "Required O2_max": 0.006592898088555267, "Potassium, Urine_max": 0.005860783362175957, "Osmolality, Measured_max": 0.005231955933051941, "Polys_max": 0.004464889115918165, "Monocytes_max": 0.0027422565765926796, "PTT_max": 0.002470863633773866, "Asparate Aminotransferase (AST)_min": 0.002344017797206769, "Epithelial Cells_max": 0.002281991226105692, "pO2_min": 0.0021959166248837424, "O2 Flow_min": 0.0019154911548335892, "Vancomycin_max": 0.0014326063543189144, "Cortisol_max": 0.001391902878366309, "Creatine Kinase, MB Isoenzyme_min": 0.00124658256072407, "PT_max": 0.0010258956291971724, "Neutrophils_min": 0.0009662057048199055, "Urea Nitrogen_max": 0.0007303715393175261, "White Blood Cells_max": 0.000604307222910829, "WBC_max": 0.000563011112632012, "Fibrinogen, Functional_min": 0.0005474874090117968, "Lactate Dehydrogenase (LD)_min": 0.0005421333247889079, "RBC_max": 0.0005004598484255947, "Magnesium_min": 0.000455169895711686, "Free Calcium_min": 0.00040713901842263434, "Sodium, Urine_max": 0.00020913864795377287, "Lactate Dehydrogenase (LD)_max": 0.00013179960986744546, "Creatine Kinase (CK)_min": 8.701465066941766e-05, "Lipase_max": 2.461747428823875e-06, "Ferritin_max": -6.102861247861766e-07, "Creatine Kinase (CK)_max": -1.1848825495225757e-05, "Granulocyte Count_max": -1.2016141657463603e-05, "Bands_max": -2.4019362915620412e-05, "Asparate Aminotransferase (AST)_max": -8.189535526786833e-05, "Glucose_max": -0.00015483737517501124, "Alveolar-arterial Gradient_min": -0.00021116142349925503, "Alkaline Phosphatase_min": -0.0004352502942222753, "Oxygen Saturation_min": -0.0005135121081314174, "Platelet Count_min": -0.000597656909660723, "WBC_min": -0.0006357612385159982, "Specific Gravity_max": -0.0006845982253579659, "Triglycerides_min": -0.0007338981456087028, "Tidal Volume_max": -0.0009290661231762332, "Lipase_min": -0.0009525000268393573, "Specific Gravity_min": -0.0009551873263903911, "pO2_max": -0.0010104454118483389, "Tidal Volume_min": -0.0010701514910532088, "Creatine Kinase, MB Isoenzyme_max": -0.0013619421109505368, "Lymphocytes_max": -0.00137018498345749, "Alanine Aminotransferase (ALT)_min": -0.0013901349486221378, "Platelet Count_max": -0.0018790599591503288, "Creatinine_max": -0.0034965652212309213, "PEEP_max": -0.0037780434695132573, "Sodium, Urine_min": -0.004197032553560131, "Transferrin_min": -0.004793997309179995, "Chloride_max": -0.006625767853863761, "pCO2_min": -0.008617069524277342, "Base Excess_min": -0.009867237202057426, "Temperature_max": -0.009920633910034659, "Hematocrit_max": -0.010005846891029175, "Free Calcium_max": -0.01282078477375763, "Bilirubin, Total_max": -0.013351716166101483, "Chloride_min": -0.015050336382017008, "Anion Gap_max": -0.01864910162769976, "Red Blood Cells_min": -0.01935674723692325, "Chloride, Whole Blood_max": -0.022219009276660682, "Calcium, Total_max": -0.02230652345631459, "Potassium_min": -0.02267164461438665, "Thyroid Stimulating Hormone_max": -0.02426177636501404, "Troponin T_min": -0.024360292361537996, "Monocytes_min": -0.02495051752726338, "Calculated Total CO2_min": -0.0257844390292543, "Potassium_max": -0.026019462855032455, "Troponin T_max": -0.027182727002477612, "Sodium_min": -0.027859814597310618, "pH_min": -0.03260497234977726, "Hemoglobin_max": -0.03309817548261596, "Bilirubin, Total_min": -0.0346970120929445, "Potassium, Whole Blood_min": -0.034790961430977686, "Lymphocytes_min": -0.036101658658235766, "Phosphate_min": -0.03633813643789771, "Eosinophils_max": -0.04760184947468323, "Uric Acid_min": -0.053414555627575896, "Eosinophils_min": -0.05568905006966479, "MCH_max": -0.06077932915310147, "Hemoglobin_min": -0.07041456372455471, "Albumin_max": -0.08061544167113846, "Calcium, Total_min": -0.08433187187799275, "Bicarbonate_max": -0.10001395356641421, "Potassium, Whole Blood_max": -0.10189445660230868, "Creatinine_min": -0.10607635958794766, "MCHC_max": -0.10977978813270081, "Temperature_min": -0.11095007553363204, "Albumin_min": -0.1175884205107242}