{"pH_max": 0.31196137401700086, "Lactate_min": 0.18489849047635476, "Lactate_max": 0.13155350496015267, "Phenytoin_min": 0.10423122111241924, "Anion Gap_min": 0.09208137772718049, "Sodium_max": 0.07143554573983575, "PT_min": 0.06366342638278195, "White Blood Cells_min": 0.05159335196335796, "Phosphate_max": 0.04803727765081063, "MCV_min": 0.04398653940927296, "pCO2_max": 0.03313792318561274, "Calculated Total CO2_max": 0.03179219555752795, "RDW_max": 0.029801945422776685, "Red Blood Cells_max": 0.028950183010735955, "Urea Nitrogen_min": 0.027850719791362628, "Bilirubin, Total_max": 0.022065719110882946, "Osmolality, Measured_max": 0.019644550669573678, "Metamyelocytes_max": 0.017836614027295625, "Anion Gap_max": 0.017418904179332485, "Glucose_min": 0.014390369100000907, "INR(PT)_min": 0.014083579904028977, "Magnesium_min": 0.011511972044154231, "PTT_min": 0.009372022926010325, "Magnesium_max": 0.009312338031476684, "Oxygen_min": 0.00926646592191438, "Oxygen_max": 0.009162514582905396, "Hematocrit_min": 0.007274028810155643, "PEEP_min": 0.0067386892662995015, "Potassium, Urine_max": 0.006417441921519634, "Chloride_max": 0.005840371432306993, "Vancomycin_max": 0.005050172393018617, "Temperature_max": 0.0044456009298652925, "Free Calcium_min": 0.0036461269394067147, "Hematocrit_max": 0.003444938012113202, "pO2_min": 0.002569248853094838, "PTT_max": 0.0022790306093457622, "Neutrophils_min": 0.0021649504418611134, "Lymphocytes_max": 0.002042849298945199, "Fibrinogen, Functional_min": 0.0008818693939781826, "Osmolality, Urine_min": 0.0008231208873793051, "Alveolar-arterial Gradient_max": 0.0006861169886308642, "Amylase_min": 0.0006718337615351077, "PT_max": 0.0006711216329234082, "Lactate Dehydrogenase (LD)_min": 0.0005997017182275552, "Alanine Aminotransferase (ALT)_min": 0.00041893501709485786, "Platelet Count_min": 0.0003539620301989785, "RBC_max": 0.0002620505164251599, "Asparate Aminotransferase (AST)_max": 0.00010495311239509011, "Creatine Kinase (CK)_min": 9.265058615951626e-05, "Lactate Dehydrogenase (LD)_max": 5.8250371888414763e-05, "Creatine Kinase (CK)_max": -1.72580946125099e-05, "Granulocyte Count_max": -3.345561296626791e-05, "RDW_min": -4.113310380378597e-05, "Lipase_min": -0.00013161823354633642, "Lipase_max": -0.00026484087189430157, "Glucose_max": -0.00028116901576249646, "Alanine Aminotransferase (ALT)_max": -0.00032540441224640515, "Fibrinogen, Functional_max": -0.0005533196115518346, "Nucleated Red Cells_max": -0.0006045448657171618, "Urea Nitrogen, Urine_min": -0.0006329068696724937, "Urea Nitrogen_max": -0.0008876059337157502, "Oxygen Saturation_min": -0.00100978547308772, "pO2_max": -0.0010183487211190118, "Tidal Volume_min": -0.0012171606906764946, "Specific Gravity_min": -0.0018302321139274122, "Monocytes_max": -0.00247210418379377, "Platelet Count_max": -0.002550241751914961, "Cholesterol, Total_min": -0.003011889635399503, "Sodium, Urine_min": -0.003060426272925572, "Creatinine_max": -0.003269973313977994, "Calcium, Total_max": -0.0041975896491051375, "White Blood Cells_max": -0.004693491515397443, "Base Excess_min": -0.007984440863491005, "Neutrophils_max": -0.00823992885505443, "Sodium, Whole Blood_min": -0.011535963010375207, "Red Blood Cells_min": -0.014213759467958735, "Chloride_min": -0.015139255132250696, "pCO2_min": -0.017667702520875978, "Potassium_max": -0.01883602593600268, "Osmolality, Measured_min": -0.022467898611256972, "Basophils_min": -0.02601315297213418, "Monocytes_min": -0.027189391741163547, "Sodium_min": -0.028503394271355693, "Potassium_min": -0.04213148931916389, "Bilirubin, Total_min": -0.045396630944716854, "Troponin T_min": -0.050248271388942334, "Eosinophils_max": -0.05064059531839401, "Lymphocytes_min": -0.05870138657907595, "Potassium, Whole Blood_min": -0.06471100537026932, "pH_min": -0.07208178786300044, "Hemoglobin_min": -0.08938273662734265, "Hemoglobin_max": -0.09027427783600453, "MCH_min": -0.09257164784799521, "Uric Acid_min": -0.10493638204855645, "Bicarbonate_max": -0.11173585536793677, "Albumin_max": -0.17607843771161638, "Calcium, Total_min": -0.18573061160654786, "Temperature_min": -0.20614369388084078, "Creatinine_min": -0.21543546957634985, "Albumin_min": -0.27459041313966}