{"pH_max": 0.6222791045911156, "Lactate_min": 0.2110374991062789, "Lactate_max": 0.13978071642116421, "Anion Gap_min": 0.07735584857413705, "PT_min": 0.07455328763399403, "Sodium_max": 0.06481299372221888, "White Blood Cells_min": 0.04599469412006979, "RDW_max": 0.040488574996884574, "pCO2_max": 0.034208505051874886, "Urea Nitrogen_min": 0.025227219661701206, "Calculated Total CO2_max": 0.01823921850418553, "Glucose_min": 0.01369164009071041, "PTT_min": 0.00903739990264112, "Bilirubin, Total_max": 0.006091310213715663, "pO2_min": 0.0027640436765985, "Osmolality, Measured_max": 0.0019083173388105487, "Asparate Aminotransferase (AST)_min": 0.0014674717709444146, "PTT_max": 0.0013843357085576667, "PT_max": 0.00125682644533421, "Fibrinogen, Functional_max": 0.00033380893064839927, "Platelet Count_min": 6.698122490299286e-05, "Lactate Dehydrogenase (LD)_max": 5.957626288313341e-05, "Glucose_max": -2.5819839436968254e-05, "Monocytes_max": -0.00043621681256521413, "Oxygen Saturation_min": -0.0007838298330133032, "pO2_max": -0.0009949789493648696, "Tidal Volume_min": -0.0012572972983795308, "Platelet Count_max": -0.002393228326314418, "Base Excess_min": -0.008868216502815622, "pCO2_min": -0.013301116563079661, "MCH_min": -0.02695515901896422, "Sodium_min": -0.03525253798119274, "Calcium, Total_max": -0.0365492682609874, "Bilirubin, Total_min": -0.04656673195274241, "Eosinophils_max": -0.05365583742591793, "Lymphocytes_min": -0.05836464233780546, "Bicarbonate_max": -0.10282094884759058, "Albumin_max": -0.11625855317436888, "Temperature_min": -0.29927116832795453, "Albumin_min": -0.7799506463750789}