{"pH_max": 0.2948580004741177, "Lactate_min": 0.1521368024026142, "Lactate_max": 0.14425620799272035, "Phenytoin_min": 0.13472900783457417, "Anion Gap_min": 0.08907432301296983, "Bilirubin, Direct_max": 0.0789381889595307, "Sodium_max": 0.0776006890639433, "Temperature_max": 0.04139778530013352, "White Blood Cells_min": 0.04058529444945059, "pCO2_max": 0.03233651677887663, "Urea Nitrogen_min": 0.032180296056455025, "CK-MB Index_min": 0.031520275315964685, "Atypical Lymphocytes_max": 0.03143078080792984, "Magnesium_max": 0.028888591364822785, "PT_min": 0.026574786036617854, "Basophils_max": 0.026197010136674307, "Vancomycin_min": 0.02408733878330251, "Red Blood Cells_max": 0.02198202668979937, "RDW_max": 0.017727988281993703, "Oxygen_min": 0.014661987156868443, "Glucose_min": 0.014373642691893672, "PEEP_min": 0.013934615048496362, "PTT_min": 0.013836097382290646, "Base Excess_max": 0.012809884629060929, "INR(PT)_min": 0.010945246808778267, "Magnesium_min": 0.010942780402794774, "Neutrophils_min": 0.00874661789370867, "Osmolality, Measured_max": 0.007957947758010571, "MCV_max": 0.007851900295436089, "Bands_max": 0.006651526610098373, "Urobilinogen_min": 0.006370167523282925, "MCV_min": 0.00594304006669299, "Lymphocytes_max": 0.0043843030680272245, "White Blood Cells_max": 0.003973195316666768, "Potassium, Urine_min": 0.003948875238309177, "Free Calcium_min": 0.0037922689118828077, "PT_max": 0.003460881642939751, "Asparate Aminotransferase (AST)_min": 0.002926030783760939, "Creatinine, Urine_max": 0.0027545790048508646, "Polys_max": 0.0020014674625759977, "pO2_min": 0.001978987467184034, "PTT_max": 0.0017762967269133666, "O2 Flow_max": 0.0017072917546522173, "Alveolar-arterial Gradient_max": 0.00158422512105574, "Amylase_min": 0.0008163574302286851, "Lactate Dehydrogenase (LD)_min": 0.000711503619953074, "Osmolality, Urine_min": 0.0005806396248025687, "Fibrinogen, Functional_min": 0.00036068278842830547, "RBC_min": 0.00027353497294789865, "Alkaline Phosphatase_max": 0.00025623405891311287, "Specific Gravity_max": 0.0002377286652677464, "WBC_max": 0.0002316324327213384, "Oxygen Saturation_min": 0.00017794132687479756, "Fibrinogen, Functional_max": 0.00011797703110067405, "Creatine Kinase (CK)_min": 0.00010349040532297371, "Lactate Dehydrogenase (LD)_max": 7.808507678775921e-05, "Alveolar-arterial Gradient_min": 5.1279684505819723e-05, "Ferritin_max": 4.055370989685118e-06, "Lipase_max": 3.6289346978772945e-06, "Creatine Kinase (CK)_max": -1.5082158097466256e-05, "Granulocyte Count_min": -4.110006123379e-05, "Platelet Count_min": -4.516887597670736e-05, "Asparate Aminotransferase (AST)_max": -4.65848123403294e-05, "Glucose_max": -0.00022133361121366113, "pO2_max": -0.00033552107902010147, "Amylase_max": -0.0003425612025038126, "Hematocrit, Calculated_max": -0.00044215972384612987, "Specific Gravity_min": -0.00046925959385205117, "Oxygen Saturation_max": -0.0006294937394709295, "Cholesterol, Total_max": -0.000666288703745565, "Alkaline Phosphatase_min": -0.0007161259289543663, "Triglycerides_min": -0.0008498382952668106, "Tidal Volume_min": -0.001399546582994572, "Sodium_min": -0.001484229127595733, "Urea Nitrogen_max": -0.0016047030259335486, "Alanine Aminotransferase (ALT)_min": -0.0017271309281260239, "Creatine Kinase, MB Isoenzyme_min": -0.0020177379089592164, "Platelet Count_max": -0.0022983860738308437, "Sodium, Whole Blood_min": -0.002778230556905911, "Sodium, Urine_min": -0.002841883141081353, "Creatinine, Urine_min": -0.0032372441196019236, "Ketone_max": -0.0035021955044684137, "Transferrin_max": -0.004114689926313554, "Creatinine_max": -0.004605491251759674, "PEEP_max": -0.005212475859232055, "MCH_min": -0.007023464939208572, "Calculated Total CO2_min": -0.0073130340981795465, "pCO2_min": -0.009547363031213629, "INR(PT)_max": -0.009560592276934355, "Chloride, Whole Blood_max": -0.009980663769729793, "Neutrophils_max": -0.01042272950174926, "Base Excess_min": -0.010803306811082892, "Monocytes_min": -0.011731763568473079, "Thyroid Stimulating Hormone_max": -0.011967140344458298, "Eosinophils_max": -0.017137579617070846, "Anion Gap_max": -0.01743460398974202, "Bilirubin, Total_min": -0.01806083886458788, "Hematocrit_min": -0.019914829656362463, "Chloride_max": -0.021562060228781165, "Basophils_min": -0.023195118059108955, "Bilirubin, Total_max": -0.026145054001664343, "Chloride_min": -0.02761246065618165, "Potassium_max": -0.02845474148641835, "Cholesterol Ratio (Total/HDL)_max": -0.0338165921898475, "Potassium_min": -0.035407106779756996, "Lymphocytes_min": -0.05145250664079252, "Troponin T_max": -0.053044337569197665, "pH_min": -0.05309113260810854, "Phosphate_min": -0.053383202465539424, "Bicarbonate_min": -0.059111229234976866, "Hemoglobin_max": -0.07335608307409804, "Potassium, Whole Blood_min": -0.07354915307081732, "Bicarbonate_max": -0.07546028477993007, "Eosinophils_min": -0.07718900263288593, "MCHC_max": -0.13903565323047673, "Albumin_max": -0.17125995578277114, "Temperature_min": -0.18469186347336994, "Calcium, Total_min": -0.18933450615218295, "Creatinine_min": -0.23496154216873383, "Albumin_min": -0.24895993297177882}