{"Lactate_max": 0.1527105735532811, "pH_max": 0.08292964231205492, "Anion Gap_min": 0.07680199603031676, "Lactate_min": 0.07673587880540249, "Sodium_max": 0.06525157676357796, "PT_min": 0.06253285503470091, "White Blood Cells_min": 0.0550866609277477, "Phenytoin_min": 0.055026211243790146, "Hematocrit, Calculated_min": 0.04951234649819683, "Bilirubin, Direct_max": 0.046864948017499596, "Bilirubin, Direct_min": 0.03295839858025983, "pCO2_max": 0.03211787053832274, "MCV_min": 0.029121078662246697, "RDW_max": 0.02793319688651126, "Atypical Lymphocytes_max": 0.027839716759358604, "Vancomycin_min": 0.027735436088742974, "Urea Nitrogen_min": 0.026163165594750907, "Phosphate_max": 0.024774851614783735, "Calculated Total CO2_max": 0.021786708230186747, "INR(PT)_max": 0.01920574345751426, "Osmolality, Measured_max": 0.01859429935647621, "PEEP_min": 0.01438367457380241, "Glucose_min": 0.01408146050080483, "CK-MB Index_max": 0.013137522830476055, "Base Excess_max": 0.012886797145338432, "Metamyelocytes_max": 0.01242187033965148, "Oxygen_max": 0.012126384401378651, "CK-MB Index_min": 0.011901400772109567, "PTT_min": 0.011488379590248676, "Cholesterol, Total_min": 0.011439569705563476, "Metamyelocytes_min": 0.01141789779967579, "RDW_min": 0.009286602892720423, "INR(PT)_min": 0.00926810763826854, "Required O2_min": 0.00848461320187202, "Myelocytes_max": 0.008451720204942646, "Urobilinogen_max": 0.00815893174220836, "Red Blood Cells_max": 0.008092239003874437, "Oxygen_min": 0.007645390329051545, "Nucleated Red Cells_min": 0.006588143295941189, "Bands_min": 0.006452642892445545, "Chloride_max": 0.0062076568276972265, "Magnesium_max": 0.006057095767896135, "Cholesterol, HDL_min": 0.005744221721555273, "Neutrophils_min": 0.00525256705802845, "Bands_max": 0.0049701141324196675, "Epithelial Cells_max": 0.004790541040410946, "Atypical Lymphocytes_min": 0.0043890773926553795, "Polys_min": 0.004015857423494215, "Temperature_max": 0.0039011301934503534, "Lymphocytes_max": 0.0037829081029121378, "O2 Flow_min": 0.0033036664776479197, "Potassium, Urine_max": 0.002981953783161796, "PTT_max": 0.0025150287458415113, "Magnesium_min": 0.00247100235541776, "Asparate Aminotransferase (AST)_min": 0.0023209490099189932, "Potassium, Urine_min": 0.002311461137488606, "pO2_min": 0.0021059485548286256, "tacroFK_min": 0.002057969521825411, "Alveolar-arterial Gradient_max": 0.0017714537909428196, "Myelocytes_min": 0.0017386442787965086, "Iron_min": 0.0013262419186471093, "Cholesterol, LDL, Calculated_min": 0.0011939291720947473, "Creatinine, Urine_max": 0.0010675642887554397, "Iron Binding Capacity, Total_min": 0.0009672593773571842, "Osmolality, Urine_min": 0.0007853022848173929, "Creatine Kinase, MB Isoenzyme_min": 0.000756559245034549, "Cholesterol Ratio (Total/HDL)_min": 0.0007333454810659165, "Polys_max": 0.000696665590929769, "Vancomycin_max": 0.0006788569453965152, "Amylase_min": 0.0006426933747376165, "Cortisol_max": 0.0005650142650058007, "Lactate Dehydrogenase (LD)_min": 0.0005046538743119524, "WBC_max": 0.0004849043173115676, "Alkaline Phosphatase_max": 0.0003964871657563565, "Cortisol_min": 0.00037938490390743363, "Vitamin B12_min": 0.00034277844195966056, "RBC_max": 0.00027825906136040584, "Fibrinogen, Functional_max": 0.00021354370236951542, "Urea Nitrogen, Urine_max": 0.0001662109164870629, "Osmolality, Urine_max": 0.00013239199137445363, "Fibrinogen, Functional_min": 0.0001085747700601836, "Creatine Kinase (CK)_min": 8.305288791176262e-05, "Lactate Dehydrogenase (LD)_max": 8.07651241666694e-05, "Asparate Aminotransferase (AST)_max": 8.060892562924094e-05, "Cholesterol Ratio (Total/HDL)_max": 6.106677823644832e-05, "RBC_min": 6.013185083395078e-05, "O2 Flow_max": 5.870891800506408e-05, "Triglycerides_max": 7.3464933400815225e-06, "Granulocyte Count_max": 6.4047538583368e-06, "Ferritin_min": 4.509638822790802e-06, "Lipase_max": 3.4607998448998703e-06, "Ferritin_max": -1.7770954970988354e-06, "Creatine Kinase (CK)_max": -1.0363525435161223e-05, "Specific Gravity_max": -3.519587596429617e-05, "White Blood Cells_max": -3.794898936957205e-05, "Granulocyte Count_min": -4.812931620262521e-05, "Glucose_max": -6.416915404757502e-05, "Urobilinogen_min": -0.00014220666370719985, "Amylase_max": -0.00015298952511750088, "Specific Gravity_min": -0.00016448541720145233, "Alanine Aminotransferase (ALT)_max": -0.0002645760282318899, "Oxygen Saturation_max": -0.0003267021929813207, "Vitamin B12_max": -0.0004959829021252186, "Protein_max": -0.0005212026733116631, "WBC_min": -0.0005522912156950142, "Thyroid Stimulating Hormone_min": -0.000611400659481887, "Transferrin_min": -0.0006337494106879575, "Ketone_max": -0.0006365975260258031, "Iron_max": -0.0006649668617008942, "Free Calcium_min": -0.0006661476374331655, "Platelet Count_min": -0.0006745625908929628, "Protein_min": -0.0006817489015568075, "Cholesterol, HDL_max": -0.0007088891726272097, "pO2_max": -0.0007417246377299944, "Urea Nitrogen, Urine_min": -0.0007690583341716769, "Tidal Volume_max": -0.0008498137675838504, "Lipase_min": -0.0009405773486004119, "Alkaline Phosphatase_min": -0.0009895764188238378, "Tidal Volume_min": -0.0010450720178028557, "Alanine Aminotransferase (ALT)_min": -0.0012107222623887607, "Creatine Kinase, MB Isoenzyme_max": -0.0012870379506551542, "Basophils_max": -0.0012907977340282225, "Triglycerides_min": -0.0013570071091795126, "Urea Nitrogen_max": -0.0014905285908648031, "Chloride, Whole Blood_min": -0.0015094116075613582, "Alveolar-arterial Gradient_min": -0.001767487190741282, "Platelet Count_max": -0.001914089741380716, "Oxygen Saturation_min": -0.001917840929510674, "Sodium, Urine_max": -0.002109680082294465, "Iron Binding Capacity, Total_max": -0.0021919172031119264, "Monocytes_max": -0.0022384071822095053, "Nucleated Red Cells_max": -0.002659312597596398, "Creatinine, Urine_min": -0.0028632616314156487, "Bilirubin, Total_max": -0.002891316618019664, "MCV_max": -0.002948827688523342, "Sodium, Urine_min": -0.0029813758424314966, "PEEP_max": -0.0033087854615695177, "Phenytoin_max": -0.003513718849348165, "Transferrin_max": -0.0035823392399622757, "Required O2_max": -0.0037914922662412244, "Cholesterol, LDL, Calculated_max": -0.004279557868940334, "PT_max": -0.004280642628853849, "Anion Gap_max": -0.004794944687809924, "Ketone_min": -0.004852097390186331, "Potassium_min": -0.0060468568827957234, "pCO2_min": -0.006639479967884047, "Creatinine_max": -0.006639751908570212, "Calcium, Total_max": -0.006827475762321173, "Red Blood Cells_min": -0.007092961235465112, "Basophils_min": -0.007512519071069874, "Sodium, Whole Blood_max": -0.007555699782133717, "MCH_min": -0.007593572614699035, "Protein, Total_max": -0.008099470254971472, "Sodium, Whole Blood_min": -0.008369654249158023, "Thyroid Stimulating Hormone_max": -0.009005194253628437, "Bicarbonate_min": -0.009445261196002634, "Neutrophils_max": -0.009458021169969006, "Chloride, Whole Blood_max": -0.009604253373322836, "Protein, Total_min": -0.010208709062599979, "Potassium_max": -0.011099543935955988, "Cholesterol, Total_max": -0.011302979878435487, "pH_min": -0.011599341320641714, "Phosphate_min": -0.012132729858810141, "Troponin T_min": -0.012406579739056367, "Hematocrit_max": -0.012862466312910315, "Free Calcium_max": -0.012933839457623107, "Hematocrit_min": -0.013472360426918323, "Troponin T_max": -0.0149923747073813, "tacroFK_max": -0.015399046583189887, "Chloride_min": -0.01580097209115352, "Bilirubin, Indirect_min": -0.01676525157818173, "Base Excess_min": -0.0167890473091365, "Osmolality, Measured_min": -0.01716900171214581, "Hemoglobin_max": -0.017935516706041356, "Uric Acid_max": -0.017941785753523492, "Sodium_min": -0.01836990147899545, "% Hemoglobin A1c_max": -0.018698731644740202, "% Hemoglobin A1c_min": -0.01908606920811112, "Epithelial Cells_min": -0.02030261775579786, "Calculated Total CO2_min": -0.022038242827353477, "Potassium, Whole Blood_min": -0.023085469975072673, "Hematocrit, Calculated_max": -0.028761159272578274,