{"Lactate_min": 0.23728168685003057, "Lactate_max": 0.1467667526435799, "Anion Gap_min": 0.09195970258549059, "Sodium_max": 0.07448455693663872, "Temperature_max": 0.059864965019338405, "Red Blood Cells_max": 0.05871107884237986, "PT_min": 0.053828535383001315, "White Blood Cells_min": 0.04673794941591351, "Phosphate_max": 0.04646786948160429, "pCO2_max": 0.03762259846924365, "MCV_min": 0.032789455401647336, "INR(PT)_min": 0.027551680116259192, "Bilirubin, Total_max": 0.027472380920894785, "Urea Nitrogen_min": 0.02446051522460551, "Hematocrit_min": 0.019927918207046362, "Glucose_min": 0.013698448490641788, "Oxygen_max": 0.011519273728652094, "PTT_min": 0.011117877842387758, "Oxygen_min": 0.009383001826521596, "Anion Gap_max": 0.004576803247704699, "Lymphocytes_max": 0.002354692824117919, "pO2_min": 0.002099789798770256, "PTT_max": 0.0019438942947314884, "Alveolar-arterial Gradient_max": 0.0008132232979448801, "Lactate Dehydrogenase (LD)_max": 0.00010309395267912435, "WBC_max": 7.654418507792968e-05, "Platelet Count_min": 1.8345670296363202e-05, "Creatine Kinase (CK)_max": -1.0307761739643352e-05, "Glucose_max": -5.123723177949755e-05, "RDW_min": -7.55296175897776e-05, "Osmolality, Measured_max": -0.000143189235068114, "Lipase_max": -0.00019262946538368711, "Neutrophils_min": -0.0007923920656478455, "Tidal Volume_max": -0.0011713854603106373, "Neutrophils_max": -0.0011891285714465275, "pO2_max": -0.0012051574913426808, "Tidal Volume_min": -0.0012252610439684656, "Specific Gravity_max": -0.0012284223905757025, "Urea Nitrogen_max": -0.001877518412544194, "Platelet Count_max": -0.0024176958738344363, "Transferrin_min": -0.003476976341683179, "Base Excess_min": -0.0052305405454621135, "Ketone_max": -0.006469667164673306, "Creatinine_max": -0.020552857652174537, "Potassium_max": -0.023683312410510436, "pCO2_min": -0.024095201450369044, "Chloride_min": -0.03845620521157766, "Calcium, Total_max": -0.04161676462579854, "Bilirubin, Total_min": -0.04924128270262945, "Lymphocytes_min": -0.05192015394626393, "Red Blood Cells_min": -0.05735091925231509, "Hemoglobin_max": -0.06366624941475578, "Potassium_min": -0.06533806583279947, "MCH_max": -0.08454501247472226, "Bicarbonate_max": -0.1007405066498479, "Phosphate_min": -0.1377645945970264, "Hemoglobin_min": -0.1486904145754019, "Temperature_min": -0.22567307823961147, "Albumin_max": -0.2857324158925328, "Albumin_min": -0.48394305887924577}