{"pH_max": 0.3074191598623787, "Lactate_min": 0.18057147786044103, "Lactate_max": 0.12896911906592784, "Phenytoin_min": 0.10644905636342188, "Anion Gap_min": 0.1062546925081716, "Sodium_max": 0.06812935088339479, "PT_min": 0.05574107444304638, "Temperature_max": 0.05381083352214574, "Phosphate_max": 0.05067115063152813, "White Blood Cells_min": 0.04709198611516903, "MCH_min": 0.046516152413453034, "RDW_max": 0.0446183602517259, "Basophils_max": 0.036144695269298345, "Red Blood Cells_max": 0.03346739490920302, "pCO2_max": 0.03287043342724318, "Urea Nitrogen_min": 0.029923517479100447, "Myelocytes_max": 0.02810126103085308, "Vancomycin_min": 0.027746110294257234, "Hematocrit, Calculated_min": 0.02766724888362687, "Magnesium_max": 0.02675651906296702, "Urobilinogen_max": 0.026732818246252323, "Atypical Lymphocytes_max": 0.025696692233526074, "Calculated Total CO2_max": 0.024322101141299957, "Thyroid Stimulating Hormone_min": 0.02242897421982595, "Bilirubin, Total_max": 0.021897489884018097, "Magnesium_min": 0.016601769763961455, "Bands_min": 0.013410563234486254, "Glucose_min": 0.013176653811127616, "MCV_min": 0.011927546811410079, "INR(PT)_min": 0.011521292751226318, "PTT_min": 0.010173111691923828, "Oxygen_max": 0.008751386084817243, "Oxygen_min": 0.008558099414805362, "Bands_max": 0.008519121479051067, "Neutrophils_min": 0.008260805415084237, "Osmolality, Measured_max": 0.007766844636267731, "Base Excess_max": 0.006688566922733997, "Calcium, Total_max": 0.0065106710304634, "Required O2_max": 0.00575654577364267, "MCV_max": 0.005033188149946375, "Potassium, Urine_max": 0.003993096151881291, "Polys_min": 0.003910609893608698, "Lymphocytes_max": 0.003461525434656927, "Asparate Aminotransferase (AST)_min": 0.002199003149116113, "pO2_min": 0.002074865698671902, "PTT_max": 0.002019681410528294, "Epithelial Cells_max": 0.0018572943440837927, "Creatinine, Urine_max": 0.0018429793289239384, "Cortisol_max": 0.001629326715191259, "White Blood Cells_max": 0.001625382609916994, "PT_max": 0.00152337862576458, "Potassium, Urine_min": 0.00138794026404265, "Monocytes_max": 0.0009705738370438779, "Amylase_min": 0.0009191309072756067, "Osmolality, Urine_max": 0.0007822844282393992, "Specific Gravity_max": 0.0007464166457744996, "Lactate Dehydrogenase (LD)_min": 0.0005836412616943061, "Fibrinogen, Functional_min": 0.0004816572333361842, "Specific Gravity_min": 0.00043837549440146754, "Vitamin B12_min": 0.0003603859771402871, "Iron_min": 0.0003408409241485886, "RBC_max": 0.00026709899057095746, "WBC_max": 0.00012551566498433925, "Lactate Dehydrogenase (LD)_max": 0.00012160263076136067, "Creatine Kinase (CK)_min": 8.128936682713689e-05, "Alveolar-arterial Gradient_max": 6.0516353492099024e-05, "Ferritin_max": -1.1236923786951632e-05, "Creatine Kinase (CK)_max": -1.785383033766911e-05, "Alkaline Phosphatase_max": -1.8664663874316854e-05, "Granulocyte Count_min": -4.887033672503266e-05, "WBC_min": -6.939829149148572e-05, "Asparate Aminotransferase (AST)_max": -8.8244711167287e-05, "Alveolar-arterial Gradient_min": -9.721618462134061e-05, "Glucose_max": -0.0001474363120165624, "Urea Nitrogen, Urine_max": -0.0002249623347830706, "Triglycerides_max": -0.0002564299641959809, "Amylase_max": -0.0003212843715656973, "Platelet Count_min": -0.0003421457457985634, "pO2_max": -0.00042817153140170257, "Protein_min": -0.0004454130085967794, "Vitamin B12_max": -0.00050287545208266, "Tidal Volume_min": -0.0005297808566956736, "Alkaline Phosphatase_min": -0.0005532320687493228, "Triglycerides_min": -0.0008045874082817159, "Tidal Volume_max": -0.0010435303023218288, "Anion Gap_max": -0.0011187157453219471, "Vancomycin_max": -0.0012583602785443666, "Cortisol_min": -0.0012796133717538805, "Free Calcium_min": -0.0014447221322550512, "Alanine Aminotransferase (ALT)_min": -0.0015403177929169793, "Urea Nitrogen_max": -0.0016596982568668633, "Chloride, Whole Blood_max": -0.0016966990213613579, "Cholesterol, Total_min": -0.0017202797683757841, "Oxygen Saturation_min": -0.0017825680644928234, "Platelet Count_max": -0.0021663912819533866, "Myelocytes_min": -0.002593353322265146, "Creatinine, Urine_min": -0.002676742136685377, "Sodium, Urine_min": -0.0028050934752831317, "Bicarbonate_min": -0.004031492534856767, "pCO2_min": -0.004520715241830001, "Potassium_max": -0.006924614223720379, "Neutrophils_max": -0.007077927454527419, "Atypical Lymphocytes_min": -0.01043608547194159, "Base Excess_min": -0.012178604882683918, "Sodium_min": -0.012823385263331578, "Chloride, Whole Blood_min": -0.013008678175538472, "Sodium, Whole Blood_max": -0.013962565813981743, "Phenytoin_max": -0.020201439837036456, "Basophils_min": -0.022509272742215026, "Chloride_min": -0.023338457834741432, "Eosinophils_max": -0.02337373980478732, "Monocytes_min": -0.024497821224989787, "Potassium_min": -0.024582109126978783, "RDW_min": -0.025435181324988863, "Urobilinogen_min": -0.02665352452804051, "Troponin T_max": -0.027976903285069157, "Free Calcium_max": -0.03023291974378657, "Thyroid Stimulating Hormone_max": -0.031422178936588295, "Calculated Total CO2_min": -0.03235666854829965, "Troponin T_min": -0.03315705971158219, "Bilirubin, Total_min": -0.03381823424596296, "Phosphate_min": -0.0394256744810525, "Hematocrit_max": -0.043893322400988304, "Bilirubin, Indirect_max": -0.04503149727011366, "Lymphocytes_min": -0.04655684380890867, "pH_min": -0.056642628468990194, "Potassium, Whole Blood_min": -0.06487826627588837, "MCHC_max": -0.06866898858273521, "Eosinophils_min": -0.06993710128364594, "MCH_max": -0.07299972394368581, "MCHC_min": -0.07903966707146307, "Red Blood Cells_min": -0.0800262332030016, "Uric Acid_min": -0.08629548143798571, "Bicarbonate_max": -0.10100862071993578, "Temperature_min": -0.14820113928952838, "Albumin_max": -0.1647733428920354, "Calcium, Total_min": -0.17247238979341817, "Potassium, Whole Blood_max": -0.18995698515672257, "Creatinine_min": -0.20574065545350936, "Albumin_min": -0.2640367678495168}