{"pH_max": 0.645823510520571, "Lactate_min": 0.20715185646109585, "Lactate_max": 0.14780045003202313, "Phenytoin_min": 0.10002343290518857, "Anion Gap_min": 0.07103434975212011, "Temperature_max": 0.06456898674006357, "PT_min": 0.061291289492092414, "Sodium_max": 0.05349012022907431, "White Blood Cells_min": 0.04495103469256673, "Albumin_max": 0.03489120148838123, "pCO2_max": 0.03239949575275832, "RDW_max": 0.029471154091727514, "Calcium, Total_max": 0.026317758632452178, "Urea Nitrogen_min": 0.02040353986418848, "Glucose_min": 0.014888925273036131, "PTT_min": 0.014647448659287642, "Bilirubin, Total_max": 0.010732932116118105, "Oxygen_min": 0.009378390304106272, "Oxygen_max": 0.009094662916167714, "Bands_max": 0.006771649382022142, "Required O2_max": 0.0054952893072354615, "Lymphocytes_max": 0.0033213292253990783, "Urea Nitrogen_max": 0.0019181718020341776, "pO2_min": 0.0013624426166188137, "Asparate Aminotransferase (AST)_min": 0.0010779178107785232, "Lactate Dehydrogenase (LD)_min": 0.0006957282794616447, "Platelet Count_min": 0.00015219667007966976, "Creatine Kinase (CK)_min": 5.4195466221586706e-05, "Alkaline Phosphatase_min": -0.00036570194482682264, "pO2_max": -0.000621392453855971, "Tidal Volume_min": -0.0016311973098462882, "Neutrophils_min": -0.0017498032993518923, "Sodium, Urine_max": -0.0021567591354604786, "Creatine Kinase, MB Isoenzyme_min": -0.0021651577647446812, "Platelet Count_max": -0.0022727072566910383, "Oxygen Saturation_min": -0.0030436233823739694, "Osmolality, Measured_max": -0.003064362882493943, "Chloride_max": -0.004167938610975674, "Creatinine_max": -0.009622953612764669, "Base Excess_min": -0.009847717537043573, "RDW_min": -0.013715546846366295, "Potassium_max": -0.03076580878758003, "Bilirubin, Total_min": -0.04218823800125448, "Lymphocytes_min": -0.05506211208134296, "Eosinophils_max": -0.06846247245217474, "Bicarbonate_max": -0.09883749787804029, "MCHC_max": -0.16109031993660652, "Temperature_min": -0.2841304629567008, "Red Blood Cells_min": -0.4107175978203106, "Albumin_min": -0.9408821437676572}