{"Magnesium_min": 0.26653174526118795, "Lactate_min": 0.22086580193228922, "Anion Gap_min": 0.1317819099999783, "Lactate_max": 0.12953894740190577, "Phenytoin_min": 0.10918767225391846, "Sodium_max": 0.0828660510888272, "INR(PT)_min": 0.07026579546753174, "Phosphate_max": 0.05883376477464775, "PT_min": 0.04759588615368897, "White Blood Cells_min": 0.044550821590677143, "Basophils_max": 0.04095563086788241, "pCO2_max": 0.03314080224925599, "Urea Nitrogen_min": 0.030122961628411007, "Bands_min": 0.02822481294326731, "Myelocytes_max": 0.026929697641394308, "MCV_min": 0.02398325598785921, "Magnesium_max": 0.016879840972289874, "RDW_min": 0.01644639937182842, "Glucose_min": 0.013657443137324034, "Oxygen_max": 0.0134211970992995, "Bilirubin, Total_max": 0.012778218337738028, "Base Excess_max": 0.012526434267160262, "PTT_min": 0.011923629292811001, "Osmolality, Measured_max": 0.008201405536278464, "Calculated Total CO2_max": 0.00783328885674578, "Neutrophils_max": 0.005151784210292914, "INR(PT)_max": 0.005002165763174491, "RDW_max": 0.0028259955812364266, "pO2_min": 0.0026078782633711674, "Lymphocytes_max": 0.001965997906696014, "PTT_max": 0.0017142165076741327, "Asparate Aminotransferase (AST)_min": 0.0015819836419667924, "Alveolar-arterial Gradient_max": 0.0011015388926911263, "Lactate Dehydrogenase (LD)_min": 0.000478969671786051, "PT_max": 0.00035195565208765063, "Platelet Count_min": 5.006042270382771e-05, "Lactate Dehydrogenase (LD)_max": 3.9038542277018125e-05, "Glucose_max": -0.00015735077196866754, "Amylase_max": -0.0003978070641898152, "Alkaline Phosphatase_max": -0.00040355047465880615, "Tidal Volume_min": -0.0006107820423201862, "pO2_max": -0.0008493564260889829, "Tidal Volume_max": -0.001173841306430593, "Creatinine_max": -0.0014757558851193145, "Urea Nitrogen_max": -0.0020213974990132937, "Platelet Count_max": -0.0022698746550245, "Ketone_max": -0.004610564117301297, "Albumin_max": -0.007047791504728446, "Chloride_max": -0.010506435397125553, "pCO2_min": -0.013511751502528193, "Potassium_max": -0.015101598488520765, "Base Excess_min": -0.016497446445422965, "Sodium, Whole Blood_max": -0.02355195664118869, "Eosinophils_max": -0.028364030130552647, "Sodium_min": -0.028730748961217075, "Free Calcium_max": -0.029174372951249174, "MCH_min": -0.032202609295380866, "Hematocrit_max": -0.04034917557937047, "Lymphocytes_min": -0.042386256845955636, "Bilirubin, Total_min": -0.056100925165308804, "Phosphate_min": -0.06518550232975331, "Troponin T_min": -0.07037661605060416, "Bicarbonate_max": -0.08381528030459687, "Eosinophils_min": -0.09827878888765078, "Potassium_min": -0.10600408381252753, "MCHC_min": -0.11641951293291124, "Calcium, Total_min": -0.14474372119264572, "Temperature_min": -0.1544632030820634, "Creatinine_min": -0.30500257240701373, "Albumin_min": -0.9175568353810806}