{"pH_max": 0.5443459408225862, "Lactate_min": 0.2001408894608709, "Lactate_max": 0.13991815499644977, "Temperature_max": 0.12004701655421085, "Anion Gap_min": 0.09863218756622603, "Phenytoin_min": 0.08271309634129399, "Sodium_max": 0.0745328678762757, "Magnesium_min": 0.07211996928400585, "Bilirubin, Direct_max": 0.057456690697754664, "PT_min": 0.053395465368693495, "White Blood Cells_min": 0.0494103792253042, "Red Blood Cells_min": 0.03838097032497658, "INR(PT)_min": 0.03690504866075661, "pCO2_max": 0.03452359385317003, "Magnesium_max": 0.027811358220724655, "CK-MB Index_min": 0.027424060866739253, "Urea Nitrogen_min": 0.026411451056236396, "RDW_min": 0.023107220094555913, "Free Calcium_min": 0.021246717491490926, "Phosphate_max": 0.02048408538317284, "Vancomycin_min": 0.018792214211840876, "Glucose_min": 0.015067704955517113, "PTT_min": 0.013477716224080009, "Oxygen_min": 0.01018746614082288, "MCV_min": 0.007396521822107068, "Oxygen_max": 0.007286968428830806, "Red Blood Cells_max": 0.006165715622237535, "pO2_min": 0.0021404139915375407, "Asparate Aminotransferase (AST)_min": 0.0019792953657246887, "Platelet Count_min": 0.0011958641416781178, "PTT_max": 0.0010609030543969832, "Anion Gap_max": 0.0007471960751341388, "PT_max": 0.0006498890812311575, "Alveolar-arterial Gradient_max": 0.0006171519264579978, "Lactate Dehydrogenase (LD)_min": 0.0006074075570752828, "WBC_max": 0.00037020074567424495, "RBC_max": 0.00016987200918280713, "Lactate Dehydrogenase (LD)_max": 4.684512642358892e-05, "Lymphocytes_max": 4.617163787348363e-05, "Creatine Kinase (CK)_max": -1.1751068259662245e-05, "Amylase_max": -0.0003078138090947291, "pO2_max": -0.0010465561033351006, "Tidal Volume_max": -0.0010594751885416953, "Required O2_min": -0.001069186604169522, "Tidal Volume_min": -0.0010781092906580042, "Triglycerides_min": -0.0012125441781220619, "Alanine Aminotransferase (ALT)_min": -0.0012980601514590373, "White Blood Cells_max": -0.001572091065674236, "Urea Nitrogen_max": -0.0016024095032637234, "Osmolality, Measured_max": -0.001963512143540604, "RDW_max": -0.0025363617351358285, "Platelet Count_max": -0.0028770531845288584, "Specific Gravity_min": -0.0031472874670738773, "Bilirubin, Total_max": -0.003414697808990011, "Transferrin_min": -0.0034944561384382374, "Base Excess_min": -0.005818675473708916, "Creatinine_max": -0.006865167848707288, "Neutrophils_max": -0.00779261547593992, "Thyroid Stimulating Hormone_min": -0.015579562504895198, "Chloride_max": -0.015744774229637198, "pCO2_min": -0.016144513248920633, "Troponin T_max": -0.01903390394095853, "Chloride, Whole Blood_min": -0.023715493707256504, "Eosinophils_max": -0.024408730630388863, "Sodium_min": -0.03140785628003621, "Potassium_min": -0.0325159196691428, "Potassium_max": -0.03692807439456986, "Basophils_min": -0.042600688090108085, "Lymphocytes_min": -0.051959286325703395, "Bilirubin, Total_min": -0.05244571373667713, "Phosphate_min": -0.08290734138989894, "Bicarbonate_max": -0.08755742990708817, "Eosinophils_min": -0.10588884710650133, "Potassium, Whole Blood_min": -0.10643806722395216, "Hemoglobin_min": -0.12909426295541046, "pH_min": -0.15150177643559073, "Calcium, Total_min": -0.17946101075909918, "Temperature_min": -0.26256892979022123, "Albumin_max": -0.26762969573990686, "Albumin_min": -0.5113693348948312}