{"mca_6": -1.3184904515042466, "mca_2": -0.9740997379469533, "Cholesterol, Total_max": -0.713799433863676, "Albumin_min": -0.5891191252842356, "Alveolar-arterial Gradient_min": -0.571051409397836, "Transferrin_max": -0.5034413953255471, "Osmolality, Measured_min": -0.43949893323260514, "mca_8": -0.3712690831893608, "Uric Acid_min": -0.3323628960055395, "Cholesterol, LDL, Calculated_max": -0.32792261743257156, "Ketone_min": -0.31633743338106535, "Urea Nitrogen, Urine_min": -0.30049843888888556, "Alanine Aminotransferase (ALT)_min": -0.28629898835280626, "Phenytoin_max": -0.26873169588891976, "Temperature_min": -0.26261266647811243, "Protein, Total_min": -0.25312600277609804, "Required O2_max": -0.24518560258520594, "mca_9": -0.22352675030485414, "Bicarbonate_min": -0.20637072947862084, "Alanine Aminotransferase (ALT)_max": -0.1953735672391031, "Tidal Volume_max": -0.1813952023536548, "Tidal Volume_min": -0.16992226847339018, "Calculated Total CO2_max": -0.16785010301757952, "Thyroid Stimulating Hormone_max": -0.16364089616968136, "Triglycerides_min": -0.1434711226965379, "Epithelial Cells_min": -0.14109059633489437, "Amylase_max": -0.1334552551719327, "Triglycerides_max": -0.11833800407474912, "Sodium, Urine_min": -0.11594473087618846, "Creatine Kinase (CK)_max": -0.11312022912569047, "Chloride, Whole Blood_max": -0.10979297444748615, "Nucleated Red Cells_max": -0.1021521810470559, "Sodium, Urine_max": -0.09521690582997333, "Granulocyte Count_min": -0.09482304684182855, "pCO2_min": -0.09339374390585371, "Sodium, Whole Blood_max": -0.08819450139064665, "PEEP_max": -0.07940332748355579, "Cholesterol Ratio (Total/HDL)_min": -0.07827461903961691, "Lipase_min": -0.07653765375769532, "Creatinine, Urine_max": -0.05931517473315258, "Protein_max": -0.056531352561331495, "Base Excess_min": -0.055695818755397294, "Fibrinogen, Functional_max": -0.05042522778289114, "Albumin_max": -0.04787137306860203, "Troponin T_min": -0.04499938591508285, "Troponin T_max": -0.04176388984251163, "Granulocyte Count_max": -0.04109150699361788, "Vitamin B12_max": -0.03446690587112559, "Potassium, Urine_min": -0.03261933123944867, "Protein_min": -0.02886777260564336, "O2 Flow_max": -0.025933319541506614, "Urea Nitrogen_max": -0.02589267131121715, "Oxygen Saturation_max": -0.025827333160687322, "Creatinine_max": -0.023397044091913472, "Phosphate_max": -0.019950711173924298, "Creatine Kinase, MB Isoenzyme_min": -0.018466090829671905, "Oxygen Saturation_min": -0.017632412768555986, "PT_max": -0.013763488707453869, "Alkaline Phosphatase_min": -0.013029929204201771, "Magnesium_max": -0.008769682840563097, "Osmolality, Urine_min": -0.007725161584881354, "O2 Flow_min": -0.006115452172445497, "Metamyelocytes_max": -0.004610633227996088, "Ferritin_max": -0.0038834713081428566, "Myelocytes_min": -0.003380079597735886, "Iron_min": 0.00025608971591576605, "Alkaline Phosphatase_max": 0.003778588316516921, "Base Excess_max": 0.007953020786588593, "Ferritin_min": 0.008305283117431898, "RBC_min": 0.009872061664379322, "Urobilinogen_min": 0.010964766609572388, "Vancomycin_max": 0.013931528972152798, "WBC_max": 0.015182763805981764, "Bands_max": 0.01638280111994006, "Atypical Lymphocytes_max": 0.021213281153058407, "RBC_max": 0.024189676843088856, "WBC_min": 0.030174889475214416, "Cortisol_min": 0.032360884006340594, "Cortisol_max": 0.036872561308372916, "Nucleated Red Cells_min": 0.040368696333149594, "INR(PT)_max": 0.04289337613102439, "Sodium, Whole Blood_min": 0.04649372105175949, "Metamyelocytes_min": 0.048357065932766466, "Urobilinogen_max": 0.052300576549699544, "Thyroid Stimulating Hormone_min": 0.052736456829996066, "Anion Gap_max": 0.053652994998789554, "Myelocytes_max": 0.055514502390083424, "Uric Acid_max": 0.057423490108538366, "CK-MB Index_max": 0.0599311627908844, "Cholesterol, HDL_max": 0.06441806719323707, "Polys_max": 0.06831518371948762, "Iron_max": 0.06879136531644924, "PEEP_min": 0.07600927773910346, "Creatine Kinase (CK)_min": 0.07735111640517255, "Epithelial Cells_max": 0.08311018498523808, "Urea Nitrogen, Urine_max": 0.08869866026264003, "Fibrinogen, Functional_min": 0.08915602889557728, "Free Calcium_min": 0.0916472014985516, "Bilirubin, Direct_min": 0.09532976746248539, "Bands_min": 0.09666933026307692, "Amylase_min": 0.10084051463400796, "Asparate Aminotransferase (AST)_max": 0.10556767764448843, "INR(PT)_min": 0.11487629094084566, "Lactate Dehydrogenase (LD)_max": 0.12133260751032866, "PTT_min": 0.12807464153675643, "Polys_min": 0.12928890247282934, "CK-MB Index_min": 0.12961116045273777, "pO2_min": 0.13344383202674606, "White Blood Cells_max": 0.1343154121764545, "Potassium, Urine_max": 0.13617036084469925, "PT_min": 0.13870751688470886, "Cholesterol, HDL_min": 0.143407614954003, "Temperature_max": 0.14395975050971382, "Oxygen_max": 0.155828818555773, "Protein, Total_max": 0.15917061616908557, "Osmolality, Urine_max": 0.16752180057266716, "Cholesterol Ratio (Total/HDL)_max": 0.1868375722065427, "Vancomycin_min": 0.19923436246892723, "Bilirubin, Direct_max": 0.202259177190729, "Sodium_max": 0.23624812706759646, "Lactate_min": 0.2707691978624451, "Oxygen_min": 0.27840542473395175, "Iron Binding Capacity, Total_min": 0.29752050787738454, "Lactate_max": 0.36637046561486686, "mca_1": 0.3694237512743261, "Alveolar-arterial Gradient_max": 0.38110433503414715, "Lactate Dehydrogenase (LD)_min": 0.47393233045273647, "Osmolality, Measured_max": 0.48824695331610435, "pCO2_max": 0.4920918000831333, "Urea Nitrogen_min": 0.523489360937345, "Glucose_min": 0.5396301430846596, "Required O2_min": 0.580664114015413, "Phenytoin_min": 0.7117747708573449, "Asparate Aminotransferase (AST)_min": 0.7351495946892926, "Cholesterol, Total_min": 0.7540717045508182}