{"Lactate_max": 0.1549842059569039, "Lactate_min": 0.1525898808007219, "Phenytoin_min": 0.1313507103375208, "Sodium_max": 0.09057771501238855, "Anion Gap_min": 0.0851013868401409, "Metamyelocytes_min": 0.06469999905160394, "Temperature_max": 0.06318295211295101, "PT_min": 0.06214078259137148, "Phosphate_max": 0.05397464116226997, "White Blood Cells_min": 0.051726691162217724, "Bilirubin, Direct_min": 0.045939619280966786, "Hematocrit, Calculated_min": 0.041997041095321014, "Bilirubin, Direct_max": 0.039141613352911046, "Red Blood Cells_max": 0.03727177774244135, "Myelocytes_max": 0.03523493611724309, "pCO2_max": 0.03362846311660139, "Base Excess_max": 0.03206326425573672, "RDW_max": 0.028943154364476486, "Vancomycin_min": 0.02502596904237644, "Urea Nitrogen_min": 0.024740873242178208, "CK-MB Index_max": 0.02304012157665525, "Magnesium_min": 0.022441722660661682, "Osmolality, Measured_max": 0.01670549386544672, "Basophils_max": 0.016354384466688476, "Glucose_min": 0.013463359135009753, "PTT_min": 0.012416282879942163, "Bands_max": 0.011222137996623313, "Chloride, Whole Blood_min": 0.01063779049084317, "Oxygen_min": 0.009327707257168702, "MCV_min": 0.009202448200688225, "Oxygen_max": 0.008978664727237393, "INR(PT)_max": 0.0084368249712289, "Lymphocytes_max": 0.005493512355829494, "Neutrophils_min": 0.005482333518923592, "Free Calcium_min": 0.004425294820101534, "Creatine Kinase, MB Isoenzyme_min": 0.004116763952891373, "pO2_min": 0.0025475012881758844, "Asparate Aminotransferase (AST)_min": 0.002054943647563891, "Alveolar-arterial Gradient_max": 0.001873526140086442, "Polys_min": 0.0017635414856035567, "PTT_max": 0.0014252516644339584, "PT_max": 0.0011143283139035164, "Bilirubin, Total_max": 0.000958528622394538, "Specific Gravity_max": 0.0008746276666854302, "Iron_min": 0.0008589804049606196, "Creatinine, Urine_max": 0.0007333855587530459, "Lactate Dehydrogenase (LD)_min": 0.0007035099079895581, "Osmolality, Urine_max": 0.0006585586195733689, "Sodium, Whole Blood_min": 0.0005884905086773374, "Monocytes_max": 0.0005382085210491477, "WBC_max": 0.0005063814032377245, "Alkaline Phosphatase_max": 0.0004362849126790971, "Fibrinogen, Functional_min": 0.0003502933183735529, "Specific Gravity_min": 0.0002512452557176168, "Lactate Dehydrogenase (LD)_max": 0.00010669449420418016, "Creatine Kinase (CK)_min": 9.453902569958143e-05, "Asparate Aminotransferase (AST)_max": 4.398740430799228e-05, "Creatine Kinase (CK)_max": -1.5638146662250922e-05, "Granulocyte Count_max": -3.8028365114944235e-05, "Glucose_max": -7.519448244573474e-05, "Osmolality, Urine_min": -0.0001997638524897936, "Amylase_max": -0.0002209345081349598, "White Blood Cells_max": -0.00023180815197681963, "Platelet Count_min": -0.0002450286262084921, "Alanine Aminotransferase (ALT)_max": -0.00030469160463413665, "Alveolar-arterial Gradient_min": -0.00037858304905204253, "Urea Nitrogen_max": -0.0006730553350786069, "Lipase_min": -0.0007147741505405771, "Tidal Volume_min": -0.000724788049834578, "pO2_max": -0.0008528987614669402, "Nucleated Red Cells_max": -0.0009022764220147331, "Alkaline Phosphatase_min": -0.000930600562089723, "Alanine Aminotransferase (ALT)_min": -0.001016756453555592, "Tidal Volume_max": -0.001077531762529067, "Creatine Kinase, MB Isoenzyme_max": -0.0019110374841285287, "Platelet Count_max": -0.0019794734488729425, "Required O2_max": -0.002186326215440118, "Transferrin_max": -0.0037881564999410946, "Calcium, Total_max": -0.01158350091491427, "Chloride, Whole Blood_max": -0.012387139478064964, "pCO2_min": -0.013565764369393765, "Cholesterol Ratio (Total/HDL)_min": -0.015633829802870855, "Osmolality, Measured_min": -0.017203327170587687, "Base Excess_min": -0.018367922086109482, "Red Blood Cells_min": -0.020022593964754778, "Free Calcium_max": -0.02049315043944253, "Sodium, Whole Blood_max": -0.02074869792891205, "Potassium_min": -0.021756056768688734, "Chloride_min": -0.023540886430091303, "Creatinine_max": -0.024423109954525554, "Chloride_max": -0.02484189732186674, "Thyroid Stimulating Hormone_min": -0.025988366328125553, "Troponin T_max": -0.029865278796112803, "MCHC_min": -0.032418987720932935, "Anion Gap_max": -0.03260353160001179, "Troponin T_min": -0.03855442201029445, "Bicarbonate_min": -0.0412086527231797, "Lymphocytes_min": -0.04197028472016105, "Eosinophils_max": -0.04324318759771809, "Bilirubin, Total_min": -0.04827205596386403, "Hemoglobin_max": -0.05373570836587881, "Phosphate_min": -0.0678210983792525, "MCHC_max": -0.0831181123188403, "Potassium, Whole Blood_min": -0.09149586964933525, "Bicarbonate_max": -0.09497820647657002, "Hemoglobin_min": -0.1109924605956731, "Calcium, Total_min": -0.16527104528930725, "Albumin_max": -0.17441967047744916, "Temperature_min": -0.1942213090626969, "Albumin_min": -0.2716095486272259}