{"mca_6": -1.3880929666061417, "mca_2": -1.182066864396246, "Alveolar-arterial Gradient_min": -0.8309354155898295, "Albumin_min": -0.6635254719190706, "mca_7": -0.5726866853866516, "mca_8": -0.5400555433599469, "Cholesterol, Total_max": -0.515116861011401, "Protein, Total_min": -0.4858565554894353, "Osmolality, Measured_min": -0.46520414660409604, "Bicarbonate_max": -0.40821356053579466, "Cholesterol, LDL, Calculated_max": -0.3051208239950147, "Tidal Volume_max": -0.3047794010795244, "Iron_max": -0.2819809875195078, "Uric Acid_min": -0.26959463932064665, "Temperature_min": -0.26146319810927987, "PEEP_max": -0.24219409043477436, "Urea Nitrogen, Urine_min": -0.23666405118901335, "Alanine Aminotransferase (ALT)_max": -0.2192036522268774, "Phenytoin_max": -0.20746504756187995, "Sodium, Urine_max": -0.19648783352060833, "Triglycerides_max": -0.19446852604147366, "Required O2_max": -0.1768320961245242, "Transferrin_min": -0.17138590806610582, "Sodium, Whole Blood_max": -0.16839580137896715, "Hematocrit, Calculated_max": -0.14468190379639861, "Epithelial Cells_min": -0.14171952545281405, "Alanine Aminotransferase (ALT)_min": -0.1399447233049035, "Cholesterol, HDL_max": -0.13888435624380516, "Creatine Kinase (CK)_max": -0.12307333632136694, "Creatine Kinase, MB Isoenzyme_max": -0.12122424958707764, "Troponin T_min": -0.11931453495920412, "Chloride, Whole Blood_max": -0.11682975855562697, "Thyroid Stimulating Hormone_max": -0.11523418681697678, "Creatinine, Urine_min": -0.11255256970337948, "Granulocyte Count_min": -0.0983659221456319, "Calculated Total CO2_min": -0.08830538868181069, "Lipase_min": -0.07966780218676121, "Amylase_max": -0.07889487034061311, "Tidal Volume_min": -0.07746044719984635, "Base Excess_min": -0.07461397327691471, "O2 Flow_max": -0.06427137951529256, "Triglycerides_min": -0.05247789678099203, "Urobilinogen_min": -0.04855064513239686, "Protein_min": -0.045632619657437715, "Nucleated Red Cells_max": -0.045227360003316404, "Oxygen Saturation_max": -0.044321835503950746, "Osmolality, Urine_min": -0.04298390077334004, "Albumin_max": -0.03950621212717836, "Alkaline Phosphatase_min": -0.0374654748410359, "Sodium, Urine_min": -0.03616963823917804, "Vitamin B12_min": -0.02656623727089042, "Phosphate_max": -0.02470919379417177, "Sodium, Whole Blood_min": -0.02187686068044284, "Urea Nitrogen_max": -0.019822364507785097, "Cholesterol Ratio (Total/HDL)_min": -0.012453777420334135, "Vancomycin_max": -0.011199062442417255, "Alkaline Phosphatase_max": -0.011191874964085772, "Cortisol_max": -0.008535960881406584, "Uric Acid_max": -0.008027098845562693, "Thyroid Stimulating Hormone_min": -0.005900576060005813, "Metamyelocytes_max": -0.005097501180790043, "Chloride, Whole Blood_min": 0.003281517999283215, "Potassium, Urine_min": 0.006015862077255043, "Atypical Lymphocytes_max": 0.010819543959963207, "WBC_min": 0.016506122117098888, "WBC_max": 0.016683359449106847, "RBC_min": 0.019713815698134348, "INR(PT)_max": 0.022132438677133687, "PT_max": 0.023693621214851412, "RBC_max": 0.024393203649243144, "Magnesium_max": 0.028849085062141545, "Metamyelocytes_min": 0.029418729113932805, "O2 Flow_min": 0.031238864511000695, "Bands_max": 0.03128873710716393, "Troponin T_max": 0.03400490793106457, "Anion Gap_max": 0.039090312856410354, "Myelocytes_max": 0.04635544296786842, "CK-MB Index_min": 0.04809477322841857, "Epithelial Cells_max": 0.05027336049845132, "Creatinine, Urine_max": 0.05268155055426423, "Creatine Kinase, MB Isoenzyme_min": 0.05558000030280203, "Cortisol_min": 0.056121370484362484, "Bicarbonate_min": 0.0596246645195595, "Urobilinogen_max": 0.0647121803047759, "Base Excess_max": 0.06526644696478331, "INR(PT)_min": 0.06620208523090705, "Fibrinogen, Functional_min": 0.06947271086403486, "tacroFK_min": 0.0706313737560089, "Creatine Kinase (CK)_min": 0.08370097245509948, "Asparate Aminotransferase (AST)_max": 0.08392471942704496, "Amylase_min": 0.08432308066878745, "Bands_min": 0.08630688915252227, "Temperature_max": 0.1017054089998555, "Free Calcium_min": 0.11191413156028633, "Urea Nitrogen, Urine_max": 0.1160472973869872, "Polys_min": 0.118562050703371, "White Blood Cells_max": 0.12513386377482366, "Potassium, Urine_max": 0.12880211840484174, "Polys_max": 0.13403842972692787, "PTT_min": 0.1369171100288199, "Bilirubin, Direct_min": 0.14018172358763883, "PEEP_min": 0.1412138479882879, "Bilirubin, Direct_max": 0.1459910389821693, "pO2_min": 0.14651536547775332, "Lactate Dehydrogenase (LD)_max": 0.15328639850357834, "Cholesterol Ratio (Total/HDL)_max": 0.15995301998141964, "PT_min": 0.17191469921704688, "Osmolality, Urine_max": 0.17945272601352705, "CK-MB Index_max": 0.1879680265566935, "Vancomycin_min": 0.2350984353805607, "Anion Gap_min": 0.24011095394186108, "Sodium_max": 0.28236971682008577, "Lactate_min": 0.28432635567332976, "Alveolar-arterial Gradient_max": 0.32347725706354563, "Oxygen_max": 0.3653087032739258, "Protein, Total_max": 0.3726680460038443, "Iron_min": 0.3728703050088889, "Lactate Dehydrogenase (LD)_min": 0.3790321826797171, "Lactate_max": 0.39100611695130816, "Urea Nitrogen_min": 0.41960092492115, "Cholesterol, Total_min": 0.42065306934402735, "Cholesterol, HDL_min": 0.43338463566244867, "Osmolality, Measured_max": 0.48884315623865415, "Asparate Aminotransferase (AST)_min": 0.5009399053504293, "Glucose_min": 0.5058094372970309, "pCO2_max": 0.5181652974821219, "mca_1": 0.5880193102944751, "Phenytoin_min": 0.7208696938771039, "Required O2_min": 0.8575566883192334}