{"Lactate_min": 0.20943689687866682, "Lactate_max": 0.1378399619290769, "Anion Gap_min": 0.09281660590780794, "PT_min": 0.07988917495199237, "Phosphate_max": 0.06776440716788164, "Sodium_max": 0.055730031055764497, "White Blood Cells_min": 0.04124955354651369, "pCO2_max": 0.036747168961663405, "Urea Nitrogen_min": 0.025856747613612015, "PTT_min": 0.013786032671315236, "Glucose_min": 0.01312941397702106, "pO2_min": 0.00292296378570721, "PTT_max": 0.0017872548725227097, "Alveolar-arterial Gradient_max": 0.00097875997125236, "Lactate Dehydrogenase (LD)_min": 0.0007512223896370473, "Platelet Count_min": -0.0005689465435945092, "pO2_max": -0.0009528243084187957, "Tidal Volume_min": -0.0013827702254544077, "Osmolality, Measured_max": -0.0017121201348620884, "Platelet Count_max": -0.0020717917463935124, "Base Excess_min": -0.006424607345185157, "Creatinine_max": -0.006718745621616781, "pCO2_min": -0.018870544840525846, "Eosinophils_max": -0.03570524518446714, "Bilirubin, Total_min": -0.03679483206174727, "Lymphocytes_min": -0.057260359022082055, "Bicarbonate_max": -0.0723556059375606, "Phosphate_min": -0.14112126020834603, "Temperature_min": -0.271904165900469, "Albumin_min": -1.0232202992841948}