{"Lactate_max": 0.18141878948003834, "Lactate_min": 0.12913814161684903, "Phenytoin_min": 0.09154212826030315, "Sodium_max": 0.06956263709903632, "RDW_max": 0.05988875493366621, "PT_min": 0.05937003503114956, "Anion Gap_min": 0.05524269935966898, "Atypical Lymphocytes_max": 0.03717200000311273, "Bilirubin, Direct_max": 0.036015874118852376, "White Blood Cells_min": 0.03600592578452032, "pCO2_max": 0.03389015416805179, "Myelocytes_max": 0.03100437685903976, "Bilirubin, Direct_min": 0.030211043840696384, "Vancomycin_min": 0.029848765387127947, "Urea Nitrogen_min": 0.02853371616893581, "Phosphate_max": 0.026389236712623627, "Bands_min": 0.019816231448350607, "Osmolality, Measured_max": 0.018012160688268213, "PTT_min": 0.017251898322246325, "Metamyelocytes_min": 0.0153844476424754, "Glucose_min": 0.014948741845620736, "Metamyelocytes_max": 0.014810683782466352, "Oxygen_max": 0.014187183435994144, "Base Excess_max": 0.013412190537867333, "PEEP_min": 0.012059948813185008, "INR(PT)_max": 0.011992077785920213, "CK-MB Index_max": 0.011499647014519694, "CK-MB Index_min": 0.011304055613197361, "INR(PT)_min": 0.01056568532871, "Sodium, Whole Blood_min": 0.008453614972472052, "Epithelial Cells_max": 0.005823379143905898, "Cortisol_min": 0.005713586828313312, "Potassium, Urine_max": 0.005156403904162479, "O2 Flow_min": 0.004790305927048504, "Polys_min": 0.004206146376743436, "Alveolar-arterial Gradient_max": 0.004190194457655278, "Magnesium_max": 0.003947494587944753, "Nucleated Red Cells_min": 0.0032209308539530527, "Asparate Aminotransferase (AST)_min": 0.0025507570254643215, "pO2_min": 0.002074284747133266, "Iron_min": 0.0017863852187669236, "Creatinine, Urine_max": 0.0015036308448892538, "Vancomycin_max": 0.0009459634310625322, "Free Calcium_min": 0.0008812193692896678, "Potassium, Urine_min": 0.0008046210256626241, "Osmolality, Urine_max": 0.0007933223531445554, "Lactate Dehydrogenase (LD)_min": 0.0006720113084571602, "Amylase_min": 0.0006430891023666434, "WBC_max": 0.0005647286748069794, "Osmolality, Urine_min": 0.00044550320975000294, "Fibrinogen, Functional_min": 0.0003814347046679069, "RBC_min": 0.00029316437281752837, "Calculated Total CO2_min": 0.0002455077968627303, "Alveolar-arterial Gradient_min": 0.00019238052350770845, "Urea Nitrogen, Urine_max": 0.00012758110894713317, "Lactate Dehydrogenase (LD)_max": 0.00010270259428365287, "RBC_max": 0.00010150871912776377, "Creatine Kinase (CK)_min": 6.247872707274661e-05, "Asparate Aminotransferase (AST)_max": 5.5342856242852154e-05, "Ferritin_min": 3.025885873866502e-06, "Ferritin_max": -1.5417750286089397e-06, "Granulocyte Count_max": -1.4822114632963456e-05, "Creatine Kinase (CK)_max": -2.2590044468183573e-05, "Alkaline Phosphatase_max": -4.831781123183787e-05, "Granulocyte Count_min": -6.431262046237381e-05, "Polys_max": -0.0001992960046171787, "Alkaline Phosphatase_min": -0.00020681968306559978, "WBC_min": -0.0002536133756698414, "Amylase_max": -0.0002577804656201824, "Bands_max": -0.00027653557823056446, "White Blood Cells_max": -0.00028222532644445235, "Alanine Aminotransferase (ALT)_max": -0.000299052160830726, "Urea Nitrogen_max": -0.000344853332736207, "Triglycerides_min": -0.0004047738120239748, "Oxygen Saturation_max": -0.0005788507135028126, "Triglycerides_max": -0.0006900240318537739, "Urea Nitrogen, Urine_min": -0.0007179347874210674, "O2 Flow_max": -0.0009173451785719682, "Tidal Volume_max": -0.0010041215873091338, "Protein_min": -0.001158826989622323, "Lipase_min": -0.0011746933312365866, "Creatine Kinase, MB Isoenzyme_min": -0.001188622172411427, "Tidal Volume_min": -0.0012002834972964808, "Alanine Aminotransferase (ALT)_min": -0.0014217988992830327, "Nucleated Red Cells_max": -0.001451009845220131, "Creatinine, Urine_min": -0.002404210349179702, "Cortisol_max": -0.0027209747462730405, "Iron Binding Capacity, Total_min": -0.0037845275320237616, "Sodium, Urine_min": -0.004697486256619384, "PEEP_max": -0.0062681869803788435, "pCO2_min": -0.00666489859011054, "Basophils_max": -0.007054386454873348, "Thyroid Stimulating Hormone_min": -0.007289432483491195, "Cholesterol Ratio (Total/HDL)_min": -0.013436899359953638, "Cholesterol Ratio (Total/HDL)_max": -0.0137798934129402, "Anion Gap_max": -0.015116645108365594, "Thyroid Stimulating Hormone_max": -0.016721585916333673, "Base Excess_min": -0.017700903727215483, "Protein, Total_max": -0.01801956176029474, "Troponin T_min": -0.01991244929582267, "Protein, Total_min": -0.020401526132952225, "Phenytoin_max": -0.022055038032018297, "Bicarbonate_min": -0.02215303879638349, "Osmolality, Measured_min": -0.022363472057519956, "Required O2_max": -0.023004020108555505, "Uric Acid_max": -0.02660342207367796, "Troponin T_max": -0.03425431733937464, "Calcium, Total_max": -0.035248038911519626, "Uric Acid_min": -0.04665401917508702, "Epithelial Cells_min": -0.046680121085632235, "Temperature_max": -0.047955195045437896, "Sodium, Whole Blood_max": -0.05215326122759175, "Lymphocytes_min": -0.061248646073624555, "Bicarbonate_max": -0.0899950285948599, "Albumin_max": -0.09138454164349498, "Calcium, Total_min": -0.119231734573059, "Albumin_min": -0.12710923009506275, "Temperature_min": -0.141543860718772}