{"Lactate_max": 0.18775428748549783, "pH_max": 0.15589970104949838, "Lactate_min": 0.12198867712953163, "Anion Gap_min": 0.10003148319071446, "Phenytoin_min": 0.09304526018456362, "Sodium_max": 0.07913380715508381, "Bilirubin, Direct_max": 0.0737140856773949, "PT_min": 0.06636703683421802, "White Blood Cells_min": 0.046887799916972506, "Phosphate_max": 0.04420218313543004, "Calculated Total CO2_max": 0.0366626293089942, "pCO2_max": 0.032830358464015164, "Atypical Lymphocytes_max": 0.032640608579904445, "RDW_max": 0.02991698450716919, "Vancomycin_min": 0.027264935004116978, "Urea Nitrogen_min": 0.025746881809412783, "Magnesium_max": 0.020808541741377078, "INR(PT)_max": 0.01976242064103124, "CK-MB Index_max": 0.019353205866157967, "MCV_min": 0.018251653669657843, "Basophils_max": 0.017106079254222188, "Metamyelocytes_max": 0.016528440925681932, "Required O2_min": 0.01619711089724189, "Glucose_min": 0.014652154314722981, "Osmolality, Measured_max": 0.014536783052040599, "MCH_min": 0.012764436953568655, "INR(PT)_min": 0.012275205681619961, "Chloride, Whole Blood_min": 0.01138559683979111, "Bands_max": 0.010420825828402393, "PTT_min": 0.010217750886287567, "Oxygen_min": 0.009536059027968577, "Neutrophils_min": 0.008198452441944537, "Oxygen_max": 0.007873764633720458, "MCV_max": 0.007803985641129118, "Lymphocytes_max": 0.0052039340373371285, "Polys_min": 0.004665526817694027, "Potassium, Urine_max": 0.004087532259698997, "O2 Flow_min": 0.002835074033208623, "Sodium, Whole Blood_min": 0.0026101976356681686, "PTT_max": 0.002599942181842662, "Vancomycin_max": 0.00255614635157701, "pO2_min": 0.002296120245688763, "Creatinine, Urine_max": 0.0022361220223696635, "Monocytes_max": 0.0021592882179303687, "Alveolar-arterial Gradient_max": 0.002137988621822503, "Asparate Aminotransferase (AST)_min": 0.0019663755886429376, "Osmolality, Urine_max": 0.001383324165375063, "Free Calcium_min": 0.0010180785714710937, "Phenytoin_max": 0.000878498531991023, "Fibrinogen, Functional_min": 0.0008103157833430827, "Oxygen Saturation_min": 0.0006964420860268756, "Hematocrit, Calculated_max": 0.000629113054276518, "WBC_max": 0.0005928798163669454, "Lactate Dehydrogenase (LD)_min": 0.0005362609174262247, "Specific Gravity_max": 0.00041114501027467154, "Cortisol_max": 0.0003606521826894455, "RBC_max": 0.0001894784438127086, "Specific Gravity_min": 0.0001724964480372384, "Amylase_min": 0.00016157163503109615, "Sodium, Urine_min": 0.00011983961902125593, "Lactate Dehydrogenase (LD)_max": 8.807628647746621e-05, "Creatine Kinase (CK)_min": 7.881210986782495e-05, "Red Blood Cells_max": 7.760859275155734e-05, "Alkaline Phosphatase_max": 4.433365014076497e-05, "Lipase_max": 3.748176222554474e-06, "Ferritin_max": -1.5079120057271016e-06, "Creatine Kinase (CK)_max": -1.2773982553102819e-05, "Asparate Aminotransferase (AST)_max": -6.611254389486612e-05, "WBC_min": -8.219899432121078e-05, "Osmolality, Urine_min": -0.00010854691268455237, "Amylase_max": -0.00011023628011110046, "Glucose_max": -0.0001970364951491595, "Fibrinogen, Functional_max": -0.00023926568825445612, "Oxygen Saturation_max": -0.0002704113110459231, "Triglycerides_max": -0.00032033041041998437, "Urea Nitrogen, Urine_max": -0.0003763196781158217, "Platelet Count_min": -0.00037657228962913045, "Cortisol_min": -0.00037762544707724467, "Alkaline Phosphatase_min": -0.00043975008413247853, "Nucleated Red Cells_max": -0.0005554555490855311, "Tidal Volume_max": -0.0006364916700696078, "Urea Nitrogen_max": -0.0007889753960693115, "pO2_max": -0.0008806682176826946, "Epithelial Cells_max": -0.0009368955271958671, "Tidal Volume_min": -0.0009537549049543455, "Alanine Aminotransferase (ALT)_min": -0.001210310123888488, "Platelet Count_max": -0.0019623590758358856, "White Blood Cells_max": -0.002150982614846791, "Base Excess_min": -0.00265384997627653, "Iron Binding Capacity, Total_min": -0.0027711572173792585, "Alveolar-arterial Gradient_min": -0.0028212280758175587, "Creatinine, Urine_min": -0.0035591102848772905, "Base Excess_max": -0.0036285003851807686, "Cholesterol, LDL, Calculated_max": -0.0038624053342600643, "Sodium, Urine_max": -0.004313597839830738, "PT_max": -0.004962195260634777, "Neutrophils_max": -0.005510231037678037, "Required O2_max": -0.00576065987098522, "PEEP_max": -0.006053493429273782, "Bilirubin, Total_max": -0.00606248553793316, "RDW_min": -0.0081745402889803, "Creatinine_max": -0.00893788322683322, "Sodium_min": -0.010009838877650591, "pCO2_min": -0.011550796139403656, "Potassium_min": -0.013055324422571549, "Basophils_min": -0.015082172935455971, "Potassium_max": -0.015125929922312095, "Osmolality, Measured_min": -0.015487642136890174, "Free Calcium_max": -0.01667909064682021, "Red Blood Cells_min": -0.01800722209926688, "Monocytes_min": -0.01861476090606308, "Chloride, Whole Blood_max": -0.018996673439750054, "Anion Gap_max": -0.020163458326230416, "Bicarbonate_min": -0.020549581801322374, "Hematocrit_min": -0.02199443428578161, "Calcium, Total_max": -0.022345660334999635, "Sodium, Whole Blood_max": -0.024048389013374687, "Chloride_min": -0.02583358798345316, "Uric Acid_max": -0.030449046328644525, "Phosphate_min": -0.030756422200462787, "pH_min": -0.0326787791003149, "Troponin T_max": -0.03339953767998844, "Calculated Total CO2_min": -0.03394797338086702, "Bilirubin, Total_min": -0.03593660671409108, "Lymphocytes_min": -0.04380703435469728, "Eosinophils_max": -0.04588493809519536, "MCH_max": -0.05242220534335262, "MCHC_min": -0.054280775688991416, "Bilirubin, Indirect_max": -0.05555928335021705, "Uric Acid_min": -0.05588537966953219, "MCHC_max": -0.057893424105247275, "Eosinophils_min": -0.06398389762819437, "Hemoglobin_max": -0.06545752688507196, "Albumin_max": -0.09161853047171703, "Calcium, Total_min": -0.09504729170052297, "Bicarbonate_max": -0.10206869093986154, "Temperature_min": -0.10621974490535485, "Potassium, Whole Blood_max": -0.11429342362704223, "Creatinine_min": -0.12924789121018687, "Albumin_min": -0.12999868623659425}