{"Lactate_max": 0.1685069891191081, "pH_max": 0.11918658606421358, "Lactate_min": 0.1040463980127955, "Anion Gap_min": 0.08192726992491409, "Phenytoin_min": 0.07353948365812443, "Sodium_max": 0.07311861758112054, "PT_min": 0.05981458514439681, "White Blood Cells_min": 0.05309830609586009, "Bilirubin, Direct_max": 0.049391556949209325, "Bilirubin, Direct_min": 0.04623166342686555, "pCO2_max": 0.04105855937483539, "Atypical Lymphocytes_max": 0.04011066574884065, "Vancomycin_min": 0.03352909053355586, "Metamyelocytes_max": 0.030051723199153658, "Urea Nitrogen_min": 0.02522724156817739, "RDW_max": 0.022884836984988124, "Temperature_max": 0.02279770515988444, "MCV_min": 0.022783015099954035, "Phosphate_max": 0.022495826458302105, "Base Excess_max": 0.017943357640413878, "Bands_min": 0.016481922651381913, "Glucose_min": 0.01493304764008898, "Osmolality, Measured_max": 0.014261702604564268, "Urobilinogen_max": 0.014019405930076107, "PTT_min": 0.011504855112551157, "Oxygen_min": 0.011360960182573652, "INR(PT)_min": 0.010223157028442103, "Oxygen_max": 0.008540478841048967, "Red Blood Cells_max": 0.007663910660637827, "O2 Flow_min": 0.005962408301778341, "Potassium, Urine_min": 0.005615501266942446, "Iron_min": 0.0054241945861358744, "Phenytoin_max": 0.00536887081111594, "Sodium, Whole Blood_min": 0.005005154225507952, "Lymphocytes_max": 0.004267598058157734, "Neutrophils_min": 0.004258392420311675, "pO2_min": 0.0033943126687030166, "Bands_max": 0.0032192585352481262, "Polys_min": 0.0024638894057087244, "PTT_max": 0.0023850491211401233, "Magnesium_min": 0.002350350516843698, "RDW_min": 0.0021737423204813387, "Asparate Aminotransferase (AST)_min": 0.0020812229213860393, "Creatinine, Urine_max": 0.0019719229352889098, "Osmolality, Urine_max": 0.0015079612494497594, "WBC_max": 0.0012461025976336514, "Amylase_min": 0.0011714473886783364, "Urobilinogen_min": 0.0010938760033641379, "Alveolar-arterial Gradient_max": 0.0008318825456357692, "Urea Nitrogen_max": 0.0007637735592485278, "Lactate Dehydrogenase (LD)_min": 0.0005646921967307384, "Oxygen Saturation_min": 0.00044145469326392465, "RBC_max": 0.00030081009500309707, "Fibrinogen, Functional_min": 0.00026507190408132204, "Fibrinogen, Functional_max": 0.00022439651544147322, "Alkaline Phosphatase_max": 0.00020167534146808046, "Vitamin B12_min": 0.00015619667900639554, "Lactate Dehydrogenase (LD)_max": 0.00011698340559325417, "Creatine Kinase (CK)_min": 9.799374580119384e-05, "Asparate Aminotransferase (AST)_max": 4.6916945874614543e-05, "Specific Gravity_max": 1.0532140351037822e-05, "Lipase_max": 4.92094106105749e-06, "Ferritin_min": 1.2368881494670252e-06, "Free Calcium_min": -1.990226314849645e-06, "Creatine Kinase (CK)_max": -1.1786763659200405e-05, "Granulocyte Count_max": -1.2004393732716622e-05, "Glucose_max": -0.00021792001262987203, "Alveolar-arterial Gradient_min": -0.00024030558898578908, "Alanine Aminotransferase (ALT)_max": -0.00025419959298188087, "Alkaline Phosphatase_min": -0.0002583684931865917, "Specific Gravity_min": -0.00029947967045189144, "Vitamin B12_max": -0.0003049843100200009, "Platelet Count_min": -0.000338007134020077, "Amylase_max": -0.00042223800137902186, "Tidal Volume_max": -0.0005638291677139331, "Urea Nitrogen, Urine_min": -0.0005991118051915606, "Neutrophils_max": -0.0006460579988494287, "Lipase_min": -0.0006550279463644016, "WBC_min": -0.0007734753889311039, "Epithelial Cells_max": -0.0008622831143288867, "Triglycerides_max": -0.0008930553239941721, "Tidal Volume_min": -0.0008967811248509418, "MCH_min": -0.001033552977781122, "Alanine Aminotransferase (ALT)_min": -0.0010399165722708773, "Sodium, Urine_min": -0.0014784922067736378, "pO2_max": -0.0014963373442200688, "Oxygen Saturation_max": -0.0017771092534175032, "Platelet Count_max": -0.0020297646455308517, "Hematocrit, Calculated_max": -0.0021902160475158272, "Creatine Kinase, MB Isoenzyme_min": -0.0022502510034593933, "White Blood Cells_max": -0.002300307547289725, "O2 Flow_max": -0.0024834169274546096, "Creatinine, Urine_min": -0.0031941074558239544, "Bilirubin, Total_max": -0.003227449502772476, "PT_max": -0.0034522182521124034, "Creatinine_max": -0.0034834085751368027, "Cholesterol Ratio (Total/HDL)_min": -0.0036358817379609143, "Sodium, Urine_max": -0.003789266101125042, "Iron_max": -0.004326744066074459, "Transferrin_min": -0.004724232973692333, "Monocytes_max": -0.005930490324872536, "Cholesterol Ratio (Total/HDL)_max": -0.0060359871085003715, "Calcium, Total_max": -0.007863638920881938, "Basophils_min": -0.008708872340607802, "Troponin T_min": -0.009948922806376532, "Free Calcium_max": -0.010355440644808039, "Thyroid Stimulating Hormone_max": -0.012201508766990665, "Chloride, Whole Blood_max": -0.012525310227332364, "Osmolality, Measured_min": -0.013290404132617622, "Hematocrit_min": -0.013871397557828867, "Potassium_min": -0.014272356685936563, "Anion Gap_max": -0.015514067829948755, "Potassium_max": -0.017292585275462385, "Sodium_min": -0.01774521900978499, "Chloride_min": -0.019272523945721924, "Hemoglobin_max": -0.02090081610010924, "Troponin T_max": -0.021251459223971775, "Hematocrit_max": -0.021656355569383123, "pCO2_min": -0.0232191049388677, "Base Excess_min": -0.024766094484217724, "Sodium, Whole Blood_max": -0.025566469055809705, "pH_min": -0.026548574029319243, "Monocytes_min": -0.028506092163014685, "Calculated Total CO2_min": -0.028622868017966697, "Potassium, Whole Blood_min": -0.030285725273954706, "Phosphate_min": -0.03733233296607796, "Lymphocytes_min": -0.044425398392133754, "Bilirubin, Total_min": -0.045329186857248675, "Hemoglobin_min": -0.04938042013685233, "Eosinophils_max": -0.05157395229392156, "Uric Acid_min": -0.05251560706133038, "Eosinophils_min": -0.05880438249728377, "MCHC_max": -0.07007135331748636, "Albumin_max": -0.07666576824176581, "MCHC_min": -0.07820061424856438, "Potassium, Whole Blood_max": -0.08595972230023044, "Temperature_min": -0.08860619911884185, "Bicarbonate_max": -0.09391047198873155, "Creatinine_min": -0.10162258187554805, "Albumin_min": -0.11371406884088563}