{"Lactate_min": 0.20635300780445368, "Lactate_max": 0.14581692795188714, "INR(PT)_min": 0.1149023712877368, "Anion Gap_min": 0.08250572002419829, "Sodium_max": 0.07144930927155717, "PT_min": 0.05240293444067704, "RDW_max": 0.040122141597074064, "White Blood Cells_min": 0.03998175710020905, "pCO2_max": 0.03779019841487525, "Urea Nitrogen_min": 0.02275215637662684, "Specific Gravity_max": 0.015176581291770914, "Glucose_min": 0.014430936088807673, "Oxygen_min": 0.01170668213100726, "PTT_min": 0.010874402786935525, "Oxygen_max": 0.007927102438023513, "White Blood Cells_max": 0.003002979759877463, "pO2_min": 0.00213156592389667, "PTT_max": 0.0017777353868764138, "Lactate Dehydrogenase (LD)_min": 0.0007950108576949131, "Lymphocytes_max": 0.0003705747065322914, "Platelet Count_min": 6.955636106649445e-05, "Glucose_max": -5.754406420107816e-06, "Osmolality, Measured_max": -0.00014432034309262115, "Alkaline Phosphatase_max": -0.00017799656821320726, "Urea Nitrogen_max": -0.00066644029303931, "pO2_max": -0.0013229165815433674, "Tidal Volume_min": -0.0015320953261643024, "Platelet Count_max": -0.0022346018072395665, "Base Excess_min": -0.00609710007042268, "Potassium_max": -0.00995765671033063, "pCO2_min": -0.02167719092302893, "Chloride_min": -0.03217467830856691, "Albumin_max": -0.03349781694728915, "Bilirubin, Total_min": -0.044383883229386654, "Lymphocytes_min": -0.05197673085281446, "Bicarbonate_max": -0.09368937350442112, "Potassium_min": -0.15620371662268595, "Temperature_min": -0.2204185036148899, "Red Blood Cells_max": -0.2797518253145734, "Albumin_min": -0.9945916192447527}