{"Lactate_min": 0.1706285589467734, "Temperature_max": 0.16662281963893172, "Lactate_max": 0.1371661112928601, "Phenytoin_min": 0.1297731009610419, "Anion Gap_min": 0.12202802761847967, "MCH_min": 0.09307459293420238, "Sodium_max": 0.06893171014679325, "Bilirubin, Direct_min": 0.06658622404427857, "Phosphate_max": 0.06471003657499515, "PT_min": 0.059428739654944496, "Potassium_max": 0.049311259748853586, "White Blood Cells_min": 0.04100893720682381, "Hematocrit, Calculated_min": 0.03732862253816044, "pCO2_max": 0.03538499807318129, "Urea Nitrogen_min": 0.029319047751802798, "Bilirubin, Direct_max": 0.02905232913993796, "Vancomycin_min": 0.024772559828506867, "INR(PT)_min": 0.020320673193551506, "MCV_max": 0.018904300043109848, "Glucose_min": 0.012887169073308245, "Oxygen_min": 0.011243717874628217, "PTT_min": 0.009433843441703744, "INR(PT)_max": 0.008761017998149148, "Oxygen_max": 0.008223274563457698, "RDW_min": 0.007932759878745258, "Potassium_min": 0.006080005994210581, "Bands_max": 0.004032898845953279, "PTT_max": 0.0029902713666687666, "O2 Flow_min": 0.0028424747251438363, "Specific Gravity_max": 0.002579785450475028, "Lymphocytes_max": 0.0023608163280128443, "Epithelial Cells_max": 0.002046189407253615, "Bilirubin, Total_max": 0.001996912064238218, "Sodium, Urine_max": 0.0018713698313870461, "pO2_min": 0.0017930534055198755, "Cortisol_min": 0.0013871809511593726, "White Blood Cells_max": 0.0010966496400714228, "Asparate Aminotransferase (AST)_min": 0.0010536876616661192, "Neutrophils_min": 0.0008142195301481689, "Monocytes_max": 0.0007325354299144808, "Alveolar-arterial Gradient_max": 0.0006471610187107922, "Lactate Dehydrogenase (LD)_min": 0.000611329608740488, "Osmolality, Urine_min": 0.0003996945922906075, "Urea Nitrogen_max": 0.0002840468279089546, "RBC_min": 0.00024424927082854117, "Fibrinogen, Functional_min": 0.00017995557593739265, "Osmolality, Measured_max": 0.0001743308602652077, "Creatine Kinase (CK)_min": 0.00012198777493354918, "Lactate Dehydrogenase (LD)_max": 0.00010449496056243087, "Asparate Aminotransferase (AST)_max": 7.074369614225981e-05, "MCV_min": 5.824190523945143e-05, "Creatine Kinase (CK)_max": -2.5723560674931752e-05, "Glucose_max": -9.720299279223817e-05, "Vitamin B12_min": -0.00017474978234721596, "O2 Flow_max": -0.0002167635128835481, "Amylase_max": -0.00022777686133320946, "Alkaline Phosphatase_max": -0.0002705376330773185, "Alanine Aminotransferase (ALT)_max": -0.00031313637930785763, "Protein_max": -0.0003332085507891073, "Creatine Kinase, MB Isoenzyme_min": -0.00037039139255292286, "Platelet Count_min": -0.0005745629639454722, "pO2_max": -0.0005786703012616079, "Triglycerides_max": -0.0007349794877320707, "Tidal Volume_max": -0.0008084974447660388, "Tidal Volume_min": -0.0008272458290211512, "Creatinine_max": -0.0014202847795036712, "PT_max": -0.0015586868207807354, "Cholesterol, Total_min": -0.0016329300750140925, "Platelet Count_max": -0.0020687900194554594, "Oxygen Saturation_min": -0.002820370604405423, "Base Excess_min": -0.0031755711848950774, "Chloride_max": -0.005299918873442038, "Sodium, Urine_min": -0.005330085918860745, "Neutrophils_max": -0.006544412646302086, "Free Calcium_max": -0.0075955118744938915, "pCO2_min": -0.013688513331806512, "Hematocrit_max": -0.02107641065081166, "pH_min": -0.02501787868100123, "Calculated Total CO2_min": -0.02519692450635906, "Hematocrit, Calculated_max": -0.02602131716783788, "Hematocrit_min": -0.027468888855090197, "Bilirubin, Indirect_min": -0.028757721496325866, "Monocytes_min": -0.03379971660094296, "Chloride_min": -0.03389958950612071, "Eosinophils_max": -0.04403925485304361, "Lymphocytes_min": -0.04953548676698364, "Phenytoin_max": -0.04993952130610228, "Bilirubin, Total_min": -0.05148472427774898, "Potassium, Whole Blood_min": -0.05303821283368323, "MCHC_min": -0.0697724561647121, "MCHC_max": -0.07782805816879806, "Phosphate_min": -0.08121920549114878, "Bicarbonate_max": -0.08194556934111775, "Troponin T_min": -0.08197517964743578, "MCH_max": -0.11856943977797098, "Temperature_min": -0.21553794109966673, "Potassium, Whole Blood_max": -0.23194303682989464, "Albumin_max": -0.2945772486609987, "Creatinine_min": -0.3355545413004927, "Albumin_min": -0.5367068608979617}