{"pH_max": 0.26355224312316156, "Lactate_max": 0.1903576575212544, "Lactate_min": 0.16315204466277405, "Phenytoin_min": 0.13872572822113827, "Anion Gap_min": 0.09905821794655043, "Sodium_max": 0.09027711184399151, "Bilirubin, Direct_max": 0.07792583571793825, "Phosphate_max": 0.05558717577521751, "Calculated Total CO2_max": 0.05158952128637124, "White Blood Cells_min": 0.04845371067279965, "CK-MB Index_min": 0.048029892252611645, "PT_min": 0.04591813921574486, "MCH_min": 0.04359354432530584, "Hematocrit, Calculated_min": 0.03948739949803697, "Magnesium_max": 0.03441808471144115, "pCO2_max": 0.03176064448000785, "Urea Nitrogen_min": 0.03164013964627558, "RDW_max": 0.028544724517894544, "MCV_min": 0.026003301859125316, "Red Blood Cells_max": 0.023250463094237096, "Vancomycin_min": 0.020127388576540006, "Temperature_max": 0.017624315254462272, "PTT_min": 0.017075554367727532, "Magnesium_min": 0.016742506478439237, "Glucose_min": 0.013436577669411651, "Oxygen_max": 0.011695809597557507, "PEEP_min": 0.010670577443426454, "INR(PT)_min": 0.009740264210191318, "Potassium, Urine_max": 0.00905126713216271, "Base Excess_min": 0.00809915586396373, "Osmolality, Measured_max": 0.008042973863104019, "Sodium, Whole Blood_min": 0.006083544489015352, "Cholesterol, HDL_min": 0.005649374838708094, "White Blood Cells_max": 0.004854719699077205, "Myelocytes_min": 0.004778687296126788, "Polys_min": 0.003578438182597695, "pO2_min": 0.0028464703075539444, "Asparate Aminotransferase (AST)_min": 0.002595367050070566, "PTT_max": 0.0022777412316374074, "Alveolar-arterial Gradient_max": 0.0022267492613361195, "Monocytes_max": 0.0017668608619162, "PT_max": 0.0016669330712888752, "Osmolality, Urine_max": 0.0012689653057156546, "Iron_max": 0.0011958621310920049, "Lymphocytes_max": 0.001020830784812296, "Lactate Dehydrogenase (LD)_min": 0.000555688226768858, "Specific Gravity_max": 0.0005448448074181714, "Amylase_min": 0.0004740528860882989, "Fibrinogen, Functional_min": 0.0004447463593149805, "Creatine Kinase, MB Isoenzyme_min": 0.0004159682019348367, "Platelet Count_min": 0.00041558398053267266, "WBC_max": 0.00035217853280850893, "Alveolar-arterial Gradient_min": 0.00025146559117860724, "RBC_min": 0.00020814212952402155, "Urea Nitrogen, Urine_max": 0.00015969099333185675, "Specific Gravity_min": 0.00015921464542434323, "Osmolality, Urine_min": 0.0001513963151916936, "Creatine Kinase (CK)_min": 0.00010757944457813424, "Lactate Dehydrogenase (LD)_max": 8.5239912374134e-05, "Free Calcium_min": 6.59447130783347e-05, "Alkaline Phosphatase_max": 4.3525430803580113e-05, "Lipase_max": 2.845437497718337e-06, "Creatine Kinase (CK)_max": -1.4770362127092448e-05, "Granulocyte Count_max": -2.8445902631707076e-05, "Asparate Aminotransferase (AST)_max": -5.5610790160083595e-05, "Glucose_max": -6.642029407056085e-05, "Neutrophils_min": -0.0001733893359887996, "Vitamin B12_min": -0.0001748392063278442, "Ketone_max": -0.00020016901941549286, "Protein_min": -0.00031228070600350583, "Amylase_max": -0.0003292722786325136, "Oxygen Saturation_min": -0.00043786802618809466, "Tidal Volume_min": -0.0004992596826979504, "Alkaline Phosphatase_min": -0.0006167781763511194, "pO2_max": -0.0006757641860057834, "Creatinine, Urine_max": -0.0007196557050642062, "Urea Nitrogen, Urine_min": -0.0007604078840943598, "Cortisol_max": -0.000828529628785977, "Tidal Volume_max": -0.0009153348204856331, "Potassium, Urine_min": -0.0011363803669880352, "Creatine Kinase, MB Isoenzyme_max": -0.0012276720569308242, "Alanine Aminotransferase (ALT)_min": -0.0015999418481068535, "Creatinine_max": -0.0021132622507930594, "Iron Binding Capacity, Total_min": -0.0024627269051848174, "Platelet Count_max": -0.0026956603609486307, "Chloride, Whole Blood_max": -0.0033736787039393952, "Urea Nitrogen_max": -0.00341160024328669, "Ketone_min": -0.0034382805564339273, "Vancomycin_max": -0.0034740851315708905, "Sodium, Urine_min": -0.0034753545639511444, "Calcium, Total_max": -0.00401919331053326, "INR(PT)_max": -0.004022759588913308, "Neutrophils_max": -0.005494304068083188, "Bilirubin, Total_max": -0.005640792270607895, "Required O2_max": -0.008236698930030024, "Thyroid Stimulating Hormone_min": -0.008812274376003506, "Hematocrit_max": -0.013113667236237974, "Potassium_min": -0.013601642147363879, "Base Excess_max": -0.014837835982725553, "pCO2_min": -0.017091793272908235, "Calculated Total CO2_min": -0.017175418892239374, "Hemoglobin_max": -0.018431230842247282, "MCV_max": -0.018736393313503734, "Hematocrit, Calculated_max": -0.020542910571485, "Eosinophils_max": -0.02329478309020776, "Sodium, Whole Blood_max": -0.02431565259592982, "Chloride_max": -0.0272642315214967, "Troponin T_max": -0.029438762889249518, "RDW_min": -0.030149026825150377, "Anion Gap_max": -0.031834390129810486, "Chloride_min": -0.034843554906164566, "Monocytes_min": -0.03744205889066103, "Troponin T_min": -0.037639360177593506, "Phosphate_min": -0.038670264473012764, "Lymphocytes_min": -0.04755841679350249, "Bicarbonate_min": -0.04796712619114294, "pH_min": -0.05316578782584322, "Bilirubin, Total_min": -0.05662555168149529, "Epithelial Cells_min": -0.071421826289128, "MCHC_max": -0.08177811019897538, "MCHC_min": -0.08370750381988966, "Eosinophils_min": -0.08618311942066371, "Bicarbonate_max": -0.12026430800280799, "Temperature_min": -0.1418713054085918, "Calcium, Total_min": -0.14449563403890467, "Hemoglobin_min": -0.1451762302419557, "Albumin_max": -0.14553263663025412, "Potassium, Whole Blood_max": -0.1644852599641495, "Creatinine_min": -0.20428960911193952, "Albumin_min": -0.21985032659096634}