{"pH_max": 0.5635671110444761, "Lactate_min": 0.20147327553517863, "Lactate_max": 0.1486029757115141, "Anion Gap_min": 0.09521362949814353, "Bilirubin, Direct_max": 0.0727711465930606, "Sodium_max": 0.06612556178312096, "PT_min": 0.06061847729231364, "White Blood Cells_min": 0.04445191848977113, "Magnesium_min": 0.041915080182026936, "Temperature_max": 0.03523895659588635, "pCO2_max": 0.03490300134669017, "Phosphate_max": 0.03446753687159384, "INR(PT)_min": 0.02759613413284785, "Urea Nitrogen_min": 0.02543942541720879, "Vancomycin_min": 0.021184317655233487, "Calculated Total CO2_max": 0.01945155927566976, "RDW_max": 0.019057516981278284, "Glucose_min": 0.014133034085562012, "PTT_min": 0.01122385420273691, "Oxygen_min": 0.00944884973448165, "MCV_max": 0.008557953431553685, "Oxygen_max": 0.008506706095732139, "Urobilinogen_min": 0.008197453795852483, "Required O2_max": 0.006598555387923193, "Bands_max": 0.0056653091450013186, "Chloride_max": 0.0027907693193776266, "pO2_min": 0.0019530251717673178, "PTT_max": 0.001831086271853722, "Osmolality, Measured_max": 0.0015393387852471495, "Lymphocytes_max": 0.0012896417265874443, "PT_max": 0.001071461312669376, "Lactate Dehydrogenase (LD)_min": 0.0007588511486644987, "Osmolality, Urine_max": 0.0005306330558403257, "White Blood Cells_max": 0.0004276070473745496, "Fibrinogen, Functional_min": 0.0003456957108351463, "Platelet Count_min": 0.00028665649952708993, "Creatine Kinase (CK)_min": 9.661337486612862e-05, "Lactate Dehydrogenase (LD)_max": 3.191079099879003e-05, "Creatine Kinase (CK)_max": -2.4104803802698682e-05, "Glucose_max": -9.420373285849197e-05, "Alkaline Phosphatase_min": -9.634336608764586e-05, "pO2_max": -0.0008297736044617628, "Nucleated Red Cells_max": -0.0011230231895986394, "Tidal Volume_min": -0.00126380589180555, "Hematocrit_min": -0.001266325413588913, "Urea Nitrogen_max": -0.0016877922624824078, "Neutrophils_min": -0.0017633043337129913, "Platelet Count_max": -0.002197504872024955, "Monocytes_max": -0.0029596110861567033, "Sodium, Urine_min": -0.005022181339367817, "Base Excess_min": -0.008854882331250943, "pCO2_min": -0.017036047064697503, "Troponin T_max": -0.019051151530712584, "Bilirubin, Total_max": -0.01979942894203871, "Thyroid Stimulating Hormone_max": -0.021841334789752476, "Monocytes_min": -0.02386104756174284, "Chloride, Whole Blood_max": -0.026048964970864973, "Bilirubin, Total_min": -0.027323839474551956, "Sodium_min": -0.03557512027653268, "Eosinophils_max": -0.042000376285341846, "Potassium_max": -0.04206723212676362, "Lymphocytes_min": -0.0467923409850568, "Potassium_min": -0.05858902796533796, "Bicarbonate_max": -0.10813692730715017, "Eosinophils_min": -0.11186659367349647, "Phosphate_min": -0.12879592954613298, "Hemoglobin_max": -0.13022427775562095, "Albumin_max": -0.29371833682975174, "Temperature_min": -0.29552443523201105, "Albumin_min": -0.5436631537745754}