{"pH_max": 0.54491174653567, "Lactate_min": 0.1735550107461905, "Lactate_max": 0.15656198003971658, "Temperature_max": 0.1253725296903276, "Anion Gap_min": 0.10411356779544775, "Calcium, Total_max": 0.09997071263561881, "Red Blood Cells_max": 0.08903650353231678, "Bilirubin, Direct_min": 0.06919436822392815, "Sodium_max": 0.06330003898387199, "PT_min": 0.06279924277567459, "Magnesium_min": 0.06258484544889142, "Atypical Lymphocytes_min": 0.0592320553627112, "MCH_min": 0.05600056418727626, "Potassium_max": 0.05465275752944151, "White Blood Cells_min": 0.05253885009184734, "RDW_max": 0.05137378372352112, "Phenytoin_min": 0.047288765528730285, "pCO2_max": 0.037185622549086646, "Basophils_max": 0.03178644175406998, "Phosphate_max": 0.03088056609489221, "Urea Nitrogen_min": 0.029129939622086348, "Bilirubin, Direct_max": 0.02902707062640517, "Hematocrit, Calculated_min": 0.026302879882148408, "Vancomycin_min": 0.01900084689903824, "Required O2_max": 0.018790693503264223, "Glucose_min": 0.014125099215252398, "Red Blood Cells_min": 0.012043664003157267, "PTT_min": 0.009876246407672951, "Oxygen_min": 0.009691513542739009, "Oxygen_max": 0.009329029610576222, "Potassium_min": 0.008062510292209668, "Free Calcium_min": 0.007986136257946284, "Bands_min": 0.007401614259573304, "Potassium, Urine_max": 0.005720160764563425, "MCV_min": 0.005081523258175802, "Creatinine_max": 0.004888219916864113, "Vancomycin_max": 0.003150429958034729, "pO2_min": 0.00199801206807824, "Epithelial Cells_max": 0.0018728588132277755, "Lymphocytes_max": 0.0018459688622338478, "PTT_max": 0.0014194485108018763, "Cortisol_min": 0.0014078059654545024, "Asparate Aminotransferase (AST)_min": 0.0011415652462464685, "Iron_max": 0.0009025945936768958, "Amylase_min": 0.0008792766733158897, "Platelet Count_min": 0.0005059197819534986, "Lactate Dehydrogenase (LD)_min": 0.0004986202951293597, "RBC_min": 0.0003652516873278431, "Fibrinogen, Functional_min": 0.0002886718932362406, "WBC_max": 0.00025127407431854167, "Osmolality, Urine_min": 0.00024252641146542108, "Neutrophils_min": 0.00018771445404012628, "Alkaline Phosphatase_max": 0.00017035926877837144, "Nucleated Red Cells_max": 0.0001666513701630908, "Chloride_max": 0.00016653337288081993, "Sodium, Urine_max": 0.00011118243124072104, "Asparate Aminotransferase (AST)_max": 0.00010012337720126754, "Lactate Dehydrogenase (LD)_max": 9.304223920972716e-05, "Cortisol_max": 5.28424857419603e-05, "Creatine Kinase, MB Isoenzyme_min": -1.0564140297369843e-05, "Creatine Kinase (CK)_max": -1.105182626495873e-05, "Bilirubin, Total_max": -9.911052026268901e-05, "WBC_min": -0.00016689069573432594, "Vitamin B12_max": -0.00016695900352917912, "Glucose_max": -0.00018452442555334572, "pO2_max": -0.00027301293144372114, "Amylase_max": -0.0003333272441753268, "Alanine Aminotransferase (ALT)_max": -0.0003701365434041053, "Alkaline Phosphatase_min": -0.0007412312766683311, "Tidal Volume_max": -0.0008674444028759131, "Lipase_min": -0.0008812520216057155, "Tidal Volume_min": -0.0009089566333212127, "Urea Nitrogen_max": -0.0014898524536814271, "Alveolar-arterial Gradient_max": -0.0015037632362863433, "Specific Gravity_min": -0.0016602497395348376, "Base Excess_min": -0.0017411518023481318, "Hematocrit_max": -0.0020243993325133785, "Osmolality, Measured_max": -0.0021998532632213734, "Required O2_min": -0.002269868029167858, "White Blood Cells_max": -0.002535400400799975, "Platelet Count_max": -0.0026678088535887325, "Transferrin_min": -0.003023423451416836, "PEEP_max": -0.0031668750645452264, "Oxygen Saturation_min": -0.0032595466728660718, "Sodium, Urine_min": -0.004354770510512122, "Monocytes_max": -0.0056855325595009465, "Neutrophils_max": -0.007352977671326659, "MCV_max": -0.010471740304123253, "pCO2_min": -0.015104034048463177, "Troponin T_max": -0.02075330851044704, "RDW_min": -0.02787772915651852, "Sodium, Whole Blood_max": -0.030245526271369453, "Chloride_min": -0.0305465047610067, "Eosinophils_max": -0.03596609863388949, "Phosphate_min": -0.04012586913740624, "Lymphocytes_min": -0.04835977707054278, "Basophils_min": -0.05452947958123785, "Hemoglobin_min": -0.058116665187418017, "Bilirubin, Total_min": -0.0609547197221498, "pH_min": -0.07938945204475624, "Eosinophils_min": -0.09766561222091787, "Bicarbonate_max": -0.10807482356417338, "MCHC_min": -0.11460343215010865, "Hemoglobin_max": -0.13300405572520357, "Calcium, Total_min": -0.16759567641310916, "Creatinine_min": -0.2004417767913031, "Temperature_min": -0.21083467808472472, "Albumin_max": -0.24919992067682994, "Potassium, Whole Blood_max": -0.2688619286818645, "Albumin_min": -0.4618522030706025}