{"Lactate_max": 0.16917485617235845, "pH_max": 0.10824555637588115, "Lactate_min": 0.08927604955934537, "Anion Gap_min": 0.08757191235219017, "Sodium_max": 0.06887047059341668, "Phenytoin_min": 0.0684098609443596, "White Blood Cells_min": 0.05890494879323228, "PT_min": 0.05219575048071819, "Bilirubin, Direct_max": 0.051964606746826486, "Hematocrit, Calculated_min": 0.045928980609805777, "Bilirubin, Direct_min": 0.04129962590159636, "pCO2_max": 0.03551692468208354, "Vancomycin_min": 0.030473183996610646, "Phosphate_max": 0.027917091494194222, "RDW_max": 0.027842113158337747, "Calculated Total CO2_max": 0.026602277041989114, "Urea Nitrogen_min": 0.024296514792615426, "CK-MB Index_max": 0.019372120299331278, "Osmolality, Measured_max": 0.019146825237324326, "Atypical Lymphocytes_max": 0.019019911958993406, "MCV_min": 0.01891649759408722, "Myelocytes_max": 0.018661196286160302, "PEEP_min": 0.017605163456860945, "Metamyelocytes_min": 0.015263820694839557, "Glucose_min": 0.014440859542145126, "Magnesium_max": 0.013661745174527716, "Urobilinogen_max": 0.01344804028315846, "Required O2_min": 0.013284294536332054, "CK-MB Index_min": 0.012765755220065565, "PTT_min": 0.012447030445353125, "Metamyelocytes_max": 0.012191057386891016, "Red Blood Cells_max": 0.011519741422761989, "Oxygen_max": 0.011496676213846552, "Atypical Lymphocytes_min": 0.01141317922454917, "Base Excess_max": 0.011337444470580946, "Bands_min": 0.011172295147420293, "Cholesterol, Total_min": 0.009824185104754626, "INR(PT)_min": 0.009288119714776399, "Oxygen_min": 0.009212238805644408, "Chloride, Whole Blood_min": 0.008761090149966544, "Temperature_max": 0.008728251879920875, "MCH_min": 0.00822137469658962, "RDW_min": 0.007954305496259846, "Basophils_max": 0.007779575780356226, "Potassium, Urine_max": 0.006356707878215185, "INR(PT)_max": 0.006093711112893442, "Bands_max": 0.005994458057666115, "Myelocytes_min": 0.005313266337886684, "O2 Flow_min": 0.004539563599426207, "Cholesterol, HDL_min": 0.004415782808473696, "MCV_max": 0.004258649615213728, "Lymphocytes_max": 0.00410896740006509, "Cholesterol Ratio (Total/HDL)_min": 0.004087206656122015, "Iron_min": 0.00407006814080071, "Cholesterol Ratio (Total/HDL)_max": 0.003998133455990042, "Neutrophils_min": 0.0037180387090553343, "pO2_min": 0.002861993385690868, "Magnesium_min": 0.0028437280119298597, "Asparate Aminotransferase (AST)_min": 0.0024443821161924503, "Epithelial Cells_max": 0.0024292937847657406, "Nucleated Red Cells_min": 0.0023752229383022403, "tacroFK_min": 0.0021132884151654477, "Cortisol_max": 0.002079252794561967, "Alveolar-arterial Gradient_max": 0.002029998443835816, "Cholesterol, LDL, Calculated_max": 0.001982528071423494, "Vancomycin_max": 0.0019714596365608995, "PTT_max": 0.0018211863535511719, "Chloride_max": 0.001717786984299677, "Polys_max": 0.001571933417170297, "Thyroid Stimulating Hormone_min": 0.0014768908934992564, "Creatinine, Urine_max": 0.0014535950227408043, "Osmolality, Urine_max": 0.0009883304852691124, "Polys_min": 0.0009623086264279729, "Vitamin B12_min": 0.0009606363993295522, "Potassium, Urine_min": 0.0007643602539513063, "Iron Binding Capacity, Total_min": 0.0005809510958764638, "Amylase_min": 0.0005794636390564341, "Osmolality, Urine_min": 0.0005733064923689875, "Lactate Dehydrogenase (LD)_min": 0.0005713552244746023, "Fibrinogen, Functional_min": 0.0003759986196880593, "RBC_min": 0.00030460080032078483, "WBC_max": 0.0002909624678058728, "Alkaline Phosphatase_max": 0.00024888511864962887, "Creatine Kinase, MB Isoenzyme_min": 0.00024533304555389034, "Protein_min": 0.00013424754267192095, "RBC_max": 0.00012645982543964314, "Creatine Kinase (CK)_min": 0.00010426346980933616, "Lactate Dehydrogenase (LD)_max": 7.730995627521127e-05, "Asparate Aminotransferase (AST)_max": 6.219484665646824e-05, "Specific Gravity_max": 3.452290913113029e-05, "Granulocyte Count_max": 1.632168769160238e-05, "Ferritin_max": 4.639242654434059e-06, "Lipase_max": 4.473909816981562e-06, "Fibrinogen, Functional_max": -2.960636563349761e-06, "Creatine Kinase (CK)_max": -1.311478702043632e-05, "Ferritin_min": -5.720229977693208e-05, "Granulocyte Count_min": -7.678566604978648e-05, "Oxygen Saturation_max": -9.660637724303126e-05, "Specific Gravity_min": -0.00013377925887904322, "Urea Nitrogen, Urine_max": -0.00014467867320295104, "Urea Nitrogen_max": -0.0001651405920259344, "Amylase_max": -0.00016953519420669997, "PT_max": -0.00022280654789715932, "Alanine Aminotransferase (ALT)_max": -0.00023402738726674828, "Glucose_max": -0.0002584931992763281, "Platelet Count_min": -0.0002643346282408784, "WBC_min": -0.0003235492528278364, "Free Calcium_min": -0.00041109214188725824, "Triglycerides_min": -0.0005326312533085554, "Lipase_min": -0.0005335186066776936, "Cortisol_min": -0.0005738699445430709, "Urea Nitrogen, Urine_min": -0.0005754660741665303, "Triglycerides_max": -0.0005817875983829185, "Protein_max": -0.0006095505286042007, "Ketone_max": -0.000701732035558971, "Tidal Volume_min": -0.0008692171255785964, "Tidal Volume_max": -0.0009244764473641759, "pO2_max": -0.0009350016242419499, "Alkaline Phosphatase_min": -0.0010333102289045674, "O2 Flow_max": -0.0010952913994720615, "Nucleated Red Cells_max": -0.0011178051205244666, "Vitamin B12_max": -0.001118364179041809, "Iron Binding Capacity, Total_max": -0.0012034743831677984, "Alanine Aminotransferase (ALT)_min": -0.0012255391917030372, "Cholesterol, HDL_max": -0.001282616936738434, "Creatine Kinase, MB Isoenzyme_max": -0.0013257842179072612, "Transferrin_min": -0.00142231159961894, "Oxygen Saturation_min": -0.0016239805962940813, "White Blood Cells_max": -0.001928275280525576, "Sodium, Urine_max": -0.0020221148556003954, "Platelet Count_max": -0.002188265106051232, "Alveolar-arterial Gradient_min": -0.002739808842787274, "Creatinine, Urine_min": -0.0027444463222678294, "Required O2_max": -0.0028414885440214894, "Monocytes_max": -0.0029729410261075716, "Anion Gap_max": -0.0031412800206548487, "Iron_max": -0.00315126795678886, "Transferrin_max": -0.003190696816223204, "Free Calcium_max": -0.003394150850036397, "Urobilinogen_min": -0.0035907819469502226, "Sodium, Urine_min": -0.004003993755535659, "Ketone_min": -0.004506912496208149, "Calcium, Total_max": -0.004699304579345202, "Neutrophils_max": -0.005391663065185502, "Sodium, Whole Blood_min": -0.006024649288354656, "PEEP_max": -0.006302465490019475, "Cholesterol, LDL, Calculated_min": -0.006400126184395122, "Potassium_min": -0.006954306033584684, "Bilirubin, Total_max": -0.00793591245106407, "tacroFK_max": -0.007996927208342726, "Protein, Total_max": -0.008134905992169962, "Base Excess_min": -0.008163075898302608, "Red Blood Cells_min": -0.008241390019438608, "Hematocrit_min": -0.008595811545133877, "Potassium_max": -0.0086951490364214, "Bilirubin, Indirect_min": -0.008922385772260701, "Cholesterol, Total_max": -0.009120408519653291, "Phenytoin_max": -0.010020071944822788, "Basophils_min": -0.010388473695028693, "Protein, Total_min": -0.011878891374026338, "Creatinine_max": -0.012225200572154368, "Chloride, Whole Blood_max": -0.012964767219961317, "Thyroid Stimulating Hormone_max": -0.014630383302286422, "Hematocrit_max": -0.014842118684263094, "Sodium, Whole Blood_max": -0.015009895758086207, "pCO2_min": -0.015476125362889002, "Chloride_min": -0.015559419096778994, "Sodium_min": -0.01685127029340901, "Phosphate_min": -0.017475010123701118, "Troponin T_min": -0.018106024364996837, "Troponin T_max": -0.018465749698336347, "Monocytes_min": -0.019374948952850066, "pH_min": -0.01979553689213798, "Osmolality, Measured_min": -0.01993162128237942, "Hemoglobin_max": -0.020962041479562373, "% Hemoglobin A1c_max": -0.021018029301773135, "% Hemoglobin A1c_min": -0.021464773318693866, "Potassium, Whole Blood_min": -0.02155312502700505, "Bicarbonate_min": -0.022638607058476496, "Calculated Total CO2_min": -0.022846987817473793, "Hematocrit, Calculated_max": -0.024351846243917136, "Uric Acid_max": -0.025830441317289295,