{"Lactate_min": 0.1670880663188682, "Lactate_max": 0.1338912051656841, "Bilirubin, Direct_min": 0.10408538269550303, "Anion Gap_min": 0.09647488383630856, "Phenytoin_min": 0.08754318320909567, "Sodium_max": 0.07589976077772648, "PT_min": 0.06275075304045831, "Temperature_max": 0.05505297676277175, "Phosphate_max": 0.054457418735677776, "White Blood Cells_min": 0.05269793921046122, "RDW_max": 0.042256712759427634, "Myelocytes_max": 0.0377211253663906, "pCO2_max": 0.03507379228158914, "Basophils_max": 0.028821476927493556, "Red Blood Cells_max": 0.02699381828293258, "Vancomycin_min": 0.02648874611895869, "Urea Nitrogen_min": 0.02615023875396509, "Base Excess_max": 0.02378921387624352, "MCV_min": 0.02071501972672933, "Calcium, Total_max": 0.01713416959380476, "INR(PT)_max": 0.015829028297541552, "Bands_min": 0.015286919401557469, "Magnesium_min": 0.014901314851074387, "Glucose_min": 0.014361233329843294, "Oxygen_min": 0.012423820665515358, "PTT_min": 0.011169910089175126, "Calculated Total CO2_max": 0.00941691178388378, "Oxygen_max": 0.00759485482819338, "Free Calcium_min": 0.007383616348999009, "Osmolality, Measured_max": 0.0065965361831185265, "Potassium, Urine_max": 0.006312077182027249, "Cholesterol, HDL_min": 0.006122145240334346, "Lymphocytes_max": 0.005977572822521344, "Magnesium_max": 0.005370041751207865, "Hematocrit, Calculated_max": 0.004161572759041026, "Hematocrit_min": 0.0035770596966797656, "Neutrophils_min": 0.0033380452491509624, "Bands_max": 0.002762611275053575, "pO2_min": 0.002680952587112374, "Polys_min": 0.0023832551601751105, "PTT_max": 0.0020006718833044295, "Iron_min": 0.0016683088790193225, "Asparate Aminotransferase (AST)_min": 0.0014940529814398945, "Osmolality, Urine_max": 0.0011583789467069208, "Alveolar-arterial Gradient_max": 0.0009000150248970696, "Specific Gravity_max": 0.0008925848593412389, "WBC_max": 0.0006393001624568121, "Lactate Dehydrogenase (LD)_min": 0.0005972092781735054, "Platelet Count_min": 0.00040922183017537243, "Creatinine, Urine_max": 0.0003956348877817701, "RBC_min": 0.0003861060786106983, "Fibrinogen, Functional_min": 0.0003274074984641427, "Specific Gravity_min": 0.00016327132380859063, "Creatine Kinase (CK)_min": 0.00010293472109178871, "Lactate Dehydrogenase (LD)_max": 7.422914474959047e-05, "Amylase_max": 3.911049750293481e-05, "Fibrinogen, Functional_max": 1.605723112978019e-05, "Creatine Kinase (CK)_max": -2.2511282899809686e-05, "Granulocyte Count_min": -4.361142052582617e-05, "Asparate Aminotransferase (AST)_max": -7.505191548046644e-05, "Lipase_max": -0.000189358893668462, "Glucose_max": -0.0001951857759396223, "Vitamin B12_max": -0.00025624005720003933, "Osmolality, Urine_min": -0.0002950697431460491, "Creatine Kinase, MB Isoenzyme_min": -0.0003381724103753499, "Triglycerides_max": -0.0003394465246946277, "Lipase_min": -0.00037896070007389904, "Urea Nitrogen, Urine_min": -0.0004119737257759359, "Alkaline Phosphatase_min": -0.0006336342244596738, "Urea Nitrogen_max": -0.0006701653720440152, "Tidal Volume_min": -0.0008083971972135414, "Tidal Volume_max": -0.0010111676938760418, "pO2_max": -0.001117992157586663, "Monocytes_max": -0.001238302073277828, "PEEP_max": -0.001326632118791333, "Potassium, Urine_min": -0.001491138733597832, "Sodium, Urine_min": -0.0017290655293139884, "Epithelial Cells_max": -0.001795719177347346, "Platelet Count_max": -0.0024221537025895393, "Creatinine_max": -0.0024762630205980734, "Neutrophils_max": -0.0026801112726313773, "PT_max": -0.0031555852130386716, "Transferrin_max": -0.004732185734306851, "Ketone_max": -0.004823948749305927, "Base Excess_min": -0.0066501907685672405, "Chloride_max": -0.0067346346767556626, "MCV_max": -0.008506159992849996, "Bicarbonate_min": -0.009233114334748044, "Chloride_min": -0.014386577705806031, "pCO2_min": -0.014841899824978362, "Phenytoin_max": -0.015701353859313164, "Potassium_min": -0.01695802970757237, "Monocytes_min": -0.018404659578818712, "Red Blood Cells_min": -0.019773233838313194, "Troponin T_max": -0.01979395376265829, "Sodium, Whole Blood_max": -0.02147709204964563, "Potassium_max": -0.021494873139330684, "Sodium_min": -0.021499512162176965, "Basophils_min": -0.0221764141099683, "RDW_min": -0.0230011480374452, "Eosinophils_max": -0.024779593443810914, "Troponin T_min": -0.025119332862479672, "Protein, Total_min": -0.026777550504403717, "Calculated Total CO2_min": -0.02904531742290087, "Lymphocytes_min": -0.04583097866441468, "pH_min": -0.04701219970487222, "Bilirubin, Total_min": -0.048094549239772015, "Bilirubin, Indirect_max": -0.04863912386999529, "Phosphate_min": -0.051008621398563964, "Hemoglobin_max": -0.059930916804285875, "Potassium, Whole Blood_min": -0.0691082990211876, "Eosinophils_min": -0.07466864274873937, "Bicarbonate_max": -0.0846113751931176, "Hemoglobin_min": -0.09249285795366637, "MCHC_max": -0.11203580932601949, "Albumin_max": -0.14108919698447725, "Calcium, Total_min": -0.14999474440248617, "Temperature_min": -0.15091087599765501, "Creatinine_min": -0.21071148385042782, "Albumin_min": -0.2384597111308228}