{"pH_max": 0.35610370718019746, "Lactate_min": 0.1960740617913656, "Phenytoin_min": 0.13139863436006868, "Lactate_max": 0.12645388287001097, "Anion Gap_min": 0.09918670105149503, "Sodium_max": 0.07536213512903796, "Phosphate_max": 0.07269011055703693, "Bilirubin, Direct_max": 0.06377964848697935, "Temperature_max": 0.05728642381979438, "PT_min": 0.050784527299157306, "Required O2_min": 0.049924757145532996, "White Blood Cells_min": 0.04964266336058551, "Atypical Lymphocytes_min": 0.04653138246367201, "CK-MB Index_min": 0.04583600519282453, "Basophils_max": 0.04324319241061325, "Red Blood Cells_max": 0.040627311476164066, "pCO2_max": 0.03466920312395947, "Urea Nitrogen_min": 0.03147978426999369, "MCV_min": 0.023874185424076964, "MCV_max": 0.023796319514937686, "Magnesium_max": 0.022096538907221713, "Base Excess_max": 0.020966347035265266, "RDW_max": 0.02001611093605061, "PTT_min": 0.017400104880302674, "Magnesium_min": 0.015286637125734324, "INR(PT)_min": 0.014987621446167785, "Hematocrit_min": 0.014595408169665633, "Osmolality, Measured_max": 0.013777236783768717, "Bands_min": 0.013704264268788745, "Glucose_min": 0.013333239010495788, "Myelocytes_max": 0.013084224124230907, "Neutrophils_min": 0.011680669123216055, "Metamyelocytes_max": 0.011507894810350321, "Creatinine_max": 0.01127599636640183, "Bands_max": 0.009789327179148275, "Oxygen_min": 0.0087832154148295, "Potassium, Urine_max": 0.00843767127985857, "Oxygen_max": 0.0074723405347203, "Free Calcium_min": 0.006793363500285595, "Lymphocytes_max": 0.005915166605271026, "White Blood Cells_max": 0.003765321254889611, "O2 Flow_min": 0.0034280481275513427, "INR(PT)_max": 0.00329735255253061, "Vancomycin_max": 0.002959434404780309, "pO2_min": 0.002785714752114744, "Asparate Aminotransferase (AST)_min": 0.002348553837529549, "Cortisol_min": 0.0022062414589584392, "PT_max": 0.0017316118983206068, "Specific Gravity_max": 0.0015573066026924928, "PTT_max": 0.0014251693613687054, "Alveolar-arterial Gradient_max": 0.0012353904454282753, "Cholesterol, Total_max": 0.0011499950349274954, "Amylase_min": 0.0009710465311012918, "WBC_max": 0.0007781870088778201, "Lactate Dehydrogenase (LD)_min": 0.0006599485822101933, "Specific Gravity_min": 0.0005766822499507808, "RBC_min": 0.00047131082929395936, "Required O2_max": 0.00027744356174894217, "Sodium, Urine_max": 0.0002351670059829319, "Fibrinogen, Functional_min": 0.00023147729055750856, "Creatinine, Urine_max": 0.00016781956501482056, "Lactate Dehydrogenase (LD)_max": 0.00010945071650313711, "Asparate Aminotransferase (AST)_max": 5.5636613172520714e-05, "Creatine Kinase (CK)_min": 3.5873504659633005e-05, "Oxygen Saturation_max": 3.3863231924088743e-05, "Ferritin_max": -3.239488291420838e-06, "RBC_max": -2.0023612034510255e-05, "Granulocyte Count_max": -2.935957804506404e-05, "Alkaline Phosphatase_max": -3.4318289597875105e-05, "Urea Nitrogen_max": -0.00016577673684763935, "Alkaline Phosphatase_min": -0.00020241798131813402, "Glucose_max": -0.0002309555545372214, "Platelet Count_min": -0.00025092120191761043, "Amylase_max": -0.0002645737146697615, "Alanine Aminotransferase (ALT)_max": -0.0002708136540443101, "Oxygen Saturation_min": -0.00032254248550918964, "Tidal Volume_min": -0.0003983288661416855, "PEEP_max": -0.00042278729382238823, "pO2_max": -0.0005786923497814694, "Lipase_min": -0.0007915473891220407, "WBC_min": -0.0008605265668554255, "Tidal Volume_max": -0.0010768907296576228, "Creatine Kinase, MB Isoenzyme_max": -0.0013778296980121805, "Alanine Aminotransferase (ALT)_min": -0.0014798122287880534, "Hematocrit, Calculated_max": -0.0017178513959180443, "Sodium, Urine_min": -0.002333114274154358, "Platelet Count_max": -0.0023710445899311765, "Iron Binding Capacity, Total_min": -0.0025842105810716734, "O2 Flow_max": -0.003123120131615685, "Cholesterol, LDL, Calculated_min": -0.004207953124064423, "Neutrophils_max": -0.004242211100141227, "Anion Gap_max": -0.005447685708925195, "Chloride_max": -0.006491922775281897, "Alveolar-arterial Gradient_min": -0.0068994351019702116, "Eosinophils_max": -0.011783939917318305, "Thyroid Stimulating Hormone_max": -0.012081238551252168, "pCO2_min": -0.013519612247864847, "Sodium_min": -0.015537454954847716, "Osmolality, Measured_min": -0.0164843296938801, "Phenytoin_max": -0.01889454950213776, "Chloride_min": -0.018947261554473602, "Base Excess_min": -0.02006927339661298, "Potassium_max": -0.020128213391049966, "Chloride, Whole Blood_max": -0.020570587985161114, "Monocytes_min": -0.02060928088248717, "Hematocrit_max": -0.02085729576221562, "Red Blood Cells_min": -0.022883617751761513, "RDW_min": -0.025737999243345834, "Potassium_min": -0.02643563209338709, "Calculated Total CO2_min": -0.026996376384924654, "Troponin T_max": -0.029818319902112797, "Free Calcium_max": -0.031936265479485644, "Bilirubin, Total_min": -0.03901361119503866, "Lymphocytes_min": -0.03989624792360866, "Bilirubin, Indirect_min": -0.043631084941972265, "Calcium, Total_max": -0.058677315370269226, "Potassium, Whole Blood_min": -0.06842962061863672, "pH_min": -0.07590829702288288, "Bicarbonate_max": -0.08498657201290485, "MCHC_max": -0.08508416669039452, "Phosphate_min": -0.08512036603142781, "Hemoglobin_min": -0.10069838356547403, "Eosinophils_min": -0.10903812422628063, "MCH_max": -0.11336615656498053, "Uric Acid_min": -0.12844505088940428, "Temperature_min": -0.193549289450615, "Albumin_max": -0.2059804766852105, "Potassium, Whole Blood_max": -0.24386371408905663, "Creatinine_min": -0.2723839941744382, "Albumin_min": -0.31033854810785905}