{"pH_max": 0.6241235884724493, "Lactate_min": 0.1951847346522813, "Lactate_max": 0.1478952007716977, "Anion Gap_min": 0.07851398385736293, "PT_min": 0.06835423743078492, "RDW_max": 0.06375173862372506, "Sodium_max": 0.059399834514259606, "White Blood Cells_min": 0.03924051526041023, "pCO2_max": 0.0342608425327596, "Urea Nitrogen_min": 0.028695745510498284, "Glucose_min": 0.014319991283232886, "Oxygen_max": 0.009917133941543999, "PTT_min": 0.009835764255535194, "Bands_max": 0.009478856819523191, "Oxygen_min": 0.009033127941341722, "Asparate Aminotransferase (AST)_min": 0.001483302498752346, "pO2_min": 0.0011170489048700767, "Lymphocytes_max": 0.0009956360917533246, "Urea Nitrogen_max": 0.00024223982131360377, "Creatine Kinase (CK)_min": 5.625513117256949e-05, "Lactate Dehydrogenase (LD)_max": 4.230147468458514e-05, "Platelet Count_min": -3.725088637011821e-06, "pO2_max": -0.0006152148955683077, "Tidal Volume_min": -0.0007924361086283515, "Osmolality, Measured_max": -0.0008730251881805912, "Tidal Volume_max": -0.0012631843092743005, "Platelet Count_max": -0.0021487453393364987, "Base Excess_min": -0.005611373018586505, "Bilirubin, Total_max": -0.016078346882894945, "Calcium, Total_max": -0.019685492695381102, "RDW_min": -0.019779841097805922, "Potassium_max": -0.027452709203000195, "Chloride_min": -0.0328903546579417, "Lymphocytes_min": -0.059043114892639637, "Albumin_max": -0.07032683819667249, "Phosphate_min": -0.09981967725953697, "Bicarbonate_max": -0.11860152890583582, "Potassium_min": -0.16255062874207976, "Temperature_min": -0.3006814836478222, "Albumin_min": -0.8644033827427926}