{"pH_max": 0.4321866744537203, "Lactate_min": 0.24050294433093788, "Phenytoin_min": 0.15104500451632752, "Lactate_max": 0.13674467829180886, "Anion Gap_min": 0.1353602434048302, "MCH_min": 0.09700238546128119, "Phosphate_max": 0.09105271649282916, "Temperature_max": 0.08614435981630528, "PT_min": 0.06193046175663883, "RDW_max": 0.06044176532521139, "Sodium_max": 0.059869775958191374, "Basophils_max": 0.055820018253752254, "Red Blood Cells_max": 0.05506427879398366, "Magnesium_max": 0.03923340156025463, "White Blood Cells_min": 0.03419822509694057, "Urea Nitrogen_min": 0.03239309581893884, "pCO2_max": 0.03181741146618726, "Atypical Lymphocytes_max": 0.030125466983301027, "CK-MB Index_max": 0.02661726830094295, "Calculated Total CO2_max": 0.02220225984275205, "INR(PT)_min": 0.01845148588694045, "Bilirubin, Total_max": 0.016662156978723735, "Bands_max": 0.01652547295994963, "Atypical Lymphocytes_min": 0.015756595331263192, "Glucose_min": 0.013672055566901502, "Oxygen_min": 0.011696470186744927, "PTT_min": 0.011026609685061138, "PEEP_min": 0.010560471072301457, "Neutrophils_min": 0.010000042701683776, "Hematocrit_min": 0.009893995461077693, "Osmolality, Measured_max": 0.009849538459578349, "Magnesium_min": 0.008888819775237833, "MCV_min": 0.00785246235760113, "Oxygen_max": 0.006758058385912929, "White Blood Cells_max": 0.005164542179585183, "Base Excess_max": 0.005140210055413821, "Free Calcium_min": 0.005001678106073444, "Alveolar-arterial Gradient_max": 0.003856636248595771, "Vancomycin_max": 0.002797331556852518, "Lymphocytes_max": 0.002513610817382057, "Iron Binding Capacity, Total_max": 0.002456435048385256, "Creatinine, Urine_max": 0.00192441116112327, "Iron_min": 0.0017352108211522953, "pO2_min": 0.0015847874955445874, "PTT_max": 0.0015580490536386475, "Specific Gravity_max": 0.0014311380028736369, "PT_max": 0.0014165093236569852, "Osmolality, Urine_max": 0.0013490444623546999, "Asparate Aminotransferase (AST)_min": 0.0010235064305521042, "Amylase_min": 0.0008878707784931709, "Lactate Dehydrogenase (LD)_min": 0.0007271392113109596, "Oxygen Saturation_min": 0.0007262880430952136, "Specific Gravity_min": 0.0006241625922718785, "Fibrinogen, Functional_min": 0.0005427825781409238, "Platelet Count_min": 0.0005392385095354006, "Urea Nitrogen_max": 0.0004644265189779977, "Alkaline Phosphatase_max": 0.00018357523143028098, "RBC_min": 0.00013567288153464214, "Urea Nitrogen, Urine_max": 0.00010674854321235134, "Creatine Kinase (CK)_min": 9.630077457735055e-05, "Nucleated Red Cells_max": 7.922647348701703e-05, "Lactate Dehydrogenase (LD)_max": 6.981917484268699e-05, "Amylase_max": 4.4366534191198114e-05, "Granulocyte Count_max": -6.925099753105859e-06, "Creatine Kinase (CK)_max": -1.1194279152997159e-05, "Asparate Aminotransferase (AST)_max": -4.8582839065984746e-05, "Fibrinogen, Functional_max": -0.00013804014025647473, "Glucose_max": -0.0001492124768003104, "Lipase_max": -0.00018140340040685894, "pO2_max": -0.0004881421541006948, "Lipase_min": -0.0005671919596684858, "Protein_min": -0.0005755189504827183, "Alkaline Phosphatase_min": -0.0006510961857430318, "Tidal Volume_min": -0.0007649696566925419, "Tidal Volume_max": -0.0007742381148603636, "Urea Nitrogen, Urine_min": -0.000785558286437347, "Triglycerides_min": -0.0009096227058090892, "Creatine Kinase, MB Isoenzyme_max": -0.0010665126225190926, "Cholesterol, Total_min": -0.0011914675317976665, "Chloride_max": -0.0013767492787733371, "MCV_max": -0.002143508750396379, "Creatinine, Urine_min": -0.002208868741482953, "Creatinine_max": -0.0024494079906676055, "Platelet Count_max": -0.002647979407147917, "Neutrophils_max": -0.0031342940861030953, "Sodium, Urine_max": -0.004125537983804143, "PEEP_max": -0.004606485206144246, "Transferrin_max": -0.0055619730252297606, "Osmolality, Measured_min": -0.006687415999073371, "Anion Gap_max": -0.006974852825671396, "pCO2_min": -0.0070004713758004215, "Base Excess_min": -0.012366241897062908, "Sodium, Whole Blood_min": -0.013166580211170988, "Hematocrit_max": -0.014552202050043787, "Potassium_max": -0.015234257405412207, "Thyroid Stimulating Hormone_min": -0.01689139920403461, "Required O2_max": -0.019124994804630778, "Basophils_min": -0.020507075504899944, "Cholesterol Ratio (Total/HDL)_max": -0.022220491340129968, "Eosinophils_max": -0.022496547899849617, "Red Blood Cells_min": -0.024495961158840802, "Troponin T_max": -0.024696295962709055, "Sodium_min": -0.024886413992814972, "Monocytes_min": -0.03159957277268658, "Bicarbonate_min": -0.032490216857425314, "Protein, Total_min": -0.03732292228569176, "Lymphocytes_min": -0.03769512286599307, "RDW_min": -0.03846045251153011, "Hemoglobin_max": -0.04009045595015626, "Potassium_min": -0.04286654420666069, "Troponin T_min": -0.045591051070128674, "Calcium, Total_max": -0.04885477968989773, "Bilirubin, Total_min": -0.05800118595889039, "Free Calcium_max": -0.05989187584481714, "MCHC_min": -0.06176024262109386, "Potassium, Whole Blood_min": -0.06432974779112781, "MCH_max": -0.07648322237695267, "Bicarbonate_max": -0.07997139229946447, "MCHC_max": -0.08074596160470056, "pH_min": -0.08119210865315976, "Eosinophils_min": -0.08441729612980178, "Uric Acid_max": -0.08567969297151382, "Phosphate_min": -0.08992599723865356, "Epithelial Cells_min": -0.09523708154438645, "Hemoglobin_min": -0.10211689141279916, "Temperature_min": -0.2256841421335764, "Albumin_max": -0.23993507593262847, "Potassium, Whole Blood_max": -0.2957006622226904, "Creatinine_min": -0.3110492099123587, "Albumin_min": -0.3680815281660727}