{"pH_max": 0.5864313384096845, "Lactate_min": 0.25599519334966614, "Lactate_max": 0.13189364913362617, "Temperature_max": 0.12647760179523845, "MCH_min": 0.12561805548152552, "Phenytoin_min": 0.10567572584921271, "Anion Gap_min": 0.08704335155189526, "Calcium, Total_max": 0.07471815925294252, "Sodium_max": 0.07230408109569453, "Magnesium_min": 0.0653170016073866, "Bilirubin, Direct_min": 0.0627603334345791, "PT_min": 0.06049674793398763, "Hematocrit_min": 0.05526789858145668, "White Blood Cells_min": 0.04554409116411192, "Hematocrit, Calculated_min": 0.04259505604045988, "RDW_max": 0.039933119594830424, "pCO2_max": 0.037066234222067236, "Base Excess_max": 0.029413416948258317, "Bilirubin, Indirect_min": 0.02704084372577325, "Vancomycin_min": 0.026490197091492137, "Basophils_max": 0.02507675988008438, "Urea Nitrogen_min": 0.025024119044602514, "Myelocytes_max": 0.02400426543743994, "INR(PT)_min": 0.02269394161983387, "CK-MB Index_max": 0.02202738226593581, "Oxygen_min": 0.01576806801125954, "Glucose_min": 0.015554949828283232, "Phosphate_max": 0.014953287323386013, "Bilirubin, Total_max": 0.013575807759539706, "Potassium_max": 0.01192439254835729, "MCV_max": 0.011235325709357938, "PTT_min": 0.00795358301515922, "PEEP_min": 0.005973594402821746, "Bands_max": 0.004755060431831393, "Neutrophils_max": 0.002805134420744185, "O2 Flow_min": 0.002799782879515162, "pO2_min": 0.0018013040196268543, "PTT_max": 0.001688514621332205, "Alveolar-arterial Gradient_max": 0.0011413463048061, "Osmolality, Urine_max": 0.001019709117958069, "Asparate Aminotransferase (AST)_min": 0.0008627147768816684, "Specific Gravity_max": 0.0008385372222861729, "Vancomycin_max": 0.0006894599191981655, "Lactate Dehydrogenase (LD)_min": 0.000682694486381429, "Lymphocytes_max": 0.0006795224603007393, "Platelet Count_min": 0.0006486385535899663, "PT_max": 0.0006046452964383139, "Urea Nitrogen, Urine_max": 0.0004552781354868993, "Fibrinogen, Functional_min": 0.0002913229612600723, "Osmolality, Measured_max": 0.00019636815884644472, "Creatinine, Urine_max": 8.80921832254028e-05, "Alkaline Phosphatase_max": 2.8730947906868027e-05, "Lactate Dehydrogenase (LD)_max": 1.6077610658303463e-05, "Creatine Kinase (CK)_max": -8.299877200319296e-06, "WBC_max": -1.0282255138469982e-05, "Ferritin_min": -6.779844407545084e-05, "Osmolality, Urine_min": -0.00011204918496200689, "Amylase_max": -0.0002538018894416458, "Glucose_max": -0.00026087054808884424, "pO2_max": -0.0003480313742275236, "Alkaline Phosphatase_min": -0.0004322210308739772, "Required O2_min": -0.0009806041916262523, "Creatine Kinase, MB Isoenzyme_max": -0.0010507757440995787, "Urea Nitrogen, Urine_min": -0.0010986906827679657, "Tidal Volume_min": -0.0011434202231978387, "Triglycerides_min": -0.0012255771771155022, "Sodium, Urine_max": -0.0020265445459338657, "Platelet Count_max": -0.00271350046987245, "Sodium, Urine_min": -0.0028063804659073433, "Neutrophils_min": -0.0030819094287973096, "Transferrin_min": -0.0031120494512331003, "Potassium_min": -0.0038164270340121874, "Chloride_max": -0.00609113607657149, "MCV_min": -0.007755991555710573, "Free Calcium_max": -0.009054941598353997, "pCO2_min": -0.009093983675392594, "Sodium_min": -0.01870373425078059, "Chloride_min": -0.01962912110059744, "Hematocrit, Calculated_max": -0.021548522868049244, "Sodium, Whole Blood_max": -0.023948712367155837, "Base Excess_min": -0.03294448094418815, "RDW_min": -0.036601448683906496, "Lymphocytes_min": -0.03844425127664061, "Red Blood Cells_min": -0.03887805713470955, "Phenytoin_max": -0.0438878124682916, "Bilirubin, Total_min": -0.05134635329259646, "Hemoglobin_max": -0.057375586939689055, "Bilirubin, Indirect_max": -0.0582765841686441, "MCHC_min": -0.06315316072262693, "Eosinophils_max": -0.068438797032199, "Troponin T_min": -0.09678168290609723, "Phosphate_min": -0.10861705077341363, "Bicarbonate_max": -0.1109691332846983, "MCH_max": -0.1218352777981725, "Calcium, Total_min": -0.2057227359093041, "Hemoglobin_min": -0.23369653765550213, "Temperature_min": -0.2578947087529377, "Albumin_max": -0.2635949254651611, "Potassium, Whole Blood_max": -0.3074924660691236, "Albumin_min": -0.46521482054446367}