{"INR(PT)_min": 0.21629025430219567, "Lactate_min": 0.19728614782117762, "Lactate_max": 0.13727901371640494, "Anion Gap_min": 0.11875155044079261, "Phosphate_max": 0.06928075531505132, "Sodium_max": 0.06120569244065927, "RDW_max": 0.046555457740826284, "White Blood Cells_min": 0.03845620118871139, "PT_min": 0.0381737826801383, "pCO2_max": 0.033803589606932596, "Urea Nitrogen_min": 0.032194632143788836, "Vancomycin_min": 0.02896704987210239, "Glucose_min": 0.012769562789679294, "Oxygen_max": 0.012343617359788483, "PTT_min": 0.01214691175307697, "Chloride_max": 0.006879285191619406, "Bilirubin, Total_max": 0.006416735605457799, "Bands_max": 0.00566144289548399, "Phenytoin_max": 0.004653769102723892, "pO2_min": 0.0024240094014513812, "Osmolality, Measured_max": 0.0018027461251706434, "PT_max": 0.0018002091887121617, "PTT_max": 0.0016177804417173195, "Asparate Aminotransferase (AST)_min": 0.0008202818087663172, "Alveolar-arterial Gradient_max": 0.000668851737390827, "Lactate Dehydrogenase (LD)_min": 0.000611049853456414, "Platelet Count_min": 0.0001497644110476356, "Neutrophils_max": 7.755995471938145e-05, "Urea Nitrogen_max": 4.1423961199246505e-05, "Glucose_max": -0.0001368709607168336, "MCV_min": -0.0006111399574740026, "pO2_max": -0.0007547191838367933, "Tidal Volume_min": -0.0012055327520064008, "Oxygen Saturation_max": -0.001365445506451311, "Platelet Count_max": -0.002254460850298741, "Base Excess_min": -0.008422413365588336, "Chloride_min": -0.018159081448281933, "Creatinine_max": -0.02057947531178048, "Sodium_min": -0.02692488452732731, "Eosinophils_max": -0.043857038447546376, "Albumin_max": -0.04990200652868296, "Potassium_max": -0.05016260459417842, "Bilirubin, Total_min": -0.05454203872853258, "Lymphocytes_min": -0.05707203925977691, "Phosphate_min": -0.07920977587022744, "Bicarbonate_max": -0.08443591803878842, "Potassium_min": -0.0976369115979991, "Temperature_min": -0.23725255018563418, "Creatinine_min": -0.24026584595520248, "Albumin_min": -0.872607424529853}