{"pH_max": 0.4802628741273595, "Lactate_min": 0.22400522857682711, "Lactate_max": 0.12679224301234024, "Phenytoin_min": 0.11646389081430884, "Anion Gap_min": 0.08429713237428457, "Red Blood Cells_max": 0.08269589676389826, "MCH_min": 0.08054870910224783, "Temperature_max": 0.0670521614677575, "Sodium_max": 0.06458779945486476, "PT_min": 0.05536148121720433, "RDW_max": 0.04661726799586262, "White Blood Cells_min": 0.04427304524021164, "pCO2_max": 0.03144084239896946, "CK-MB Index_min": 0.03022580305737402, "Magnesium_min": 0.029115358153581086, "Base Excess_max": 0.028909651997732294, "Vancomycin_min": 0.024587246545875855, "Urea Nitrogen_min": 0.020037251144728534, "INR(PT)_min": 0.018863712368358942, "Bands_min": 0.015377095978703148, "Glucose_min": 0.01437573177774451, "Phosphate_max": 0.013642830605627371, "Oxygen_max": 0.012633475542138452, "Bands_max": 0.007864598949329782, "PTT_min": 0.007091916059653131, "Potassium, Urine_max": 0.006465802188326778, "PEEP_min": 0.005804809529100539, "Neutrophils_max": 0.004407223631796556, "Lymphocytes_max": 0.004046224881534914, "Osmolality, Measured_max": 0.003625766751277113, "Polys_min": 0.0030227201457986947, "pO2_min": 0.002526711064526498, "Creatinine, Urine_max": 0.0024731198821380646, "PTT_max": 0.002419209409578323, "Asparate Aminotransferase (AST)_min": 0.0010814224921304, "Lactate Dehydrogenase (LD)_min": 0.0006967178567542234, "Specific Gravity_max": 0.0006424382836829446, "Osmolality, Urine_max": 0.0006156503757718807, "Lactate Dehydrogenase (LD)_max": 0.00010043767750182234, "Creatine Kinase (CK)_min": 4.04558532954781e-05, "Amylase_min": 2.903897132025846e-06, "Creatine Kinase (CK)_max": -1.1641744846231035e-05, "Asparate Aminotransferase (AST)_max": -7.925136262276621e-05, "Glucose_max": -0.00014693794802701004, "Platelet Count_min": -0.00015223296844642917, "Alkaline Phosphatase_min": -0.00048162337693252304, "Tidal Volume_min": -0.0005097980592025888, "Bilirubin, Total_min": -0.0006442162816789178, "Specific Gravity_min": -0.0006660873466542865, "Urea Nitrogen_max": -0.0009010747589242862, "Calcium, Total_max": -0.0010496764316988106, "Tidal Volume_max": -0.00109390106540063, "pO2_max": -0.0012759353133423238, "Oxygen Saturation_min": -0.0014905517783483605, "Sodium, Urine_max": -0.0023119404784885046, "Platelet Count_max": -0.002352219845930175, "Hematocrit, Calculated_max": -0.002603377341929805, "Creatinine, Urine_min": -0.004012889069482408, "Ketone_max": -0.004878338339187338, "Chloride_max": -0.00652620772321503, "pCO2_min": -0.009430928247084944, "Troponin T_max": -0.013008547365053774, "MCV_min": -0.013500730773234068, "Hematocrit_min": -0.02100862346165779, "Base Excess_min": -0.03203971106272739, "Sodium_min": -0.03403315449026635, "Hematocrit_max": -0.03431136038531707, "Troponin T_min": -0.042486045190704515, "RDW_min": -0.04524164728483544, "Lymphocytes_min": -0.04598282448510707, "Eosinophils_max": -0.04759600539093079, "Basophils_min": -0.05777568768303017, "MCHC_min": -0.07600322479262814, "Bicarbonate_max": -0.0953142217871807, "Potassium_min": -0.10282040807446854, "MCHC_max": -0.13385023786726957, "pH_min": -0.15015080831549749, "Temperature_min": -0.19324722557538468, "Albumin_max": -0.2367152980481139, "Albumin_min": -0.44734497012111246}