{"pH_max": 0.6799186053108881, "MCH_min": 0.1883449513630426, "Lactate_min": 0.18750351199923126, "Red Blood Cells_max": 0.13416850139830244, "Lactate_max": 0.12228190550339822, "Anion Gap_min": 0.11065370983743067, "Phenytoin_min": 0.10476924601546894, "Magnesium_min": 0.08951886172978346, "Sodium_max": 0.07551481825790944, "PT_min": 0.06047310627931772, "Free Calcium_min": 0.06031743565657091, "RDW_max": 0.04886823685690697, "White Blood Cells_min": 0.04245197681750504, "Phosphate_max": 0.04232683076349515, "CK-MB Index_min": 0.03840154030802496, "INR(PT)_min": 0.03534973155766589, "Calculated Total CO2_max": 0.034014737320360526, "pCO2_max": 0.031880955936211514, "Urea Nitrogen_min": 0.031062137997398705, "Vancomycin_min": 0.02435537882018812, "Calcium, Total_max": 0.023607201238136966, "Magnesium_max": 0.017589246109375636, "Bilirubin, Total_max": 0.0169988922248163, "Bands_min": 0.014684059352957943, "PTT_min": 0.013517798005271055, "Glucose_min": 0.013409651313094446, "Oxygen_min": 0.009368942599046618, "Hematocrit_min": 0.00905742617929, "Cholesterol, HDL_min": 0.008965446500676811, "Oxygen_max": 0.007543045089886937, "INR(PT)_max": 0.0067484124839061336, "Hematocrit, Calculated_max": 0.004230915162021869, "Bands_max": 0.0036614442664020777, "Specific Gravity_max": 0.003492842382249211, "Osmolality, Measured_max": 0.003278591631706415, "pO2_min": 0.0026519619316600876, "Neutrophils_min": 0.0026285722698661707, "Creatinine, Urine_max": 0.002553647624431347, "O2 Flow_min": 0.002173701785940915, "Lymphocytes_max": 0.001933839402488137, "Alveolar-arterial Gradient_max": 0.001437237771042569, "PTT_max": 0.001136677173019824, "Anion Gap_max": 0.0009982988266780232, "Osmolality, Urine_max": 0.000992430325810945, "Nucleated Red Cells_min": 0.000904581445731808, "PT_max": 0.000887019510632928, "Monocytes_max": 0.0008813343496337593, "Oxygen Saturation_min": 0.000814345211892013, "Amylase_min": 0.0007784506399646348, "Lactate Dehydrogenase (LD)_min": 0.0006512603352475385, "Oxygen Saturation_max": 0.00046656402374086506, "RBC_min": 0.0004402745036553934, "Platelet Count_min": 0.00028267086979417516, "Required O2_max": 0.00027824536051351123, "Alkaline Phosphatase_max": 0.00021850485342774328, "Creatine Kinase (CK)_min": 6.777321695094038e-05, "Asparate Aminotransferase (AST)_max": 6.776305889395899e-05, "Lactate Dehydrogenase (LD)_max": 6.526377322241215e-05, "WBC_min": 3.8365496673593905e-06, "Cortisol_min": -2.7372084092772257e-05, "Glucose_max": -0.0001035734989648996, "Lipase_max": -0.0001574464168960957, "Alanine Aminotransferase (ALT)_max": -0.00024722920454815176, "Amylase_max": -0.00035247853872679287, "Protein_min": -0.0005420011313628615, "Tidal Volume_min": -0.0005618882074589068, "Urea Nitrogen_max": -0.0005927783643725631, "pO2_max": -0.0007035638116434692, "Alkaline Phosphatase_min": -0.0009110544244042404, "Base Excess_max": -0.001021114363327954, "Tidal Volume_max": -0.0010425259414903636, "Required O2_min": -0.0013091658147770747, "Platelet Count_max": -0.0025919507175369036, "pCO2_min": -0.002879178694727711, "Creatinine, Urine_min": -0.0030328662685214867, "Base Excess_min": -0.003154746337820445, "Sodium, Urine_max": -0.003437238644558194, "Creatinine_max": -0.0037965617556575586, "Neutrophils_max": -0.0038575144129349113, "Sodium_min": -0.010062665381267308, "MCV_max": -0.013048983918041029, "MCV_min": -0.01814629941714536, "Chloride_max": -0.018161024025910653, "Free Calcium_max": -0.018531535315325264, "Thyroid Stimulating Hormone_max": -0.020094844990692626, "Monocytes_min": -0.022921314281966747, "Bicarbonate_min": -0.02399882685301891, "Chloride_min": -0.02446087616777223, "Eosinophils_max": -0.031360343312987475, "Calculated Total CO2_min": -0.03710005126568789, "Bilirubin, Total_min": -0.0433725102657231, "Phosphate_min": -0.04549407420736444, "RDW_min": -0.046046722304435274, "Lymphocytes_min": -0.04809105020413046, "Potassium_max": -0.04934935706104826, "MCH_max": -0.05540770841870751, "Eosinophils_min": -0.07356731409772106, "Hemoglobin_min": -0.08023903806340726, "MCHC_min": -0.09769985655877271, "Protein, Total_min": -0.10270213935261756, "Potassium_min": -0.1045537008891051, "Bicarbonate_max": -0.10872526106888218, "Troponin T_min": -0.11531640882092838, "Red Blood Cells_min": -0.11567751988605104, "Hemoglobin_max": -0.11587326671969764, "MCHC_max": -0.14249955690024332, "Temperature_min": -0.16449801215208415, "Albumin_max": -0.20702280147689886, "Creatinine_min": -0.34131379825777214, "Albumin_min": -0.6426615295480449}