{"Lactate_min": 0.16426716929629237, "Lactate_max": 0.13058825336465923, "Anion Gap_min": 0.10146597127849973, "Phenytoin_min": 0.09177227035982344, "Sodium_max": 0.06458417136056459, "Phosphate_max": 0.060572911449967744, "PT_min": 0.056674670719950665, "Red Blood Cells_max": 0.04357562218075028, "White Blood Cells_min": 0.04311502286854223, "Magnesium_max": 0.03400648553173953, "pCO2_max": 0.032340990499738376, "Urea Nitrogen_min": 0.029948154004678547, "CK-MB Index_min": 0.02698278350374829, "RDW_max": 0.020705542390745433, "Base Excess_max": 0.020294944463890623, "INR(PT)_min": 0.016073859365481905, "MCV_min": 0.01569020076092316, "Bilirubin, Total_max": 0.015422887621199664, "Magnesium_min": 0.013358698869892745, "Calculated Total CO2_max": 0.013345926312885927, "Glucose_min": 0.012819387737107241, "PTT_min": 0.011871189044378738, "Hematocrit_min": 0.010475017960294713, "Oxygen_min": 0.010418000457379388, "Oxygen_max": 0.00975962190252031, "RDW_min": 0.00897063920651251, "Bands_max": 0.005693346587929855, "Potassium, Urine_min": 0.005688267203594298, "Osmolality, Measured_max": 0.005487832486939819, "Vancomycin_max": 0.004709762394393858, "Neutrophils_min": 0.0045151982541929096, "Lymphocytes_max": 0.003922706186277256, "Alveolar-arterial Gradient_max": 0.003903391160367018, "MCH_min": 0.003604861221236448, "White Blood Cells_max": 0.0024945245451348064, "pO2_min": 0.00239719024181225, "PTT_max": 0.0020438118529964807, "Asparate Aminotransferase (AST)_min": 0.001999306442438854, "Potassium_max": 0.0018468413875590897, "PT_max": 0.001161035126365451, "Fibrinogen, Functional_min": 0.0006610080095625629, "Lactate Dehydrogenase (LD)_min": 0.0005570067257155599, "RBC_max": 0.00039868189481802525, "WBC_max": 0.00039277323299407094, "Alkaline Phosphatase_max": 0.00021016471047182405, "Platelet Count_min": 0.000178608550076916, "Lactate Dehydrogenase (LD)_max": 0.00010675116134703398, "Specific Gravity_max": 6.999194308882101e-05, "Creatine Kinase (CK)_min": 5.8985509469824806e-05, "Lipase_max": 2.1865181937553763e-06, "Vitamin B12_min": -0.00010325036216649263, "Glucose_max": -0.00013863653740634122, "Alanine Aminotransferase (ALT)_max": -0.00018949434992101232, "Fibrinogen, Functional_max": -0.000278775024243505, "Urea Nitrogen, Urine_min": -0.00036577239508842757, "Alkaline Phosphatase_min": -0.0006120888703660548, "pO2_max": -0.0007884688401593302, "Tidal Volume_max": -0.0008202157561419163, "Tidal Volume_min": -0.0008974604344470893, "Triglycerides_min": -0.000984275242202392, "Alanine Aminotransferase (ALT)_min": -0.0010530418733983768, "Creatine Kinase, MB Isoenzyme_max": -0.0012963882551592085, "Oxygen Saturation_min": -0.0013752935955410855, "PEEP_max": -0.00202991586596186, "Creatinine_max": -0.0021049433445481454, "Platelet Count_max": -0.002205009904441194, "Urea Nitrogen_max": -0.0023720257943270003, "Sodium, Urine_min": -0.0034271766804022646, "Ketone_max": -0.004197153826970417, "Anion Gap_max": -0.006259057058526695, "Neutrophils_max": -0.008750842186348869, "Hematocrit_max": -0.010794662521294745, "pCO2_min": -0.011942988176477633, "Calcium, Total_max": -0.01871260540889073, "Thyroid Stimulating Hormone_max": -0.01974112423354137, "Base Excess_min": -0.021167722275934442, "Required O2_max": -0.02118915032125642, "Free Calcium_max": -0.021496051459762393, "Calculated Total CO2_min": -0.022029514234788425, "Potassium_min": -0.02262877347682733, "Basophils_min": -0.023151877168280176, "Chloride_min": -0.031199490736653197, "Monocytes_min": -0.03310479870266451, "Bilirubin, Total_min": -0.038647810165595146, "Eosinophils_max": -0.04268203437492158, "Troponin T_min": -0.04568586303269805, "Eosinophils_min": -0.055324655113385905, "Uric Acid_max": -0.057165987203048024, "Lymphocytes_min": -0.05716825664760332, "Phosphate_min": -0.06093362732586696, "Hemoglobin_max": -0.06382839613380778, "Hemoglobin_min": -0.08675563768201157, "MCHC_min": -0.08945230587896205, "Bicarbonate_max": -0.09950712507081702, "Calcium, Total_min": -0.1577718160176321, "Temperature_min": -0.1644820081772623, "Albumin_max": -0.1719267429220594, "Creatinine_min": -0.21175913350847145, "Potassium, Whole Blood_max": -0.2158961036264299, "Albumin_min": -0.27346084652951785}