{"Lactate_min": 0.20980519894696928, "Lactate_max": 0.15557605210288014, "Anion Gap_min": 0.09477736917171427, "PT_min": 0.07064273168900302, "RDW_max": 0.05368020694405101, "Sodium_max": 0.049752452810567324, "pCO2_max": 0.03604738949279104, "White Blood Cells_min": 0.03371848905310833, "Urea Nitrogen_min": 0.02623588253610683, "PTT_min": 0.016476178094409752, "Oxygen_max": 0.014357461112713013, "Glucose_min": 0.012581169038313854, "Bilirubin, Total_max": 0.00503787852167594, "White Blood Cells_max": 0.004861130380317432, "Lymphocytes_max": 0.002648097814184914, "pO2_min": 0.00226075477390569, "Glucose_max": 6.281756987975945e-05, "pO2_max": -0.0012941660017607368, "Tidal Volume_min": -0.0015303310204152457, "Osmolality, Measured_max": -0.001901538048976977, "Platelet Count_max": -0.0020821110342164684, "Base Excess_min": -0.00480327950033904, "pCO2_min": -0.017099007719602648, "Bilirubin, Total_min": -0.05188925602166026, "Eosinophils_max": -0.056397824921826885, "Lymphocytes_min": -0.059820808493957274, "Bicarbonate_max": -0.07838829470486285, "Phosphate_min": -0.0872750805779739, "Temperature_min": -0.27277621297176896, "Albumin_min": -0.9374639068130071}