{"pH_max": 0.7129919719713511, "Lactate_min": 0.21709727433878673, "Red Blood Cells_max": 0.21269874318240733, "Magnesium_min": 0.1565668342327209, "Temperature_max": 0.11527427952202815, "Lactate_max": 0.11521285474605879, "Phenytoin_min": 0.10715801445577658, "MCH_min": 0.10436513276177192, "Bilirubin, Direct_min": 0.09251644970985108, "Anion Gap_min": 0.08028322534212218, "Sodium_max": 0.06490241487124086, "PT_min": 0.04929195972508517, "White Blood Cells_min": 0.04756523670781525, "Basophils_max": 0.03562140424926744, "pCO2_max": 0.035339563913697046, "Base Excess_max": 0.028917253227228275, "INR(PT)_min": 0.027935872852973633, "Hematocrit, Calculated_min": 0.02685314676723684, "Urea Nitrogen_min": 0.023503584143348702, "RDW_max": 0.016239839263936687, "Glucose_min": 0.013994987976664985, "Osmolality, Measured_max": 0.01397972056326817, "Myelocytes_min": 0.012376692172692726, "Required O2_max": 0.010470990794604867, "PTT_min": 0.01028546196749155, "Oxygen_min": 0.010169150818917588, "Oxygen_max": 0.008818227019742974, "Hematocrit_max": 0.00801449970854776, "Bands_max": 0.00741168243329921, "INR(PT)_max": 0.006878572720990876, "Neutrophils_min": 0.004068565082006413, "Vancomycin_max": 0.003766451964099084, "pO2_min": 0.0021308753690901555, "Asparate Aminotransferase (AST)_min": 0.0019841231913736196, "Lymphocytes_max": 0.0016193585910705653, "PTT_max": 0.0015355430561148462, "PT_max": 0.0014714245926812526, "Osmolality, Urine_max": 0.0013556672281674436, "White Blood Cells_max": 0.0009633988413256481, "Lactate Dehydrogenase (LD)_min": 0.0006246055944817708, "Amylase_min": 0.00036582591616941384, "Platelet Count_min": 0.00022780559360768268, "RBC_max": 0.00020939575450823936, "Fibrinogen, Functional_max": 0.00012515259377309112, "Creatine Kinase (CK)_min": 2.663945930523088e-05, "Bilirubin, Total_max": 2.2922960252283404e-05, "Lactate Dehydrogenase (LD)_max": 2.2487234021198257e-05, "Glucose_max": -0.00027735551868037395, "Anion Gap_max": -0.0003627160645442724, "Urea Nitrogen, Urine_max": -0.0003989839695668229, "Alveolar-arterial Gradient_min": -0.0004082918161629269, "Alkaline Phosphatase_min": -0.0005212429567537194, "pO2_max": -0.0006560348321549412, "Urea Nitrogen_max": -0.000831182805330419, "Sodium, Urine_max": -0.0009350614004949934, "Lipase_min": -0.0009513396804487693, "Oxygen Saturation_min": -0.0010419390762813558, "Creatinine, Urine_min": -0.0011477787512684482, "Triglycerides_min": -0.0012246268947312768, "Alanine Aminotransferase (ALT)_min": -0.0014130799619685229, "Tidal Volume_max": -0.0014653980685854938, "PEEP_max": -0.0017430872500896954, "Platelet Count_max": -0.0025580462133345744, "pCO2_min": -0.0037336221957993136, "Sodium, Urine_min": -0.004276289117655483, "Base Excess_min": -0.006803939168522606, "Sodium_min": -0.007229524666633123, "Creatinine_max": -0.009015424089516657, "Calcium, Total_max": -0.009569231504996218, "Neutrophils_max": -0.012436590234194888, "Thyroid Stimulating Hormone_min": -0.012815074391034128, "MCV_max": -0.016452743872093133, "Osmolality, Measured_min": -0.017228875319340305, "Chloride, Whole Blood_max": -0.020488789183284, "Chloride_min": -0.025921017382468842, "Monocytes_min": -0.029238511954808023, "Eosinophils_max": -0.03532026698104549, "Calculated Total CO2_min": -0.0402763037771905, "Lymphocytes_min": -0.05059605241303932, "Bilirubin, Total_min": -0.05491027970778462, "Troponin T_min": -0.07666856453741563, "Eosinophils_min": -0.08829671629288213, "Potassium_min": -0.10927471690504612, "Bicarbonate_max": -0.11309772638082433, "Albumin_max": -0.12510580484768943, "MCHC_min": -0.1416957747721884, "pH_min": -0.15221137856157055, "Hemoglobin_max": -0.23389931874426412, "Temperature_min": -0.2503023911491183, "Albumin_min": -0.7902196845140289}