{"pH_max": 0.5796909278623216, "Lactate_min": 0.1915689802623359, "Lactate_max": 0.1311376402520901, "Magnesium_min": 0.10851905871558679, "Anion Gap_min": 0.10613738849442045, "PT_min": 0.06490617024329408, "Phosphate_max": 0.04482367985114076, "White Blood Cells_min": 0.04288877946434712, "Sodium_max": 0.03924195491335411, "pCO2_max": 0.03582853758652834, "Anion Gap_max": 0.02902202522956962, "Urea Nitrogen_min": 0.024524449376765532, "Vancomycin_min": 0.023767284218178232, "Calcium, Total_max": 0.01672400893635349, "Glucose_min": 0.012683134936471772, "PTT_min": 0.01021792594158296, "Urea Nitrogen_max": 0.00503934882096122, "Bilirubin, Total_max": 0.004896164699851622, "White Blood Cells_max": 0.003849527098069612, "PTT_max": 0.0023451686095504777, "Nucleated Red Cells_min": 0.0018924618032480683, "pO2_min": 0.0018107490432953182, "Asparate Aminotransferase (AST)_min": 0.0012623690187388297, "Fibrinogen, Functional_min": 0.0009038568550184548, "Alveolar-arterial Gradient_max": 0.0006554383400209568, "Alveolar-arterial Gradient_min": 0.0005699797052455875, "Osmolality, Urine_max": 0.0005061756376464632, "Lactate Dehydrogenase (LD)_max": 5.469763336893784e-05, "Platelet Count_min": -0.00023160561176131044, "Fibrinogen, Functional_max": -0.0003418874366609266, "pO2_max": -0.0004007478967003353, "Tidal Volume_min": -0.0009382830596238284, "Tidal Volume_max": -0.0010716775097681312, "Osmolality, Measured_max": -0.001813326146530508, "Platelet Count_max": -0.0021860792402740195, "MCV_min": -0.006029924196575889, "MCV_max": -0.006712297783288052, "Base Excess_min": -0.008320349200638445, "Specific Gravity_max": -0.017981819240647186, "Bilirubin, Total_min": -0.04272296129906877, "Eosinophils_max": -0.04740038049664085, "Lymphocytes_min": -0.05304996056855265, "Bicarbonate_max": -0.09159648171309702, "Phosphate_min": -0.09963345853504528, "Creatinine_max": -0.13502178682160726, "Basophils_min": -0.14414789988034493, "Potassium_min": -0.20394505018374956, "Temperature_min": -0.2669837248119861, "Red Blood Cells_max": -0.2989660020236961, "Albumin_min": -0.9719015411107498}