{"Base Excess_min": 0.19836661219596863, "Temperature_min": 0.07225635647773743, "Lactate_max": 0.06474620848894119, "Urea Nitrogen_min": 0.058154910802841187, "Lymphocytes_min": 0.05673406645655632, "Anion Gap_min": 0.044436149299144745, "PT_min": 0.04377143457531929, "Sodium_max": 0.041511211544275284, "White Blood Cells_min": 0.040412288159132004, "Glucose_min": 0.04036552459001541, "Bicarbonate_max": 0.03968752548098564, "pO2_min": 0.035002775490283966, "pCO2_max": 0.03176657482981682, "Albumin_max": 0.02971051074564457, "Lactate_min": 0.02898242697119713, "Platelet Count_max": 0.025102702900767326, "Platelet Count_min": 0.020231299102306366, "pO2_max": 0.019684072583913803, "RDW_max": 0.017120959237217903, "PTT_min": 0.01657700724899769, "Specific Gravity_max": 0.01616901345551014, "Creatinine_max": 0.01596362143754959, "Chloride_min": 0.01582150161266327, "Phosphate_max": 0.015645498409867287, "White Blood Cells_max": 0.01177974697202444}