{"pH_max": 0.7031197515736327, "Temperature_max": 0.1880935290042456, "Red Blood Cells_max": 0.17080462684877903, "Lactate_min": 0.16600154715155335, "Lactate_max": 0.15186226183418525, "Magnesium_min": 0.14511362489552615, "Anion Gap_min": 0.12022796279506368, "MCH_min": 0.0924218725355348, "Sodium_max": 0.06887398916123905, "Bilirubin, Direct_max": 0.05550737842102972, "White Blood Cells_min": 0.053489394123553684, "Metamyelocytes_min": 0.05301717514855838, "PT_min": 0.049278686087918334, "Potassium_max": 0.04797136270677899, "CK-MB Index_min": 0.04297514146877077, "Basophils_max": 0.038013900091648345, "pCO2_max": 0.036274585842592785, "Calcium, Total_max": 0.03583671501504978, "Phosphate_max": 0.033664348803154005, "Urea Nitrogen_min": 0.0335486717065824, "INR(PT)_min": 0.031047698233783203, "Potassium, Whole Blood_min": 0.029101008183259718, "Free Calcium_min": 0.028830977822711924, "Vancomycin_min": 0.026786192707319977, "Hematocrit, Calculated_min": 0.026780931770183765, "RDW_max": 0.021323654243672226, "Required O2_min": 0.014661139418162623, "Glucose_min": 0.013802839227091341, "Magnesium_max": 0.013450513572474091, "Oxygen_min": 0.010261564360275819, "PTT_min": 0.009529843376272626, "Oxygen_max": 0.007914641957454803, "Osmolality, Measured_max": 0.007836346970875034, "Phenytoin_max": 0.007503719461928, "Required O2_max": 0.007101030755059084, "Anion Gap_max": 0.007070698411052314, "Neutrophils_min": 0.0061795029239551285, "Bands_max": 0.006016458854393937, "Potassium, Urine_max": 0.005348396483819566, "Lymphocytes_max": 0.00293344043051956, "Cortisol_max": 0.0018355423394625415, "Creatinine, Urine_max": 0.0017687905081213574, "PTT_max": 0.00167361900298656, "White Blood Cells_max": 0.0015644470976687772, "pO2_min": 0.0015100178996334697, "Asparate Aminotransferase (AST)_min": 0.0012708699486095923, "Iron_max": 0.001161712055164166, "Amylase_min": 0.0006141276545529003, "Lactate Dehydrogenase (LD)_min": 0.0005793231689684248, "RBC_min": 0.0005416643906549584, "Lactate Dehydrogenase (LD)_max": 0.00010678779410089677, "Creatine Kinase (CK)_min": 9.235860379017756e-05, "Asparate Aminotransferase (AST)_max": 4.8917061963502545e-05, "Fibrinogen, Functional_max": 3.467162556049622e-05, "Platelet Count_min": -5.954662996494885e-05, "Glucose_max": -7.936000171465693e-05, "WBC_min": -0.00010729224573820106, "Lipase_max": -0.000251770734165793, "Alanine Aminotransferase (ALT)_max": -0.0003261048708653717, "pO2_max": -0.00033387925381258405, "Urea Nitrogen, Urine_min": -0.0004355080353309652, "Tidal Volume_min": -0.0005698544598542117, "Triglycerides_max": -0.000706004282282334, "Tidal Volume_max": -0.0008519558282143694, "Alkaline Phosphatase_min": -0.0008863467698723763, "Cortisol_min": -0.0009514619180141677, "Creatinine, Urine_min": -0.0012670809011124213, "Creatine Kinase, MB Isoenzyme_max": -0.0016119289857490075, "Cholesterol, LDL, Calculated_max": -0.0016386699171514977, "Urea Nitrogen_max": -0.001649422998126029, "Alveolar-arterial Gradient_min": -0.0017263441427847327, "Sodium, Urine_max": -0.001996382026616445, "Monocytes_max": -0.0020902806405849934, "Sodium, Urine_min": -0.0021105770829075656, "Oxygen Saturation_min": -0.0021289943287783834, "Iron Binding Capacity, Total_max": -0.0024782756259747814, "Platelet Count_max": -0.0026509494513352176, "Bilirubin, Total_max": -0.003346035758948421, "Creatinine_max": -0.004323821169093116, "Potassium_min": -0.004947241865046234, "Neutrophils_max": -0.006133980255732087, "Sodium_min": -0.00958460336271211, "Base Excess_min": -0.00987185319928662, "Chloride, Whole Blood_min": -0.012504328508793124, "Monocytes_min": -0.016431396639873353, "pCO2_min": -0.017560212293574937, "Sodium, Whole Blood_max": -0.020215762028827043, "MCV_max": -0.02148655420931236, "Chloride_min": -0.025399580803882285, "Phosphate_min": -0.02542207232783629, "Troponin T_max": -0.025643337875275875, "Bilirubin, Total_min": -0.03116347901501969, "Eosinophils_max": -0.03743042843831391, "Hematocrit_max": -0.042318164924313874, "Lymphocytes_min": -0.04241106924773168, "Uric Acid_max": -0.045193887909246715, "Bilirubin, Indirect_max": -0.059185077303560374, "Eosinophils_min": -0.08281597926496315, "Basophils_min": -0.08364705376071785, "Bicarbonate_max": -0.09964678154560846, "Free Calcium_max": -0.10771169301940448, "MCHC_min": -0.12965200930129678, "MCHC_max": -0.15237790060502715, "Albumin_max": -0.16381897048683708, "% Hemoglobin A1c_min": -0.18982855643432797, "Temperature_min": -0.2201694375852007, "Potassium, Whole Blood_max": -0.2817763860177832, "Red Blood Cells_min": -0.2897341675113238, "Creatinine_min": -0.3742745722145239, "Albumin_min": -0.6608688470414703}