{"Lactate_max": 0.17697922940851119, "Lactate_min": 0.1165008675172606, "Phenytoin_min": 0.086635555030379, "Anion Gap_min": 0.08648096231183267, "PT_min": 0.0811412364311633, "Sodium_max": 0.06707418483393815, "PEEP_min": 0.05556534249410478, "Bilirubin, Direct_min": 0.055196791259074826, "Bilirubin, Direct_max": 0.04853332508524134, "Vancomycin_min": 0.04173076492565169, "CK-MB Index_min": 0.030790721522779, "pCO2_max": 0.030769495887782553, "Metamyelocytes_max": 0.030043999616754018, "Urea Nitrogen_min": 0.02911574401930927, "Myelocytes_max": 0.028597139907258564, "PTT_min": 0.01904409077424826, "Osmolality, Measured_max": 0.0190401552518972, "Bands_min": 0.018494392794247964, "Oxygen_max": 0.015477016117966815, "White Blood Cells_min": 0.01481623165822123, "INR(PT)_max": 0.014636161058132886, "INR(PT)_min": 0.014015876808120858, "Glucose_min": 0.013432946493731616, "Atypical Lymphocytes_max": 0.011493330465171005, "Metamyelocytes_min": 0.010781166360668202, "Bands_max": 0.009804044632537054, "White Blood Cells_max": 0.00883444091220085, "Polys_max": 0.007668885279928844, "CK-MB Index_max": 0.006585648914642335, "Epithelial Cells_max": 0.005843260189554669, "Magnesium_max": 0.005760650555392974, "Cholesterol, HDL_min": 0.005301888418337234, "Potassium, Urine_max": 0.005178896488249959, "Base Excess_max": 0.004823220444417965, "Myelocytes_min": 0.004035475608261244, "Alveolar-arterial Gradient_max": 0.004008810316241479, "Iron_min": 0.0028819137040424297, "Urea Nitrogen_max": 0.002526097790570124, "Sodium, Whole Blood_min": 0.002474183256974453, "Asparate Aminotransferase (AST)_min": 0.0023472763566618057, "pO2_min": 0.0019548245014538303, "Cortisol_min": 0.0010985240098466721, "Osmolality, Urine_max": 0.001024678672410086, "Cortisol_max": 0.0009502499298492441, "O2 Flow_min": 0.0009079722043809895, "Lactate Dehydrogenase (LD)_min": 0.0008081229430940901, "Amylase_min": 0.0007628217418032866, "PT_max": 0.0007227267042418629, "Fibrinogen, Functional_min": 0.0006246249785198108, "RBC_max": 0.000585355334198133, "WBC_min": 0.0005488619770209554, "WBC_max": 0.0005335870599081493, "Alkaline Phosphatase_max": 0.0002931894873316425, "Cholesterol Ratio (Total/HDL)_max": 0.0002821413536056045, "Urea Nitrogen, Urine_max": 0.00023012954388141197, "Cholesterol Ratio (Total/HDL)_min": 0.00019547216685404336, "Fibrinogen, Functional_max": 0.00015050867568288832, "Free Calcium_min": 0.00010966606151940715, "Vancomycin_max": 9.932704001220827e-05, "Lactate Dehydrogenase (LD)_max": 9.113161426815597e-05, "Asparate Aminotransferase (AST)_max": 6.114570721988186e-05, "Creatinine, Urine_max": 5.098367260363948e-05, "Creatine Kinase (CK)_min": 4.733816838205434e-05, "Ferritin_min": 1.0424616235002863e-05, "Ferritin_max": -1.115148989401712e-06, "Granulocyte Count_max": -1.1969224183879578e-05, "Creatine Kinase (CK)_max": -1.4541288588938982e-05, "Granulocyte Count_min": -3.237947173628273e-05, "Required O2_min": -5.304422531614709e-05, "Osmolality, Urine_min": -0.0002741764342093291, "Amylase_max": -0.0003094572721646657, "Alanine Aminotransferase (ALT)_max": -0.000309528677542421, "Alkaline Phosphatase_min": -0.0004352397141013855, "Polys_min": -0.0004375130352498114, "RBC_min": -0.0006830699701756598, "Triglycerides_max": -0.0007348656247014516, "Protein_min": -0.0008100166299007123, "Tidal Volume_min": -0.0008493761552236069, "Cholesterol, Total_max": -0.0009209181718054938, "Urea Nitrogen, Urine_min": -0.0009372505830160847, "Alanine Aminotransferase (ALT)_min": -0.0010906838780327525, "Lipase_min": -0.001107625364676333, "Tidal Volume_max": -0.0011201377812276772, "Sodium, Urine_min": -0.0014419228845718797, "Potassium, Urine_min": -0.0015135186672197956, "Oxygen Saturation_max": -0.0016056126369136277, "Creatine Kinase, MB Isoenzyme_min": -0.0016500909685789752, "PEEP_max": -0.0019356143867048977, "Monocytes_max": -0.002158664070440319, "O2 Flow_max": -0.002491592608752883, "Iron_max": -0.00255594341164718, "Nucleated Red Cells_max": -0.003132390160014075, "Cholesterol, LDL, Calculated_max": -0.004099645345123189, "Phosphate_max": -0.004486485007620735, "Thyroid Stimulating Hormone_min": -0.004722725068426231, "Sodium, Urine_max": -0.004744060020861683, "Base Excess_min": -0.006336627016739209, "Phenytoin_max": -0.007971941761724655, "pCO2_min": -0.009040557863607454, "Troponin T_min": -0.017220735139373593, "Basophils_max": -0.01898243086641315, "Thyroid Stimulating Hormone_max": -0.01945673238671453, "Required O2_max": -0.022055300851446597, "Anion Gap_max": -0.02245322631050182, "Protein, Total_max": -0.02251495003917046, "Osmolality, Measured_min": -0.02604296593828925, "Protein, Total_min": -0.027121561633322914, "tacroFK_max": -0.02754448456515427, "Potassium, Whole Blood_min": -0.03273434446473854, "Troponin T_max": -0.03388966923812272, "Uric Acid_max": -0.034433412624250315, "Epithelial Cells_min": -0.03721765140887428, "Sodium, Whole Blood_max": -0.04862661521026988, "Uric Acid_min": -0.052477178273984584, "Temperature_max": -0.05314530063380056, "Calcium, Total_max": -0.06628137554395665, "Bicarbonate_min": -0.081335702595585, "Albumin_max": -0.11639323698951588, "Temperature_min": -0.15745137328827016, "Albumin_min": -0.16538707226166455}