{"pH_max": 0.31074485458541046, "Lactate_min": 0.1512887335722712, "Lactate_max": 0.1280231686008556, "Phenytoin_min": 0.11167755879106855, "Phosphate_max": 0.09668437629203618, "Anion Gap_min": 0.0965470778899617, "Sodium_max": 0.07052231757024302, "MCH_min": 0.07000594143041823, "Temperature_max": 0.06777397232468534, "PT_min": 0.05868278663028851, "White Blood Cells_min": 0.04244758980957586, "Hematocrit, Calculated_min": 0.042423226407792954, "RDW_max": 0.04162361697542338, "pCO2_max": 0.03507148481410897, "Atypical Lymphocytes_max": 0.03362776447454687, "Urea Nitrogen_min": 0.02659436652540508, "Bilirubin, Total_max": 0.019992316958249944, "Glucose_min": 0.012807331249743925, "PEEP_min": 0.012131461120667203, "PTT_min": 0.010900239824756693, "Oxygen_min": 0.010776083977606477, "Base Excess_max": 0.009815711953965802, "INR(PT)_max": 0.0097828641697844, "Basophils_max": 0.007529238606395908, "Oxygen_max": 0.007519372021552579, "Sodium_min": 0.006938521108905345, "Neutrophils_min": 0.004644311242951549, "Osmolality, Measured_max": 0.0044122209771492215, "Vancomycin_max": 0.0035655291273854763, "Lymphocytes_max": 0.0024674429235539276, "Urea Nitrogen_max": 0.0020162702625652336, "PTT_max": 0.0020107949785511912, "Asparate Aminotransferase (AST)_min": 0.00170748404256319, "PT_max": 0.0016301178206076113, "Cortisol_min": 0.0015572993220978333, "pO2_min": 0.0014551227548166281, "Specific Gravity_max": 0.0013075014456271432, "White Blood Cells_max": 0.001220776144932279, "Alveolar-arterial Gradient_max": 0.0011253583463803622, "Osmolality, Urine_max": 0.0010784128735429562, "Specific Gravity_min": 0.0007981671329557315, "Lactate Dehydrogenase (LD)_min": 0.0005513299828113636, "Amylase_min": 0.00042899165618965696, "Free Calcium_min": 0.0003725032054138009, "Fibrinogen, Functional_max": 0.00029867368403054467, "Oxygen Saturation_max": 0.00013911525537514528, "Lactate Dehydrogenase (LD)_max": 9.502208218759827e-05, "Alkaline Phosphatase_max": 6.801865945492574e-05, "Sodium, Urine_max": 7.839951874752679e-06, "Creatine Kinase (CK)_min": 6.409327999405662e-06, "Ferritin_max": 3.0220673173484102e-06, "Lipase_max": 1.645129020452055e-06, "Alveolar-arterial Gradient_min": -4.2701509431478016e-05, "Asparate Aminotransferase (AST)_max": -7.96908447383175e-05, "pO2_max": -0.00012730392271554825, "Platelet Count_min": -0.00026671542972789557, "Protein_min": -0.0004178251430704192, "Triglycerides_max": -0.0005501941332003824, "Osmolality, Urine_min": -0.0005525969426378308, "Alkaline Phosphatase_min": -0.000643388391323377, "Lipase_min": -0.0007088934020537036, "Oxygen Saturation_min": -0.0009041711547889792, "Tidal Volume_min": -0.0010803577184310873, "Platelet Count_max": -0.002325174349182893, "Sodium, Urine_min": -0.0039309794331922705, "Transferrin_max": -0.004397073554075772, "Neutrophils_max": -0.006718566329580234, "Base Excess_min": -0.010790000395040605, "pCO2_min": -0.010806219766205334, "Chloride_max": -0.011211275797861318, "Anion Gap_max": -0.013688469671753366, "RDW_min": -0.013841658290969882, "Sodium, Whole Blood_min": -0.01840358799880693, "Potassium_max": -0.023490816277146873, "Hematocrit, Calculated_max": -0.025752929388530302, "Calcium, Total_max": -0.028102934478782274, "Free Calcium_max": -0.02939886243087199, "Potassium_min": -0.030549651604722495, "Troponin T_max": -0.03249023113139142, "Monocytes_min": -0.03259291906739744, "Chloride_min": -0.03338248925795931, "Eosinophils_max": -0.03818922620908359, "pH_min": -0.0442153146842719, "Bicarbonate_min": -0.0491278562816772, "Phosphate_min": -0.05056198653497723, "Lymphocytes_min": -0.05372972210526018, "Bilirubin, Total_min": -0.05950092969071903, "MCH_max": -0.0763769425736544, "MCHC_max": -0.07692486676366667, "Uric Acid_min": -0.08697913514236025, "Bicarbonate_max": -0.09080497676412719, "MCHC_min": -0.09187619257233133, "Creatinine_max": -0.11575208951573603, "Red Blood Cells_max": -0.12261025514807304, "Creatinine_min": -0.13499854376328552, "Temperature_min": -0.147502508931826, "Red Blood Cells_min": -0.18329606625914754, "Albumin_max": -0.18787911695496365, "Potassium, Whole Blood_max": -0.19091953843744783, "Albumin_min": -0.26294913877804293}