{"pH_max": 0.4475686918350902, "Lactate_min": 0.21184793516585207, "MCH_min": 0.12662176806185804, "Lactate_max": 0.11906935776281845, "INR(PT)_min": 0.1148247916308902, "Phenytoin_min": 0.11300871264748687, "Bilirubin, Direct_min": 0.10759576170197825, "Anion Gap_min": 0.08263889205177305, "Sodium_max": 0.0759294758319724, "Red Blood Cells_max": 0.06557518160847617, "Temperature_max": 0.05640382763417356, "Phosphate_max": 0.047824113053707255, "White Blood Cells_min": 0.04688070619353081, "Magnesium_min": 0.04473040389568101, "RDW_max": 0.04451948529537668, "Basophils_max": 0.044039882130859805, "Hematocrit, Calculated_min": 0.042515653905941655, "Calculated Total CO2_max": 0.03843924171185748, "Magnesium_max": 0.037196619027810095, "pCO2_max": 0.030993685958499752, "Urea Nitrogen_min": 0.028691246747706543, "Atypical Lymphocytes_max": 0.02551658619985246, "Hematocrit_min": 0.02462478560262799, "Bilirubin, Total_max": 0.02128626914851436, "PTT_min": 0.01515870489844124, "Glucose_min": 0.01500387972661645, "Calcium, Total_max": 0.011215712359068212, "PEEP_min": 0.010877273004268868, "Oxygen_min": 0.010614392299906674, "Free Calcium_min": 0.010504755987084514, "Cholesterol, HDL_max": 0.008633237879625284, "Required O2_max": 0.007552617074483471, "Bands_max": 0.0074322492104140665, "Oxygen_max": 0.0070757627952638446, "Lymphocytes_max": 0.004810732598991801, "PT_max": 0.00465272940863023, "Anion Gap_max": 0.004262760833765902, "Potassium, Urine_min": 0.004057485863619008, "Osmolality, Measured_max": 0.003910598268830969, "Neutrophils_min": 0.0034924813063765964, "Bicarbonate_min": 0.002935789976207723, "White Blood Cells_max": 0.002602542294482327, "Potassium, Urine_max": 0.0023216832189001165, "PTT_max": 0.002217542630250469, "Polys_max": 0.0019742077316615473, "O2 Flow_min": 0.0019253940709154072, "Creatinine, Urine_max": 0.001922202092201471, "pO2_min": 0.0019192003786547703, "Asparate Aminotransferase (AST)_min": 0.0017499071785803697, "Osmolality, Urine_max": 0.0008055921370903588, "Lactate Dehydrogenase (LD)_min": 0.0006986789522636462, "Creatine Kinase, MB Isoenzyme_min": 0.0005382824205289459, "Potassium_max": 0.00042814802989900395, "Amylase_min": 0.000392733498983182, "Fibrinogen, Functional_min": 0.00022672229271794477, "Platelet Count_min": 0.00019046264699717504, "WBC_max": 0.00013183001761200811, "Asparate Aminotransferase (AST)_max": 9.265881839958646e-05, "Lactate Dehydrogenase (LD)_max": 7.791160937113529e-05, "Creatine Kinase (CK)_min": 6.358433928807545e-05, "RBC_max": 4.544142660639055e-05, "Ferritin_min": 3.5555204632175006e-06, "Granulocyte Count_max": -1.993789815042703e-05, "Specific Gravity_max": -8.632314896740381e-05, "Alkaline Phosphatase_max": -0.0001005154374022904, "Nucleated Red Cells_max": -0.00016899517489080376, "Glucose_max": -0.00021285043706217998, "Alanine Aminotransferase (ALT)_min": -0.00026523390393081033, "Alveolar-arterial Gradient_min": -0.000277182199898785, "Alanine Aminotransferase (ALT)_max": -0.0003579712466188872, "pO2_max": -0.0007826885229804672, "Protein_min": -0.0007952259590706886, "Specific Gravity_min": -0.000862882975032514, "Triglycerides_max": -0.0009304676401150404, "Tidal Volume_min": -0.0011362912372733327, "Creatine Kinase, MB Isoenzyme_max": -0.001423239751360622, "Neutrophils_max": -0.002274095882366984, "Platelet Count_max": -0.0023633992898412196, "Urea Nitrogen_max": -0.0024915721631641897, "Oxygen Saturation_min": -0.003092375836762076, "Chloride_min": -0.003371681373371269, "Creatinine, Urine_min": -0.0034193791244976185, "Sodium, Urine_min": -0.004154445047198164, "Base Excess_min": -0.004553754428140293, "Monocytes_max": -0.0055961354223479426, "PEEP_max": -0.005957602684254942, "MCV_min": -0.007332408982917405, "pCO2_min": -0.00948466727701488, "Creatinine_max": -0.012345698746502435, "RDW_min": -0.014204887094725241, "Hematocrit_max": -0.014599873992541063, "Chloride_max": -0.01785474270007667, "Hemoglobin_max": -0.019621389781534566, "Free Calcium_max": -0.02030453232600653, "Potassium_min": -0.024361955503460445, "Hematocrit, Calculated_max": -0.025045564178221163, "Bilirubin, Indirect_max": -0.025519416224512426, "Eosinophils_max": -0.026721729126973712, "Red Blood Cells_min": -0.02956232199592807, "Sodium_min": -0.030076150111464438, "Calculated Total CO2_min": -0.030629508025753118, "Thyroid Stimulating Hormone_max": -0.030801455930888563, "Troponin T_max": -0.03233027949532587, "Lymphocytes_min": -0.03788679238820352, "Protein, Total_max": -0.03966380040575176, "Basophils_min": -0.04590165480424173, "MCHC_min": -0.05001699120612633, "Potassium, Whole Blood_min": -0.05637779892339515, "MCH_max": -0.07725409769161952, "Bilirubin, Total_min": -0.07841594774538371, "Phosphate_min": -0.08913876671478384, "Bicarbonate_max": -0.10646890726092671, "MCHC_max": -0.10671376223946213, "Eosinophils_min": -0.12093197230299424, "Hemoglobin_min": -0.16128124072153333, "Calcium, Total_min": -0.20530962553559004, "Temperature_min": -0.21629881820421237, "Potassium, Whole Blood_max": -0.2328297194993965, "Albumin_max": -0.2463531136960551, "Albumin_min": -0.3953551149620876}