{"mca_6": -1.124061552358123, "Albumin_min": -0.7212839516490197, "Cholesterol, Total_max": -0.637915883995022, "Osmolality, Measured_min": -0.49881625180198813, "Protein, Total_min": -0.40518845083611654, "Uric Acid_min": -0.3795027723051031, "Ketone_min": -0.3110563502593471, "Temperature_min": -0.2966821414951351, "Thyroid Stimulating Hormone_max": -0.24336968160193448, "Urea Nitrogen, Urine_min": -0.22870722815311387, "Alanine Aminotransferase (ALT)_max": -0.21650644767235475, "Bicarbonate_min": -0.21515404868554, "Cholesterol, LDL, Calculated_min": -0.21136172297112427, "Tidal Volume_max": -0.2063511749809525, "Creatinine, Urine_min": -0.20119127482195803, "Iron_max": -0.1814467342167832, "Amylase_max": -0.16729847311907803, "Tidal Volume_min": -0.15940135362086408, "Granulocyte Count_min": -0.15921288726550153, "Alanine Aminotransferase (ALT)_min": -0.15919629515123876, "Sodium, Urine_min": -0.1572917660718052, "Alveolar-arterial Gradient_max": -0.14894467333217112, "Iron Binding Capacity, Total_min": -0.14421716942954393, "Sodium, Whole Blood_max": -0.1339382447384847, "Epithelial Cells_min": -0.13345131947483027, "Sodium, Urine_max": -0.1327810323759771, "Phenytoin_max": -0.1279671127229173, "Triglycerides_min": -0.1197609330396382, "Calculated Total CO2_max": -0.1158581561890069, "O2 Flow_max": -0.09561285720522628, "Anion Gap_max": -0.09077402632153646, "Fibrinogen, Functional_max": -0.08655222769860386, "PEEP_max": -0.08413596461021582, "Calculated Total CO2_min": -0.08307367728070998, "Lipase_min": -0.07808432150575052, "Triglycerides_max": -0.07655559983155405, "Nucleated Red Cells_max": -0.06995051249316214, "Base Excess_min": -0.06308610945211249, "Troponin T_min": -0.060857487469578225, "Creatine Kinase, MB Isoenzyme_min": -0.05715876636712386, "Chloride, Whole Blood_max": -0.05602842248305827, "Protein_max": -0.05019299271197165, "Troponin T_max": -0.045797300358655056, "Protein_min": -0.04548453383790048, "Cortisol_max": -0.04208613250825545, "Albumin_max": -0.038465749916520624, "pCO2_min": -0.03575567792782858, "Phosphate_max": -0.021046926828489507, "Vitamin B12_max": -0.020052464194384757, "Vancomycin_max": -0.01976233408579232, "Alkaline Phosphatase_min": -0.01719943939330752, "WBC_min": -0.011508147302717972, "Granulocyte Count_max": -0.011256563001233458, "Myelocytes_min": -0.011052516476149979, "Metamyelocytes_max": -0.009414223140371382, "Alkaline Phosphatase_max": -0.007557879415797246, "Oxygen Saturation_max": -0.0031725355879691636, "Cholesterol Ratio (Total/HDL)_max": -0.0015095574956578682, "Urea Nitrogen_max": -0.0011690015395183482, "Urobilinogen_min": -0.00031986280425351076, "RBC_min": 0.00048173378028343794, "Sodium, Whole Blood_min": 0.006754617304642739, "Bands_max": 0.009757031188067545, "Required O2_min": 0.012059863862600148, "Ferritin_min": 0.012195337985403709, "Ferritin_max": 0.012380553714601582, "Atypical Lymphocytes_max": 0.02029709117287101, "Urea Nitrogen, Urine_max": 0.022258626218947624, "PT_max": 0.024394585818607945, "CK-MB Index_max": 0.03314562972094153, "INR(PT)_max": 0.034583873445058755, "mca_7": 0.037448918069992364, "RBC_max": 0.03771027152013289, "Magnesium_max": 0.03817789220363491, "Epithelial Cells_max": 0.0429971781516305, "Potassium, Urine_min": 0.04726429679703641, "Osmolality, Urine_min": 0.0512546665595981, "Creatine Kinase (CK)_min": 0.06615893458861409, "Metamyelocytes_min": 0.07023526520193149, "Base Excess_max": 0.07431031028217039, "Myelocytes_max": 0.07440579200258658, "Cholesterol Ratio (Total/HDL)_min": 0.07892607415472525, "O2 Flow_min": 0.08134411294819091, "Free Calcium_min": 0.08246447978870525, "Amylase_min": 0.08254661402413954, "WBC_max": 0.08282403604923769, "PT_min": 0.09271654174669018, "Urobilinogen_max": 0.09491794307498562, "Potassium, Urine_max": 0.09578054036339033, "Uric Acid_max": 0.09685574798934185, "Bands_min": 0.09746822709247964, "Lactate Dehydrogenase (LD)_max": 0.09948239730462495, "Creatinine, Urine_max": 0.10362399879519536, "Asparate Aminotransferase (AST)_max": 0.1044912761393359, "Polys_max": 0.110179077998635, "Fibrinogen, Functional_min": 0.11167559019862659, "PTT_min": 0.11893432519580369, "Thyroid Stimulating Hormone_min": 0.12358858968999945, "Hematocrit, Calculated_min": 0.13330384085226749, "Cortisol_min": 0.1342877285413661, "CK-MB Index_min": 0.1373612622479082, "PEEP_min": 0.1377517723748379, "White Blood Cells_max": 0.1413083292422981, "Bilirubin, Direct_min": 0.1432922636366065, "pO2_min": 0.14457259577372017, "INR(PT)_min": 0.1467580467994131, "Polys_min": 0.15783901200620626, "Temperature_max": 0.15835048739968605, "Osmolality, Urine_max": 0.1599010372220614, "Bilirubin, Direct_max": 0.16533209413847844, "Cholesterol, HDL_min": 0.1883245707376064, "Oxygen_max": 0.20649657537210833, "Lactate_min": 0.22240660913339844, "Vancomycin_min": 0.24519186365243317, "Required O2_max": 0.2722231547665901, "Iron_min": 0.27832087985579973, "Sodium_max": 0.29420101153380157, "Oxygen_min": 0.31077889555607363, "Lactate Dehydrogenase (LD)_min": 0.3671840664953487, "Protein, Total_max": 0.371650048349448, "Anion Gap_min": 0.39305633315519145, "Lactate_max": 0.41846734060764035, "Urea Nitrogen_min": 0.4324809578216547, "Glucose_min": 0.47106778263588606, "Osmolality, Measured_max": 0.49826242043426644, "pCO2_max": 0.5363527581716123, "Asparate Aminotransferase (AST)_min": 0.5464730387546272, "Phenytoin_min": 0.5784826186062108, "mca_1": 0.603995897317938, "Cholesterol, Total_min": 0.652149077963188}