{"pH_max": 0.26149155690895437, "Lactate_max": 0.15336884577392143, "Lactate_min": 0.13493015858083746, "Phenytoin_min": 0.10905692178034761, "Bilirubin, Direct_max": 0.07047553604052477, "Anion Gap_min": 0.06908792368211275, "Sodium_max": 0.06251584404347386, "MCH_min": 0.06112224150911909, "PT_min": 0.0572635944247783, "RDW_max": 0.0469723803495697, "Phosphate_max": 0.037727005298177345, "Calculated Total CO2_max": 0.03425918756663657, "White Blood Cells_min": 0.033974462386663865, "pCO2_max": 0.03179266188529625, "Hematocrit, Calculated_min": 0.030076912428047137, "Vancomycin_min": 0.025442443990250207, "Urea Nitrogen_min": 0.023313084409334207, "Basophils_max": 0.020408347494419856, "CK-MB Index_max": 0.016870121364824294, "Osmolality, Measured_max": 0.016199658444656654, "Glucose_min": 0.015054861992491713, "Bands_min": 0.01478873745232333, "INR(PT)_min": 0.012616018165051944, "Oxygen_min": 0.010824149402880982, "PTT_min": 0.008311433996482612, "Oxygen_max": 0.008259794974391041, "White Blood Cells_max": 0.007115115994703023, "Bands_max": 0.00675103402550899, "Required O2_max": 0.006253684206391674, "Lymphocytes_max": 0.0050729208911398736, "Neutrophils_min": 0.004668548297895684, "Polys_max": 0.0045024653906036985, "pO2_min": 0.0024456713576750523, "Magnesium_min": 0.002132365483319614, "Asparate Aminotransferase (AST)_min": 0.0019870348809413133, "Chloride, Whole Blood_min": 0.001784044962507639, "PTT_max": 0.0016581363382208447, "PT_max": 0.0014661960941109364, "MCV_min": 0.0010106354516303368, "Iron_max": 0.0009035547603239617, "Calcium, Total_max": 0.0008870968033314116, "WBC_max": 0.0008652339659112409, "Creatinine, Urine_max": 0.0006571215327616204, "Neutrophils_max": 0.0006392842901701537, "Lactate Dehydrogenase (LD)_min": 0.0006329541042993665, "Platelet Count_min": 0.0005455839332727498, "Fibrinogen, Functional_min": 0.0005417481918041379, "Osmolality, Urine_min": 0.0003396583827599371, "RBC_max": 0.00020636132216197837, "Lactate Dehydrogenase (LD)_max": 8.80406736351136e-05, "Asparate Aminotransferase (AST)_max": 5.7171201081807074e-05, "Alveolar-arterial Gradient_min": 2.9750686973047456e-05, "Ferritin_max": 1.4559683717473415e-06, "Creatine Kinase (CK)_max": -1.6736356742168003e-05, "Granulocyte Count_min": -7.980507218548266e-05, "Glucose_max": -8.890538086466556e-05, "Specific Gravity_max": -0.00016909454290151625, "Alanine Aminotransferase (ALT)_max": -0.00023750376322544272, "Alkaline Phosphatase_min": -0.0002502347342409982, "Chloride_max": -0.0002706383705587999, "Urea Nitrogen_max": -0.00033722413751733325, "Protein_max": -0.0006292205495329543, "Triglycerides_max": -0.0006608190646333835, "Specific Gravity_min": -0.0007352792169556209, "WBC_min": -0.0008066916829986573, "Alanine Aminotransferase (ALT)_min": -0.000936264771625666, "Oxygen Saturation_min": -0.0009765454633784782, "pO2_max": -0.0010342642564103947, "Tidal Volume_min": -0.0015427427106365866, "PEEP_max": -0.001589659402464957, "Sodium, Urine_max": -0.0021089146748247433, "Platelet Count_max": -0.0023753076608381456, "Magnesium_max": -0.0032221416763210673, "Ketone_max": -0.0047479198254760996, "MCV_max": -0.009321215553085448, "Base Excess_min": -0.009787248916871364, "Phenytoin_max": -0.013831122649511599, "Creatinine_max": -0.01443427924268349, "Hematocrit_max": -0.01665153328334256, "Osmolality, Measured_min": -0.018592648611788085, "RDW_min": -0.018740791141054293, "Free Calcium_max": -0.01952813881815991, "Sodium, Whole Blood_min": -0.019625936408671576, "Bilirubin, Total_max": -0.02099931589580976, "Chloride_min": -0.021619735829193857, "pCO2_min": -0.021955581764157496, "Eosinophils_max": -0.024967160401878873, "Basophils_min": -0.02598645961612384, "Potassium_min": -0.030848572984647396, "Lymphocytes_min": -0.04195894297834247, "Phosphate_min": -0.060075922300875634, "MCHC_max": -0.07133849298541291, "MCHC_min": -0.08812072406799651, "Eosinophils_min": -0.09536729640027841, "Hemoglobin_min": -0.10553457780027005, "Bicarbonate_max": -0.11199520805531192, "Calcium, Total_min": -0.15228097915906447, "Albumin_max": -0.15379565931848518, "Temperature_min": -0.1571761830381061, "Albumin_min": -0.24620955278088585}