{"Lactate_min": 0.198303482072293, "Lactate_max": 0.14767612731599622, "Temperature_max": 0.1050348610111127, "Anion Gap_min": 0.07684563438573544, "PT_min": 0.057731023187474466, "Sodium_max": 0.05143609208297477, "White Blood Cells_min": 0.03866939022645618, "Phosphate_max": 0.035661025789917165, "pCO2_max": 0.03372745645104966, "Free Calcium_min": 0.024953156784821316, "Calcium, Total_max": 0.02010460159473358, "Urea Nitrogen_min": 0.019204279988082815, "Base Excess_max": 0.015274015983305904, "Glucose_min": 0.013310671396146405, "RDW_max": 0.011779452061244854, "PTT_min": 0.00981130672689448, "White Blood Cells_max": 0.006966599544154997, "MCV_max": 0.004397083694058448, "pO2_min": 0.0027306168292353986, "PTT_max": 0.0022996602244791955, "Lymphocytes_max": 0.0012389872770067903, "Alveolar-arterial Gradient_max": 0.0009892825885972154, "Asparate Aminotransferase (AST)_min": 0.0009100457320771246, "Lactate Dehydrogenase (LD)_min": 0.0007056039372413899, "Urea Nitrogen_max": 0.0003599933765133166, "Neutrophils_min": 0.0001904956413659461, "Glucose_max": 0.0001561232789947162, "Creatine Kinase (CK)_min": 8.100202551702891e-05, "Creatine Kinase (CK)_max": -2.5618614643744742e-05, "Alanine Aminotransferase (ALT)_max": -9.69413962763293e-05, "Osmolality, Measured_max": -0.00020258820924849095, "Triglycerides_max": -0.00046777158284844113, "pO2_max": -0.000757943803600886, "Tidal Volume_min": -0.0009749186824457467, "Bilirubin, Total_max": -0.0009976731575316736, "Platelet Count_min": -0.0012478029802073555, "Required O2_max": -0.0015137295488360358, "Platelet Count_max": -0.0017352520040928563, "Neutrophils_max": -0.004525963817050265, "Creatinine_max": -0.009241378560476002, "pCO2_min": -0.014800946817863878, "Potassium_max": -0.016002890716850286, "Base Excess_min": -0.01746109555653119, "Lymphocytes_min": -0.061398124931769396, "Bicarbonate_max": -0.08458565829410931, "MCHC_max": -0.10337321060788612, "Hemoglobin_max": -0.11223407302638413, "Eosinophils_min": -0.13172531031906126, "Temperature_min": -0.2569793251686388, "Albumin_min": -0.7376929840451873}