{"Lactate_min": 0.2182940179930052, "Lactate_max": 0.14342264727414672, "Anion Gap_min": 0.11167464051213677, "Phosphate_max": 0.05315483601227174, "Sodium_max": 0.05275457384753025, "RDW_min": 0.051487719966321274, "pCO2_max": 0.036017562535329284, "Urea Nitrogen_min": 0.03130941181035383, "White Blood Cells_min": 0.030804490597384316, "PTT_min": 0.018037412915224402, "Glucose_min": 0.013120908397824422, "Albumin_max": 0.008284735308276848, "PT_max": 0.007188233631953679, "White Blood Cells_max": 0.006842916577355824, "Required O2_max": 0.004126057986835812, "Lymphocytes_max": 0.0035996277744593046, "pO2_min": 0.002490284610269895, "PTT_max": 0.0012729458070763928, "Urea Nitrogen_max": 0.001153252069925371, "Asparate Aminotransferase (AST)_min": 0.0011042899119705072, "Fibrinogen, Functional_min": 0.0006780181810566478, "Lactate Dehydrogenase (LD)_min": 0.0005431469310998119, "Lactate Dehydrogenase (LD)_max": 9.78403254128429e-06, "Calcium, Total_max": -0.00061595176106286, "Platelet Count_min": -0.0007190519005934578, "pO2_max": -0.0008543680789412983, "Neutrophils_min": -0.0009165661552206173, "Tidal Volume_min": -0.0011789908124062566, "Osmolality, Measured_max": -0.001686929908317408, "Platelet Count_max": -0.0019027178508385252, "PEEP_max": -0.0025908062842716836, "Base Excess_min": -0.005888908593906035, "Bilirubin, Total_max": -0.01219536736298909, "pCO2_min": -0.016013165808970126, "Eosinophils_max": -0.04841397364960068, "Lymphocytes_min": -0.06604133523113748, "Bicarbonate_max": -0.07369707655584092, "Temperature_min": -0.2790500363185341, "Creatinine_min": -0.3065393888140255, "Albumin_min": -0.922143708912234}