{"pH_max": 0.6410596169854155, "Lactate_min": 0.21381763499056, "Lactate_max": 0.12606966487841537, "Anion Gap_min": 0.11570107988721144, "PT_min": 0.061656932775099836, "RDW_min": 0.049904837939818675, "Sodium_max": 0.03982201286188595, "Urea Nitrogen_min": 0.03633318173356921, "pCO2_max": 0.03592400689523202, "White Blood Cells_min": 0.03146417003200603, "Temperature_max": 0.028004497672871092, "Oxygen_min": 0.012791520863901572, "PTT_min": 0.012723180643868256, "Glucose_min": 0.012126117616066273, "Bilirubin, Total_max": 0.009647593530987984, "Calcium, Total_max": 0.009403944010878977, "Oxygen_max": 0.006871707339145014, "PT_max": 0.004134135490319209, "White Blood Cells_max": 0.0030997635692259, "Asparate Aminotransferase (AST)_min": 0.0014102214748309995, "PTT_max": 0.0010304019721504327, "Creatinine_max": 0.0009475751429061907, "Glucose_max": 0.0001315300668529985, "Lactate Dehydrogenase (LD)_max": 4.210800500648828e-05, "MCV_max": -0.0008884376082118702, "pO2_max": -0.0008950648489746241, "Tidal Volume_min": -0.0015929325002300057, "Neutrophils_min": -0.0017210926405034877, "Platelet Count_max": -0.0022265525985751184, "Osmolality, Measured_max": -0.004390322696018368, "Base Excess_min": -0.006948745584893039, "pCO2_min": -0.011060591469609755, "Lymphocytes_min": -0.05806936904792875, "Eosinophils_max": -0.05822107405584379, "Bilirubin, Total_min": -0.06067854735932586, "Bicarbonate_max": -0.08518993712798031, "Potassium_min": -0.2086657047525815, "Creatinine_min": -0.2904074490521305, "Temperature_min": -0.3451518507959024, "Albumin_min": -0.9441830170916404}