{"Lactate_min": 0.2455987606045547, "Lactate_max": 0.1466706643379911, "Anion Gap_min": 0.0852434706129274, "Sodium_max": 0.07858612281950977, "PT_min": 0.07083954495252898, "White Blood Cells_min": 0.05106643612113596, "pCO2_max": 0.03623800776139976, "Phosphate_max": 0.03533080689572368, "Urea Nitrogen_min": 0.019921416460571648, "Bilirubin, Total_max": 0.015744624674872736, "Oxygen_max": 0.014099215589385351, "Glucose_min": 0.01370513106558433, "MCV_min": 0.009849139262872631, "Bands_max": 0.009574942567472577, "PTT_min": 0.007367194353752031, "Lymphocytes_max": 0.005335556350099028, "Osmolality, Measured_max": 0.003933269248660699, "pO2_min": 0.0029830973177515634, "PTT_max": 0.002934908009703711, "PT_max": 0.001217790827621194, "Neutrophils_min": 0.0007072702422170945, "Lactate Dehydrogenase (LD)_min": 0.0006870909242558543, "Oxygen Saturation_min": 0.0003127464835461348, "Lactate Dehydrogenase (LD)_max": 3.18202090818475e-05, "Creatine Kinase (CK)_max": -1.7484188168383097e-05, "Glucose_max": -0.00015837136155282474, "Platelet Count_min": -0.0001986720814411567, "Creatine Kinase, MB Isoenzyme_max": -0.0003073140991639142, "Alkaline Phosphatase_min": -0.0003726182400457032, "Tidal Volume_min": -0.0011286022214193532, "pO2_max": -0.0014208982307539356, "Monocytes_max": -0.0015041671086117787, "Platelet Count_max": -0.0021672619734115495, "Base Excess_min": -0.007546860911031188, "Calcium, Total_max": -0.012251563474821116, "Creatinine_max": -0.015309730005829327, "pCO2_min": -0.018714744893031935, "Sodium_min": -0.019106753411682866, "Chloride_min": -0.02357549126652701, "Free Calcium_max": -0.024855628970515752, "Bilirubin, Total_min": -0.04093355020978269, "Eosinophils_max": -0.04850545580788837, "Lymphocytes_min": -0.054078853830401646, "Hemoglobin_max": -0.06382403290709769, "Potassium_max": -0.07532326981624857, "Bicarbonate_max": -0.0897543919618268, "Hemoglobin_min": -0.09686714912073884, "MCHC_max": -0.09918407521381059, "Temperature_min": -0.16635762304468024, "Albumin_min": -0.8182161372398356}