{"Lactate_min": 0.20444927936122836, "Lactate_max": 0.1531184419542457, "Anion Gap_min": 0.07485355887753052, "Temperature_max": 0.06918244365372037, "Sodium_max": 0.05981926757459533, "PT_min": 0.05063476111466466, "White Blood Cells_min": 0.04472045685920957, "pCO2_max": 0.03514804863985398, "Phosphate_max": 0.033263153849049876, "INR(PT)_min": 0.02757608023278525, "RDW_max": 0.0235366240593468, "Urea Nitrogen_min": 0.021668388208986648, "Oxygen_max": 0.014821489316032159, "Glucose_min": 0.013338590113498805, "PTT_min": 0.007983134261259997, "White Blood Cells_max": 0.005294674345556548, "Lymphocytes_max": 0.004024403767246608, "PT_max": 0.0028341696511945172, "pO2_min": 0.0028329437067514465, "Osmolality, Measured_max": 0.002560030106647394, "Asparate Aminotransferase (AST)_min": 0.0022916716360971974, "PTT_max": 0.001848131053450527, "Neutrophils_max": 0.00018653667869319502, "Lactate Dehydrogenase (LD)_max": 4.6315631515534974e-05, "Creatine Kinase (CK)_max": -1.295147307516676e-05, "Platelet Count_min": -0.0009895550962771766, "Tidal Volume_min": -0.0011302428965045068, "Urea Nitrogen_max": -0.0012734928589232361, "pO2_max": -0.0013124294507793762, "Calcium, Total_max": -0.00182460043704458, "Platelet Count_max": -0.0018444496870050615, "Base Excess_min": -0.005058260158779724, "pCO2_min": -0.02321815243912354, "MCH_min": -0.025145306696618522, "Lymphocytes_min": -0.06277358933181953, "Bicarbonate_max": -0.07121654444148821, "MCHC_max": -0.1254353841420851, "Temperature_min": -0.25188970631869967, "Red Blood Cells_max": -0.32672018115561413, "Albumin_min": -0.7664291158642966}