{"Lactate_min": 0.1841834645343505, "Lactate_max": 0.14995447181542323, "Phenytoin_min": 0.11749688760999111, "PT_min": 0.07464063159168204, "Bilirubin, Direct_min": 0.056668120709338826, "Sodium_max": 0.05057135026796387, "Anion Gap_min": 0.04840863278056467, "Bilirubin, Direct_max": 0.0478841094958092, "CK-MB Index_max": 0.04019436199810603, "Temperature_max": 0.03439800354720296, "Metamyelocytes_min": 0.03330218105205773, "Urea Nitrogen_min": 0.030686291643601895, "pCO2_max": 0.029953686986418954, "Vancomycin_min": 0.026301711450564865, "Myelocytes_max": 0.024761070888266786, "Bands_min": 0.021664339186458926, "Magnesium_max": 0.02093639157570525, "Base Excess_max": 0.020063006860253016, "White Blood Cells_max": 0.017138099112915084, "Atypical Lymphocytes_max": 0.0164057993913163, "Glucose_min": 0.015521278903831558, "INR(PT)_min": 0.014333667606927055, "Osmolality, Measured_max": 0.014330978879756692, "Oxygen_max": 0.013877175672662119, "PTT_min": 0.013359002892003953, "INR(PT)_max": 0.01075922408435092, "Urobilinogen_min": 0.009752068897229628, "Metamyelocytes_max": 0.0090996883538126, "Thyroid Stimulating Hormone_min": 0.008750995278486912, "PEEP_min": 0.008689075645443838, "Free Calcium_min": 0.008134781003811825, "Polys_max": 0.007939373695719452, "Epithelial Cells_max": 0.00782248831478907, "Anion Gap_max": 0.006599087566259851, "Bands_max": 0.005362933069796421, "Creatinine_max": 0.005083740198453315, "Potassium, Urine_max": 0.004823860848487983, "Sodium, Whole Blood_min": 0.004813543645080172, "Iron_min": 0.004288054795905227, "Alveolar-arterial Gradient_max": 0.003187009241249389, "Asparate Aminotransferase (AST)_min": 0.002397951133945864, "Creatine Kinase, MB Isoenzyme_min": 0.0022881075934742053, "pO2_min": 0.002069538023402727, "O2 Flow_min": 0.0018236984831595665, "Cortisol_max": 0.001588559856523545, "PT_max": 0.0015459151931152403, "Urea Nitrogen_max": 0.001522132479591523, "Amylase_min": 0.001168195444779691, "Creatinine, Urine_max": 0.0009441287248864988, "Fibrinogen, Functional_min": 0.000915048330593883, "WBC_max": 0.0008662386504766375, "Vancomycin_max": 0.0008532069257441389, "Lactate Dehydrogenase (LD)_min": 0.0007260562805588893, "Osmolality, Urine_min": 0.0005787508630520165, "Osmolality, Urine_max": 0.0003698867945273596, "RBC_max": 0.0003486533367538732, "Urea Nitrogen, Urine_max": 0.0002867932998678352, "WBC_min": 0.000193511962160637, "Vitamin B12_min": 0.00019109842815069942, "Alkaline Phosphatase_max": 0.00014781188013511913, "Lactate Dehydrogenase (LD)_max": 0.0001421889243792953, "O2 Flow_max": 7.636274864055756e-05, "Asparate Aminotransferase (AST)_max": 6.455719993757268e-05, "Creatine Kinase (CK)_min": 2.864931503013117e-05, "Ferritin_max": -3.1935671728947083e-06, "Granulocyte Count_max": -7.2951435016449385e-06, "Ferritin_min": -2.1121617389026747e-05, "Granulocyte Count_min": -3.0757270683338615e-05, "Protein_min": -0.0001353565842060646, "Cortisol_min": -0.00018318523233751152, "Triglycerides_min": -0.0002514920924239711, "Fibrinogen, Functional_max": -0.0003164769814274634, "Amylase_max": -0.000324916503470733, "Alanine Aminotransferase (ALT)_max": -0.0003727331347948248, "RBC_min": -0.00039371649399995917, "Triglycerides_max": -0.0006599601021426528, "Oxygen Saturation_max": -0.0006759072295817764, "Cholesterol Ratio (Total/HDL)_min": -0.0006978524753406112, "Protein_max": -0.0009910934921659887, "Urea Nitrogen, Urine_min": -0.000991961235698829, "Alanine Aminotransferase (ALT)_min": -0.0010791860524712602, "Lipase_min": -0.0011118361030655328, "Tidal Volume_max": -0.0013567136363450178, "Iron_max": -0.001542832363783272, "Monocytes_max": -0.0017066028706217752, "Nucleated Red Cells_max": -0.0018749409989809568, "Cholesterol, Total_max": -0.001976386715643771, "Cholesterol Ratio (Total/HDL)_max": -0.0020980313646227276, "PEEP_max": -0.0026735079140552454, "Creatine Kinase, MB Isoenzyme_max": -0.0027749690854592442, "Creatinine, Urine_min": -0.003066330871497723, "Nucleated Red Cells_min": -0.0032421581238046594, "Myelocytes_min": -0.004457498400319205, "pCO2_min": -0.004954384315171473, "Sodium, Urine_min": -0.005578049144698881, "tacroFK_max": -0.006657005209054149, "CK-MB Index_min": -0.007185987957617695, "Base Excess_min": -0.007619641986451554, "Phosphate_max": -0.00888431484329457, "Calculated Total CO2_min": -0.010697672411538744, "Protein, Total_max": -0.011706266899588012, "Required O2_max": -0.013189112939682023, "Bicarbonate_min": -0.01623122783360712, "Osmolality, Measured_min": -0.01788808127481095, "Thyroid Stimulating Hormone_max": -0.019883981682346133, "Phenytoin_max": -0.020887136005876304, "Protein, Total_min": -0.021965042778062455, "Sodium, Whole Blood_max": -0.026975067491146924, "Basophils_max": -0.02712241128026073, "Troponin T_min": -0.031025356877291452, "Uric Acid_max": -0.03240758168958562, "Epithelial Cells_min": -0.057707711026792584, "Uric Acid_min": -0.07110066771002764, "Bicarbonate_max": -0.07268246556071077, "MCHC_min": -0.11359119392271406, "Temperature_min": -0.15956859994360548, "Albumin_max": -0.1806557706919225, "Calcium, Total_min": -0.2229541798719296, "Albumin_min": -0.28080552330743713}