{"pH_max": 0.6604054652938278, "Lactate_min": 0.2208136114798132, "Magnesium_min": 0.171428647342378, "Temperature_max": 0.1444353842985187, "Lactate_max": 0.13128910404480662, "Phenytoin_min": 0.09837564601521709, "MCH_min": 0.09224748295845005, "Anion Gap_min": 0.09180510177507911, "INR(PT)_min": 0.07378933676078422, "Sodium_max": 0.07227461862840463, "PT_min": 0.053220910118447415, "RDW_max": 0.04699145157228623, "White Blood Cells_min": 0.04556250137433724, "Phosphate_max": 0.037287463867396294, "Free Calcium_min": 0.03682303509245958, "pCO2_max": 0.03555150380827057, "CK-MB Index_min": 0.03449460376084061, "Urea Nitrogen_min": 0.02545375901386614, "Required O2_min": 0.020934208879004663, "Calcium, Total_max": 0.019124644029767338, "Metamyelocytes_max": 0.01845457696842536, "MCV_max": 0.018115951431413944, "Magnesium_max": 0.017250395073699378, "Potassium, Whole Blood_min": 0.014939485086172748, "Glucose_min": 0.01480397686075326, "Osmolality, Measured_max": 0.014371344826727448, "Bilirubin, Total_max": 0.012487780845283751, "Oxygen_min": 0.010620892107039768, "PTT_min": 0.00987589243450569, "Oxygen_max": 0.007459615052954646, "Potassium_max": 0.006445025047848076, "Vancomycin_max": 0.004402284079658673, "Specific Gravity_min": 0.00396644354301488, "O2 Flow_min": 0.002504377104342469, "Bands_max": 0.002034984988520189, "PTT_max": 0.0017443514530215481, "pO2_min": 0.0016793410050980027, "Asparate Aminotransferase (AST)_min": 0.0015683010035086238, "Neutrophils_min": 0.001391548317166574, "Creatine Kinase, MB Isoenzyme_min": 0.0013033753098884956, "PT_max": 0.0012062395734041649, "Osmolality, Urine_max": 0.00085718483553053, "Fibrinogen, Functional_max": 0.00026501281271259917, "Platelet Count_min": 0.00020029557548490313, "WBC_max": 0.00012419846792719754, "Creatine Kinase (CK)_min": 8.104481248084427e-05, "Alkaline Phosphatase_max": 1.8854865457527807e-05, "Oxygen Saturation_max": -7.448119155584674e-05, "Alanine Aminotransferase (ALT)_max": -8.830488074779344e-05, "Creatinine, Urine_max": -8.987384530091006e-05, "Lipase_max": -0.00017493147585397392, "Vitamin B12_max": -0.00017658103223759777, "Glucose_max": -0.00022503866549445706, "pO2_max": -0.0002977642310519538, "O2 Flow_max": -0.00030564864891378815, "Urea Nitrogen_max": -0.00045710236908697005, "Lipase_min": -0.0005241436421761464, "Sodium, Urine_max": -0.0006321761364313315, "White Blood Cells_max": -0.000635407994705259, "Tidal Volume_min": -0.0007167904173129925, "Tidal Volume_max": -0.0009165713510867816, "Monocytes_max": -0.0015390691571107319, "Creatine Kinase, MB Isoenzyme_max": -0.0017204053099932456, "PEEP_max": -0.002031495863520664, "Alveolar-arterial Gradient_min": -0.00218659497348846, "Platelet Count_max": -0.0025940434798092426, "Oxygen Saturation_min": -0.003022998861573372, "Sodium, Urine_min": -0.0033499975019232616, "pCO2_min": -0.0033927036899413865, "Free Calcium_max": -0.0037371799155015138, "Base Excess_min": -0.004735012948864608, "Ketone_min": -0.005075327759566033, "MCV_min": -0.006663032976495225, "Neutrophils_max": -0.007696041506163807, "Chloride, Whole Blood_max": -0.010690252063560468, "Chloride, Whole Blood_min": -0.010825778660141255, "Creatinine_max": -0.011059010933186614, "Chloride_max": -0.012627666765372452, "Troponin T_max": -0.015712857052932197, "Osmolality, Measured_min": -0.016390204219788585, "Bicarbonate_min": -0.017074131378229798, "Eosinophils_max": -0.028553461378301667, "Calculated Total CO2_min": -0.03042423150604064, "Sodium_min": -0.031017255751663357, "Monocytes_min": -0.034335731347427845, "Hematocrit_min": -0.03478783696464143, "Bilirubin, Total_min": -0.035884510389122735, "Potassium_min": -0.03885536305125233, "RDW_min": -0.04367912159570089, "Lymphocytes_min": -0.04808053439591208, "Red Blood Cells_max": -0.07671869890256366, "Bicarbonate_max": -0.08347556749187003, "Phosphate_min": -0.10669524961212988, "MCH_max": -0.12203740028723595, "MCHC_max": -0.12971152037261993, "Eosinophils_min": -0.13886919112912127, "Albumin_max": -0.14202493899395563, "Temperature_min": -0.2321344966703714, "Potassium, Whole Blood_max": -0.274420167024761, "Albumin_min": -0.7044951745823858}