{"pH_max": 0.31620768428749774, "Lactate_max": 0.15828137276543877, "Lactate_min": 0.15697839826612792, "Phenytoin_min": 0.1557329254864832, "Anion Gap_min": 0.11974001171282794, "Sodium_max": 0.08868098592273904, "Phosphate_max": 0.07013008101607258, "Temperature_max": 0.06048849292348156, "PT_min": 0.054608741342259556, "White Blood Cells_min": 0.05449147023476412, "Hematocrit, Calculated_min": 0.04594090540838636, "Bilirubin, Total_max": 0.04055494203393641, "Metamyelocytes_max": 0.04023659112944942, "pCO2_max": 0.037950395865921444, "Atypical Lymphocytes_max": 0.03251972003372963, "Vancomycin_min": 0.028749778114310443, "Urea Nitrogen_min": 0.027204083290898413, "Red Blood Cells_max": 0.026202014055495625, "Magnesium_max": 0.024616013366938753, "MCV_min": 0.022419309745543226, "Basophils_max": 0.021547264255731932, "CK-MB Index_max": 0.019610010647841083, "PTT_min": 0.0168314483895547, "PEEP_min": 0.015990752642063608, "Osmolality, Measured_max": 0.01497506780385938, "Required O2_max": 0.013204549124968034, "Glucose_min": 0.012675164908013643, "Bands_min": 0.01153719937150046, "INR(PT)_min": 0.011266905870811228, "Oxygen_max": 0.01017758890936393, "Oxygen_min": 0.009463146133552062, "CK-MB Index_min": 0.0088553590837699, "Magnesium_min": 0.00841569128908524, "RDW_min": 0.008338670669531404, "Hematocrit_min": 0.0075325574725779686, "MCV_max": 0.007336533025087537, "INR(PT)_max": 0.007074310969059096, "Potassium, Urine_max": 0.006227296409934233, "Neutrophils_min": 0.005940568741941919, "Cortisol_max": 0.0038575596925762676, "Vancomycin_max": 0.0028915796105931173, "pO2_min": 0.002210105576846764, "Asparate Aminotransferase (AST)_min": 0.002127868999913498, "O2 Flow_min": 0.001972624987365258, "PT_max": 0.0016710068578650267, "Epithelial Cells_max": 0.0010897485310620134, "Free Calcium_min": 0.000952444037387322, "Creatinine, Urine_max": 0.0009362308791567066, "Lymphocytes_max": 0.0007656114747580006, "Amylase_min": 0.0007272678102725374, "Urea Nitrogen_max": 0.0006849201592578925, "Lactate Dehydrogenase (LD)_min": 0.0006089386578932768, "Cholesterol, Total_min": 0.0005570530187287661, "Vitamin B12_min": 0.0004809060025891436, "Specific Gravity_min": 0.0004107642563971756, "RBC_max": 0.0003540040331834282, "Fibrinogen, Functional_min": 0.0002520790950004622, "Fibrinogen, Functional_max": 0.00014027874352456521, "Creatine Kinase (CK)_min": 8.009487241920027e-05, "Osmolality, Urine_min": 7.355147508358859e-05, "Asparate Aminotransferase (AST)_max": 6.407674964648835e-05, "Lactate Dehydrogenase (LD)_max": 5.28337709848223e-05, "Platelet Count_min": 3.675237608395693e-05, "WBC_min": 3.274139542582419e-05, "Ferritin_min": 4.868217854254947e-06, "Lipase_max": 3.1993049242431832e-06, "Creatine Kinase (CK)_max": -1.2749453124560076e-05, "WBC_max": -8.564791255173805e-05, "Glucose_max": -0.00018306084089759345, "Alanine Aminotransferase (ALT)_max": -0.0002694842538075178, "Alveolar-arterial Gradient_min": -0.00030671995615174714, "Alkaline Phosphatase_min": -0.0003630123555765748, "Amylase_max": -0.0003888256369802341, "White Blood Cells_max": -0.0004190650912195392, "Vitamin B12_max": -0.0005162202211687253, "Protein_min": -0.0005354973471930218, "Alveolar-arterial Gradient_max": -0.0006417445009024419, "Tidal Volume_min": -0.0006448044912873688, "Triglycerides_max": -0.0007464812806332589, "pO2_max": -0.0008818680112627743, "Tidal Volume_max": -0.0010329228239634863, "Alanine Aminotransferase (ALT)_min": -0.0011673803692896407, "Creatinine_max": -0.0012471088102074548, "Creatine Kinase, MB Isoenzyme_max": -0.001370497826578546, "Platelet Count_max": -0.002223205169210284, "Oxygen Saturation_min": -0.002280086829661408, "Monocytes_max": -0.002486520246587585, "Cholesterol, LDL, Calculated_max": -0.003280881476335551, "PEEP_max": -0.0063933449121690205, "Base Excess_min": -0.006500352292874803, "Neutrophils_max": -0.006879106666302511, "Sodium_min": -0.0073943673796249285, "Chloride_max": -0.011128159897638256, "Eosinophils_max": -0.011639295033142323, "Calcium, Total_max": -0.012412999570834941, "Chloride, Whole Blood_max": -0.012827678149657117, "Osmolality, Measured_min": -0.01309096777983231, "pCO2_min": -0.01376335448240887, "Hemoglobin_max": -0.01681239399123428, "Hematocrit_max": -0.01722122442459811, "Monocytes_min": -0.017258473747484925, "Thyroid Stimulating Hormone_max": -0.017537813473793448, "Sodium, Whole Blood_max": -0.020723462219612944, "Anion Gap_max": -0.02079885571261929, "Basophils_min": -0.021930911123795662, "Troponin T_max": -0.023450185365475593, "Hematocrit, Calculated_max": -0.02524031336414539, "Free Calcium_max": -0.02703563627614637, "Calculated Total CO2_min": -0.02728591224071147, "Potassium_min": -0.02898144425343408, "Phenytoin_max": -0.029055927474211873, "Chloride_min": -0.033804197956722175, "MCH_max": -0.04323214712639827, "MCHC_min": -0.04552833589800737, "Lymphocytes_min": -0.04567428240604995, "MCHC_max": -0.04732891494791217, "Potassium_max": -0.053364370011967824, "pH_min": -0.06561126792437753, "Bilirubin, Total_min": -0.0815838466350219, "Phosphate_min": -0.08380424589674516, "Eosinophils_min": -0.08591739404774427, "Potassium, Whole Blood_min": -0.08649173556168034, "Bicarbonate_max": -0.09925059596029741, "Hemoglobin_min": -0.13429488208796936, "Uric Acid_min": -0.1351519903146114, "Calcium, Total_min": -0.182525052864051, "Temperature_min": -0.18624718578735702, "Albumin_max": -0.19175493998406612, "Creatinine_min": -0.24104761622322576, "Albumin_min": -0.30458153722439907}