{"pH_max": 0.37429048248454105, "Lactate_min": 0.1843957223638357, "Phenytoin_min": 0.1290893750118405, "Lactate_max": 0.11738701978173377, "Anion Gap_min": 0.08300713231798104, "Temperature_max": 0.08171432775760293, "MCH_min": 0.08064982145146393, "Sodium_max": 0.07571693668992187, "Phosphate_max": 0.07085731508130305, "PT_min": 0.06192901805207239, "RDW_max": 0.0541684424166649, "White Blood Cells_min": 0.04828955522376792, "Hematocrit, Calculated_min": 0.042022628817481984, "Bilirubin, Indirect_min": 0.035242506790646125, "Red Blood Cells_max": 0.03442309843868447, "pCO2_max": 0.030972607696982464, "Required O2_max": 0.029694175684986286, "Urea Nitrogen_min": 0.029355715011320203, "Bilirubin, Total_max": 0.029080242644008013, "Hematocrit_min": 0.027275282759951492, "Calculated Total CO2_max": 0.023092884914705795, "Magnesium_min": 0.022003586009210596, "Osmolality, Measured_max": 0.018478623562385024, "INR(PT)_min": 0.016333563636235254, "Glucose_min": 0.013630492799207224, "Bands_max": 0.011249445707867449, "Oxygen_max": 0.011027037720170668, "Oxygen_min": 0.010291282633325499, "PEEP_min": 0.009805410181586283, "PTT_min": 0.008315295274589433, "Potassium, Urine_max": 0.00794935700033251, "Vancomycin_max": 0.006007317079943938, "Neutrophils_min": 0.00537015949493465, "Basophils_max": 0.003682506421381473, "Lymphocytes_max": 0.0032926860810741157, "Free Calcium_min": 0.0029309791099186903, "Polys_min": 0.002929177129732196, "PTT_max": 0.002210900297503499, "pO2_min": 0.0021390053804599516, "Polys_max": 0.001266835132204377, "Cortisol_min": 0.0011766190907130725, "Amylase_min": 0.001050247117744055, "Specific Gravity_max": 0.0010195560257670053, "Asparate Aminotransferase (AST)_min": 0.0009849587984688117, "Lactate Dehydrogenase (LD)_min": 0.000621631572874761, "Platelet Count_min": 0.0004391838470428289, "Cortisol_max": 0.00042386035087893097, "Specific Gravity_min": 0.0003657180248032374, "Fibrinogen, Functional_min": 0.0003004378237751447, "RBC_max": 0.00022849722260401013, "Alkaline Phosphatase_max": 0.00015520841561703061, "Lactate Dehydrogenase (LD)_max": 9.262298886758223e-05, "Asparate Aminotransferase (AST)_max": 7.577709174172724e-05, "Ferritin_max": -1.792783638418628e-06, "Creatine Kinase (CK)_max": -9.841021899162814e-06, "Oxygen Saturation_max": -4.5811820512642394e-05, "Fibrinogen, Functional_max": -6.340229882667338e-05, "Sodium, Urine_max": -9.06360545642494e-05, "Glucose_max": -0.00010096071907741477, "Urea Nitrogen, Urine_min": -0.0002621251367455769, "Alanine Aminotransferase (ALT)_max": -0.0003247797258167622, "Iron_max": -0.0003296205283630991, "pO2_max": -0.00043543552758495394, "Amylase_max": -0.0004778382471240313, "Alkaline Phosphatase_min": -0.0005130936858032556, "Tidal Volume_min": -0.0006069877617229508, "Tidal Volume_max": -0.0009591874282530617, "Protein_max": -0.001056360368236149, "Calcium, Total_max": -0.0010890316704599999, "Nucleated Red Cells_max": -0.0012419166339688473, "Alveolar-arterial Gradient_max": -0.0023599243915641503, "Platelet Count_max": -0.002437963945836769, "White Blood Cells_max": -0.0025346141142821997, "Required O2_min": -0.0027156962534831863, "Urea Nitrogen_max": -0.0027653269258380957, "Chloride, Whole Blood_max": -0.00434843137576493, "PEEP_max": -0.0044381708976026744, "Sodium, Urine_min": -0.0044944196962341506, "Oxygen Saturation_min": -0.005245497369573211, "MCV_max": -0.005672759500430262, "Base Excess_min": -0.0057128554750153744, "MCV_min": -0.0059611039843159895, "Troponin T_min": -0.012124822964499356, "Hematocrit, Calculated_max": -0.014961655746514814, "Hematocrit_max": -0.015116477258145281, "Anion Gap_max": -0.015737624113311977, "pCO2_min": -0.015931970577531242, "Chloride_min": -0.017194530977843597, "Creatinine_max": -0.017225443445968262, "Cholesterol Ratio (Total/HDL)_max": -0.017882174868141962, "Osmolality, Measured_min": -0.018614523518437977, "Red Blood Cells_min": -0.019385340278160357, "Eosinophils_max": -0.021104794365159607, "Sodium, Whole Blood_min": -0.021812384326783656, "Free Calcium_max": -0.022781598328710056, "Chloride_max": -0.022903764123351458, "Potassium_min": -0.023356297668595004, "RDW_min": -0.025956207266361067, "Basophils_min": -0.029104364291088484, "Troponin T_max": -0.030048849691365457, "Hemoglobin_max": -0.030647615954441404, "Lymphocytes_min": -0.03810000409141099, "Epithelial Cells_min": -0.04215803436877062, "Bicarbonate_min": -0.042391883411762685, "Bilirubin, Indirect_max": -0.05045571491192585, "MCHC_min": -0.06689459584132049, "Bilirubin, Total_min": -0.0677100925205101, "Phosphate_min": -0.06913936702974696, "MCHC_max": -0.07863158007093679, "Potassium, Whole Blood_min": -0.08372352173282674, "pH_min": -0.09200554151779541, "Bicarbonate_max": -0.09491298596977124, "Eosinophils_min": -0.10967358298305191, "Uric Acid_min": -0.11543485732575039, "Hemoglobin_min": -0.15814640213786393, "Calcium, Total_min": -0.1747392332750339, "Temperature_min": -0.17748530689647277, "Potassium, Whole Blood_max": -0.1974535480990742, "Albumin_max": -0.2011437780677157, "Albumin_min": -0.3207379835738086}