{"Lactate_min": 0.19236044925271337, "Lactate_max": 0.1555221810813889, "Phenytoin_min": 0.1309397100699226, "Anion Gap_min": 0.11235697671082874, "PT_min": 0.07357793914986269, "Sodium_max": 0.05755500630787841, "Bilirubin, Direct_min": 0.052681465000981864, "Bilirubin, Direct_max": 0.04863213149148822, "Metamyelocytes_min": 0.04846305267270174, "RDW_max": 0.0414988269490859, "Required O2_min": 0.04017149244232228, "Magnesium_max": 0.03168029643011634, "pCO2_max": 0.031065666084115703, "Urea Nitrogen_min": 0.029911868756435946, "Bands_min": 0.029027539841570166, "Vancomycin_min": 0.02508646222599396, "Cholesterol, HDL_min": 0.02357145686709279, "Osmolality, Measured_max": 0.02153922601624173, "CK-MB Index_max": 0.021328718488791174, "Cholesterol Ratio (Total/HDL)_min": 0.02061840037994785, "Cholesterol Ratio (Total/HDL)_max": 0.020123616330365815, "INR(PT)_min": 0.019623102909302092, "Temperature_max": 0.01914697614792804, "Glucose_min": 0.015140256859244744, "Myelocytes_max": 0.014263687346418892, "White Blood Cells_max": 0.013151882187838098, "PTT_min": 0.012440014221727615, "CK-MB Index_min": 0.012417704518064208, "INR(PT)_max": 0.012190723923351193, "PEEP_min": 0.012052249902345222, "Atypical Lymphocytes_max": 0.011019364011921854, "Oxygen_max": 0.010745237771352773, "Oxygen_min": 0.010040463665963086, "Sodium, Whole Blood_min": 0.00913726192561475, "Free Calcium_min": 0.008855779536664922, "Myelocytes_min": 0.008609310285035933, "Epithelial Cells_max": 0.00852791494761038, "Polys_max": 0.005184783406355247, "Thyroid Stimulating Hormone_min": 0.0043007997365439275, "O2 Flow_min": 0.003995992554688909, "Vancomycin_max": 0.003743574796496001, "Asparate Aminotransferase (AST)_min": 0.003426959923154317, "Metamyelocytes_max": 0.003407921185085186, "Alveolar-arterial Gradient_max": 0.0033133329565890406, "Potassium, Urine_max": 0.002992636980456051, "Cortisol_max": 0.002447705828736424, "Cortisol_min": 0.0020861110187089913, "pO2_min": 0.0017514940297984757, "Iron_min": 0.0017074439455803975, "PT_max": 0.0015425753908289493, "Lactate Dehydrogenase (LD)_min": 0.0007436604587240414, "Osmolality, Urine_max": 0.0006129589938500687, "Amylase_min": 0.0005906973832507409, "WBC_max": 0.0005334445203305821, "Fibrinogen, Functional_min": 0.00040095436784277417, "Base Excess_min": 0.0003868134877592701, "Polys_min": 0.0003694440061361888, "Osmolality, Urine_min": 0.00036091527338099027, "Urea Nitrogen_max": 0.00033194466809948587, "RBC_max": 0.00028680532053887577, "Fibrinogen, Functional_max": 0.00014918229296416504, "RBC_min": 0.00011770868032018065, "Lactate Dehydrogenase (LD)_max": 9.256630265977369e-05, "Creatine Kinase (CK)_min": 4.110010315349043e-05, "Ferritin_min": 9.092845428695526e-06, "Alkaline Phosphatase_max": 1.0129149745877875e-06, "Granulocyte Count_max": -6.066290639329527e-07, "Bands_max": -1.7792284105266905e-05, "Vitamin B12_min": -3.3020125322860155e-05, "Granulocyte Count_min": -4.5761504522968004e-05, "Asparate Aminotransferase (AST)_max": -9.43903110291906e-05, "Creatine Kinase, MB Isoenzyme_min": -0.0001118546041770817, "WBC_min": -0.00022707780933560806, "Amylase_max": -0.00034538311016650867, "Potassium, Urine_min": -0.0003534972303969379, "Protein_min": -0.00044749379347536314, "Alkaline Phosphatase_min": -0.0005106875344804934, "Urea Nitrogen, Urine_min": -0.000547290148416243, "Protein_max": -0.0005669377093087673, "Tidal Volume_max": -0.0006058878360118352, "Triglycerides_max": -0.0006175446659234579, "Oxygen Saturation_max": -0.0008264850651650487, "Tidal Volume_min": -0.0008766331382602778, "Lipase_min": -0.0009847300260496109, "Nucleated Red Cells_max": -0.0011936341001521648, "Alanine Aminotransferase (ALT)_min": -0.0014612327030546154, "Creatine Kinase, MB Isoenzyme_max": -0.001604624601696386, "Iron Binding Capacity, Total_min": -0.0035470864905448735, "Cholesterol, HDL_max": -0.0036379714665045948, "O2 Flow_max": -0.0037797771404099612, "Sodium, Urine_min": -0.004357308103135474, "Cholesterol, Total_min": -0.004627338308283679, "PEEP_max": -0.005383295163931591, "Alveolar-arterial Gradient_min": -0.005520144177144038, "Monocytes_max": -0.005891967732068681, "Base Excess_max": -0.00644845476958277, "pCO2_min": -0.009196996024202797, "Thyroid Stimulating Hormone_max": -0.0145475914322881, "Calculated Total CO2_min": -0.015165584939610184, "tacroFK_max": -0.016039678687319387, "Chloride, Whole Blood_min": -0.016126566490603175, "Required O2_max": -0.017301488479193584, "Anion Gap_max": -0.018816943866920777, "Uric Acid_max": -0.02059364546482001, "Osmolality, Measured_min": -0.024563214727033007, "Sodium, Whole Blood_max": -0.026850120609928935, "Phosphate_max": -0.027315662255105864, "Protein, Total_max": -0.027753825292744637, "Troponin T_min": -0.028070350860797583, "Phenytoin_max": -0.037179323095779364, "Protein, Total_min": -0.03757676664208443, "Epithelial Cells_min": -0.04983096919763598, "Bicarbonate_min": -0.060622348732421366, "Uric Acid_min": -0.08161143558759575, "Calcium, Total_max": -0.08642173582146852, "Monocytes_min": -0.09210495291695399, "MCHC_min": -0.1252359296709374, "Temperature_min": -0.1917139000662754, "Albumin_max": -0.2021229307009222, "Albumin_min": -0.2941524508875572}