{"Lactate_min": 0.2110777551534581, "Temperature_max": 0.18177542055807258, "Lactate_max": 0.12799547984228243, "Phenytoin_min": 0.10663179609179313, "Anion Gap_min": 0.07893349828019644, "Sodium_max": 0.07691474957587406, "PT_min": 0.052480807217332795, "White Blood Cells_min": 0.046588844939845546, "pCO2_max": 0.03580904387230448, "Phosphate_max": 0.024485806119224338, "RDW_max": 0.022870069253133583, "Bilirubin, Total_max": 0.022030759456771444, "INR(PT)_min": 0.021153284623279898, "Urea Nitrogen_min": 0.020927886755102966, "Osmolality, Measured_max": 0.0180786997848807, "Glucose_min": 0.013369642871905304, "Oxygen_min": 0.011699605239189571, "INR(PT)_max": 0.010316435740981688, "PTT_min": 0.009461883427355976, "Bands_max": 0.008370947364903134, "Oxygen_max": 0.007972796888442523, "Potassium, Urine_max": 0.007897546233437204, "Lymphocytes_max": 0.00352583547230996, "Neutrophils_max": 0.0027875253948922572, "pO2_min": 0.0022341916826984784, "PTT_max": 0.0020186458725915805, "White Blood Cells_max": 0.0012202600420994339, "Creatinine, Urine_max": 0.0010272080862686588, "Asparate Aminotransferase (AST)_min": 0.0008743245406762054, "Fibrinogen, Functional_min": 0.0005442227623695842, "Lactate Dehydrogenase (LD)_min": 0.0005408958049315938, "Chloride_max": 0.0004598077033099603, "Creatine Kinase (CK)_min": 5.597625389518101e-05, "Lactate Dehydrogenase (LD)_max": 4.074294244518325e-05, "Creatine Kinase (CK)_max": -1.879975997692897e-05, "Glucose_max": -5.744773498683361e-05, "Oxygen Saturation_max": -7.535017151436216e-05, "Urea Nitrogen, Urine_max": -8.947102906665688e-05, "Platelet Count_min": -0.00017252883446360957, "Urea Nitrogen_max": -0.00017257110441727474, "Tidal Volume_min": -0.0009435355198255351, "Tidal Volume_max": -0.00098996854722597, "pO2_max": -0.0010491691548859391, "Sodium, Urine_max": -0.001128278723234906, "Platelet Count_max": -0.0023327403026319, "Base Excess_min": -0.0030158080172622576, "Hematocrit, Calculated_max": -0.005385882371239369, "Sodium, Whole Blood_min": -0.008790270880326412, "Creatinine_max": -0.010085898543778143, "Chloride, Whole Blood_min": -0.012169777201146122, "RDW_min": -0.012543119209694847, "pCO2_min": -0.014579064107880218, "Calculated Total CO2_min": -0.016768386190810895, "Bicarbonate_min": -0.018353872830852113, "Osmolality, Measured_min": -0.018769289391938466, "Sodium_min": -0.019224119233458403, "Chloride_min": -0.02061517619991863, "Hematocrit_max": -0.022487562068244763, "Calcium, Total_max": -0.03557127740883865, "Bilirubin, Total_min": -0.04414679854655479, "Lymphocytes_min": -0.04905804958636279, "Potassium_max": -0.05223612416612988, "Eosinophils_max": -0.054300780632171225, "Potassium_min": -0.060581918309565344, "Bicarbonate_max": -0.07453909359130102, "MCHC_max": -0.11873037028927626, "Red Blood Cells_min": -0.1910399829689789, "Temperature_min": -0.22147871963880655, "Albumin_max": -0.2885478368621211, "Albumin_min": -0.5239097677719646}