{"pH_max": 0.3858643827168577, "Lactate_min": 0.21619013119996386, "Phenytoin_min": 0.1450406494407946, "Lactate_max": 0.138543576828359, "Anion Gap_min": 0.12630093857750418, "MCH_min": 0.09513889032289637, "Sodium_max": 0.06634986001871898, "Phosphate_max": 0.0657684184156949, "Temperature_max": 0.06066477039688212, "PT_min": 0.05336352874667056, "Myelocytes_max": 0.05284024241853972, "Red Blood Cells_max": 0.05107766182010414, "White Blood Cells_min": 0.0428135648357843, "RDW_max": 0.04157738826974905, "pCO2_max": 0.03462283305074044, "Urea Nitrogen_min": 0.03024638321875827, "PTT_min": 0.015476044585635692, "Osmolality, Measured_max": 0.01434701086514299, "INR(PT)_min": 0.013847780682140797, "Glucose_min": 0.013057083377810419, "Calculated Total CO2_max": 0.012583620122757825, "Required O2_max": 0.011073647319149147, "Oxygen_min": 0.010796934104523037, "Base Excess_max": 0.008321579157007005, "Potassium, Urine_max": 0.008307993835079137, "Oxygen_max": 0.007729600456757901, "Neutrophils_min": 0.005745024768886874, "Lymphocytes_max": 0.004792484914703233, "White Blood Cells_max": 0.003257877224651348, "Free Calcium_min": 0.0023317458387592583, "pO2_min": 0.0019010975133565014, "Asparate Aminotransferase (AST)_min": 0.0010574303158804972, "Specific Gravity_min": 0.0008213754110275765, "Lactate Dehydrogenase (LD)_min": 0.0006084334907080747, "Fibrinogen, Functional_min": 0.0003356184249459469, "Chloride_max": 0.00022677433206427143, "Platelet Count_min": 0.00013411115297254535, "Lactate Dehydrogenase (LD)_max": 3.317179389482651e-05, "WBC_max": 2.732728292907081e-05, "Fibrinogen, Functional_max": 1.902934264105871e-05, "Creatine Kinase (CK)_max": -1.6393428884506838e-05, "Granulocyte Count_max": -2.8334423183549282e-05, "Glucose_max": -0.00016681478740648205, "Creatine Kinase, MB Isoenzyme_max": -0.000329907516785375, "Alveolar-arterial Gradient_max": -0.0005859904546632081, "Alkaline Phosphatase_min": -0.0006700060751436969, "pO2_max": -0.0009971224682691821, "Tidal Volume_min": -0.0010688786765216697, "Basophils_max": -0.0013732541449649044, "Platelet Count_max": -0.002516218614171389, "Iron Binding Capacity, Total_min": -0.002835626127977369, "PEEP_max": -0.003916692820165885, "RDW_min": -0.004349389896680013, "Osmolality, Measured_min": -0.013695618050882201, "Chloride_min": -0.013818510908224182, "MCV_max": -0.014656245726742456, "Base Excess_min": -0.014870501106099623, "Thyroid Stimulating Hormone_min": -0.015183514826368922, "Bilirubin, Total_min": -0.018106482755524466, "pCO2_min": -0.019089089844846256, "Sodium_min": -0.0212927691500188, "Hematocrit_max": -0.02260505726735541, "Hematocrit_min": -0.0276000183704679, "Troponin T_max": -0.027966180883194906, "Potassium_min": -0.030428054775526993, "Red Blood Cells_min": -0.03448655598076893, "Potassium_max": -0.04095197155217911, "Bilirubin, Indirect_max": -0.047036255301403235, "Lymphocytes_min": -0.04859511942520557, "Basophils_min": -0.048735680354376816, "Calcium, Total_max": -0.07674330490330891, "pH_min": -0.08048369075987791, "Phosphate_min": -0.08549035872934885, "Bicarbonate_max": -0.09393550555772004, "MCHC_min": -0.12020599668395524, "MCHC_max": -0.12085022391515766, "Temperature_min": -0.20235648314704624, "Albumin_max": -0.21372942114504187, "Creatinine_min": -0.32484546592758556, "Albumin_min": -0.33361677118185246}