{"Lactate_min": 0.211847544870847, "Lactate_max": 0.14383646516337095, "Anion Gap_min": 0.07900999440381748, "PT_min": 0.06330324732999437, "Sodium_max": 0.049254717060554544, "RDW_max": 0.04529944678350016, "White Blood Cells_min": 0.03983414263266827, "pCO2_max": 0.03596865520363294, "Urea Nitrogen_min": 0.026233756534398352, "Glucose_min": 0.013353648399783837, "Oxygen_max": 0.012061800101581158, "PTT_min": 0.009893432187583996, "Calcium, Total_max": 0.009492449143895746, "Required O2_max": 0.0054575588778664925, "Lymphocytes_max": 0.004850653992888294, "PT_max": 0.0028080043600558252, "pO2_min": 0.0024130672440122324, "Potassium_max": 0.0018109500952183894, "PTT_max": 0.001375266759716668, "Asparate Aminotransferase (AST)_min": 0.0008897393681428404, "Lactate Dehydrogenase (LD)_min": 0.0006840681840672184, "Lactate Dehydrogenase (LD)_max": 3.0068384156209658e-05, "Creatine Kinase (CK)_min": -1.4315777049838063e-06, "Glucose_max": -5.214952203327546e-06, "Alkaline Phosphatase_min": -0.00029186870198834536, "Platelet Count_min": -0.0004606855385017617, "pO2_max": -0.0010556403977195867, "Tidal Volume_min": -0.0013213243795498564, "Platelet Count_max": -0.0017226132678632424, "Osmolality, Measured_max": -0.001770528210380854, "Base Excess_min": -0.004029202506135698, "Creatinine_max": -0.006348314043779806, "pCO2_min": -0.012815495067670709, "Albumin_max": -0.040953379879226516, "Lymphocytes_min": -0.05947368169881515, "Eosinophils_max": -0.061864533028874194, "Bicarbonate_max": -0.08135662354437113, "Potassium_min": -0.231129470044387, "Temperature_min": -0.26664652717399273, "Albumin_min": -0.911614135793224}