{"Lactate_min": 0.19009366244258033, "Lactate_max": 0.17928278327786024, "Phenytoin_min": 0.15443245007479103, "PT_min": 0.061697823726173086, "Sodium_max": 0.05703595107688239, "Bilirubin, Direct_min": 0.052938243234486614, "Vancomycin_min": 0.039358384075615496, "Bilirubin, Direct_max": 0.035694523838665455, "Myelocytes_max": 0.03335822805301407, "Urea Nitrogen_min": 0.03257755562540842, "pCO2_max": 0.03148025511118122, "Metamyelocytes_min": 0.029315383569203247, "Calculated Total CO2_min": 0.029213756430565407, "CK-MB Index_min": 0.026831539478678706, "Atypical Lymphocytes_max": 0.022608142358784677, "PTT_min": 0.019528816714278224, "Cholesterol Ratio (Total/HDL)_min": 0.018497040313033997, "Bands_min": 0.01840756199222023, "Magnesium_max": 0.01658883304610182, "Cholesterol Ratio (Total/HDL)_max": 0.01648929756996105, "Glucose_min": 0.016116446605215756, "White Blood Cells_max": 0.015559569004688176, "Osmolality, Measured_max": 0.014205162684993694, "Oxygen_max": 0.01386639576131113, "Anion Gap_max": 0.01295303954365354, "Metamyelocytes_max": 0.011488097542090266, "Cholesterol, HDL_max": 0.011458329343359679, "INR(PT)_min": 0.011458042799058097, "CK-MB Index_max": 0.010038298476355872, "PEEP_min": 0.008013996851808577, "Base Excess_max": 0.007491765602295658, "Phosphate_max": 0.007382228794716543, "Bands_max": 0.0070241205821867355, "Epithelial Cells_max": 0.006962393925044757, "Polys_max": 0.006472385843494903, "Potassium, Urine_max": 0.005717952173373358, "Iron_min": 0.0053583944765501065, "Free Calcium_min": 0.0033524593944438516, "PT_max": 0.003266526282990905, "Temperature_max": 0.003157355467071337, "Required O2_max": 0.0026276524614019504, "Cortisol_max": 0.0026068079746945838, "Creatinine, Urine_max": 0.0025105551212500922, "Asparate Aminotransferase (AST)_min": 0.0022584476828990544, "Thyroid Stimulating Hormone_min": 0.002135349762904476, "Urea Nitrogen_max": 0.001994494894959808, "pO2_min": 0.0018020525199291442, "Osmolality, Urine_max": 0.0017993818069509861, "Cortisol_min": 0.0014598932497861116, "Vancomycin_max": 0.0009835221986165472, "Alveolar-arterial Gradient_max": 0.0009122532238743306, "Fibrinogen, Functional_min": 0.0008042197315727235, "Lactate Dehydrogenase (LD)_min": 0.000780870887250631, "Amylase_min": 0.000625553106719132, "RBC_max": 0.0004658000747101427, "WBC_max": 0.0003063756100518627, "Alkaline Phosphatase_max": 0.0002139856952270313, "WBC_min": 0.00017907662365650778, "Lactate Dehydrogenase (LD)_max": 9.879265803257102e-05, "Creatine Kinase (CK)_min": 9.518270723849196e-05, "Asparate Aminotransferase (AST)_max": 5.878576119733433e-05, "Ferritin_max": -1.245390953939929e-07, "Ferritin_min": -6.221267530577961e-06, "Granulocyte Count_max": -6.40236025618127e-06, "Granulocyte Count_min": -1.97774021969318e-05, "O2 Flow_min": -2.3467049982491982e-05, "Creatine Kinase (CK)_max": -3.243944976883239e-05, "Urea Nitrogen, Urine_max": -3.9940034472949615e-05, "RBC_min": -6.0932978415934554e-05, "Fibrinogen, Functional_max": -0.00015993635710026611, "Alanine Aminotransferase (ALT)_max": -0.0003102560038222389, "Specific Gravity_min": -0.000339369095066896, "Amylase_max": -0.0003829186337195551, "Polys_min": -0.0004803380167331669, "Oxygen Saturation_max": -0.0004942128110808518, "Triglycerides_min": -0.0005542351570748679, "Triglycerides_max": -0.0005685579087712843, "Alkaline Phosphatase_min": -0.0006107653172934806, "INR(PT)_max": -0.0006484364866143406, "Tidal Volume_min": -0.0006914359732603407, "Urea Nitrogen, Urine_min": -0.0007172669507533832, "Osmolality, Urine_min": -0.0007629022080874251, "Alanine Aminotransferase (ALT)_min": -0.0009268449788697386, "Protein_min": -0.0009523727928527437, "Creatine Kinase, MB Isoenzyme_min": -0.0009816296708273161, "Lipase_min": -0.0010186810589408058, "O2 Flow_max": -0.001177390765825672, "Tidal Volume_max": -0.0012087871289139158, "Sodium, Urine_min": -0.001316852045858842, "PEEP_max": -0.0014356346546194208, "Nucleated Red Cells_max": -0.0017412975149203292, "Iron_max": -0.002317532931527735, "Bicarbonate_min": -0.003107483497509474, "Cholesterol, Total_max": -0.003290955844432416, "Creatinine, Urine_min": -0.004158628069891235, "Sodium, Urine_max": -0.004432849639794356, "Phenytoin_max": -0.007873067709898759, "Base Excess_min": -0.010245591846554783, "Osmolality, Measured_min": -0.013270828940435577, "Sodium, Whole Blood_max": -0.016662110112534597, "Protein, Total_max": -0.022028286432845115, "Thyroid Stimulating Hormone_max": -0.023681446981901586, "pCO2_min": -0.0237410834415773, "Protein, Total_min": -0.026967001743679796, "tacroFK_max": -0.027418987181532933, "Calcium, Total_max": -0.043081823112426275, "Troponin T_min": -0.043428795541793734, "Uric Acid_max": -0.045953447123000535, "Epithelial Cells_min": -0.06003803288217925, "Uric Acid_min": -0.06750306471649967, "Bicarbonate_max": -0.09983652772648674, "Albumin_max": -0.15296898259667305, "Temperature_min": -0.1541160314732709, "MCHC_min": -0.1785429729440176, "Calcium, Total_min": -0.19990886253356555, "Albumin_min": -0.2178013229517928}