{"Lactate_min": 0.20754868546034233, "Lactate_max": 0.1638211338280821, "Anion Gap_min": 0.09845431164232515, "PT_min": 0.07041539591916923, "Sodium_max": 0.05535738259559676, "White Blood Cells_min": 0.04127190318913488, "pCO2_max": 0.03829328196629687, "Urea Nitrogen_min": 0.023695038625270528, "PTT_min": 0.015582621933016792, "Glucose_min": 0.013200470877196715, "pO2_min": 0.0024582735629853766, "Urea Nitrogen_max": 0.0016307438004444915, "Glucose_max": 8.32815794661558e-05, "Lactate Dehydrogenase (LD)_max": 5.252595636143925e-05, "Creatine Kinase (CK)_min": 4.7609761141487326e-05, "Neutrophils_max": -0.0004316164478263681, "Platelet Count_min": -0.000598161448310097, "pO2_max": -0.0012032069964079174, "Tidal Volume_min": -0.0012250133076570219, "Osmolality, Measured_max": -0.0015503948258639183, "Specific Gravity_max": -0.0017369256455689037, "Platelet Count_max": -0.0019936185964062663, "Base Excess_min": -0.006607167774214813, "Creatinine_max": -0.008271465296884006, "pCO2_min": -0.018075176916562574, "Lymphocytes_min": -0.0609176811464653, "Bicarbonate_max": -0.06957864409836598, "Potassium_min": -0.17125470378132207, "Temperature_min": -0.24622862763132689, "Albumin_min": -1.012571080476003}