{"pH_max": 0.4393985760017675, "Lactate_min": 0.20194623184722818, "Lactate_max": 0.14509736945852975, "Temperature_max": 0.10150335258197832, "MCH_min": 0.09763424340734506, "Bilirubin, Direct_min": 0.0951486863868895, "Anion Gap_min": 0.07949819753468171, "Sodium_max": 0.0679082065042521, "White Blood Cells_min": 0.047453837523083076, "PT_min": 0.04719352734162318, "Calculated Total CO2_max": 0.04104882524385504, "Phosphate_max": 0.03768685692428073, "Myelocytes_max": 0.036990605855504205, "pCO2_max": 0.02983043113363688, "Basophils_max": 0.02914511663114011, "Magnesium_max": 0.024636492017721476, "Urea Nitrogen_min": 0.023933280296905786, "INR(PT)_min": 0.021362683126459572, "Osmolality, Measured_max": 0.016151617294017206, "Glucose_min": 0.014592933736241476, "PTT_min": 0.013682699987164147, "RDW_max": 0.013000123638401681, "Potassium_max": 0.012910137756722898, "Oxygen_max": 0.011618400367481357, "Bilirubin, Total_max": 0.010585952622116474, "Potassium, Urine_max": 0.005452691440914196, "Phenytoin_max": 0.0042950904307976975, "Polys_min": 0.003669937807404837, "Lymphocytes_max": 0.0035393296073223633, "Specific Gravity_max": 0.0032405913373994913, "pCO2_min": 0.0029298378395051254, "Neutrophils_min": 0.0027798424530523403, "pO2_min": 0.002469196253755348, "Asparate Aminotransferase (AST)_min": 0.0017785816632241568, "PTT_max": 0.0016180822212729957, "PT_max": 0.0014760991093911888, "Creatine Kinase, MB Isoenzyme_min": 0.001362240248538836, "Alveolar-arterial Gradient_max": 0.0008282395420913243, "Lactate Dehydrogenase (LD)_min": 0.0006799696760095865, "Creatinine, Urine_max": 0.0004985014712449663, "Sodium, Urine_max": 0.00039134189713310984, "Alkaline Phosphatase_max": 0.00031409608560820047, "Platelet Count_min": 0.00017762958669028067, "Lactate Dehydrogenase (LD)_max": 0.00011769542368844956, "Asparate Aminotransferase (AST)_max": 5.444646368099503e-05, "Creatine Kinase (CK)_min": 2.9159187169907587e-05, "Alveolar-arterial Gradient_min": -9.305221812202886e-06, "Creatine Kinase (CK)_max": -9.305964284831581e-06, "Oxygen Saturation_max": -4.417245056004385e-05, "Glucose_max": -0.00016553408860253804, "Urea Nitrogen_max": -0.0001729935375900796, "Lipase_max": -0.00020561472489942975, "Alanine Aminotransferase (ALT)_max": -0.00033133453472324184, "Oxygen Saturation_min": -0.00043435247406653455, "Tidal Volume_min": -0.00046360807722658923, "Lipase_min": -0.000505757480725931, "pO2_max": -0.0006457811126331181, "Triglycerides_max": -0.0006615429288465242, "Alkaline Phosphatase_min": -0.00083970613884627, "Tidal Volume_max": -0.0011371743018923565, "Chloride_max": -0.0012709298006709862, "Creatine Kinase, MB Isoenzyme_max": -0.001402322213311155, "White Blood Cells_max": -0.0015023759388234175, "Base Excess_min": -0.0018293625020375118, "Platelet Count_max": -0.00235457203124484, "Hematocrit_max": -0.002531681555071306, "Monocytes_max": -0.002560131998492863, "PEEP_max": -0.0027191127115649373, "Anion Gap_max": -0.002743365739897046, "Sodium, Urine_min": -0.0034362009429797944, "Neutrophils_max": -0.0037094651519544433, "Ketone_max": -0.004631865467418777, "Calcium, Total_max": -0.005950697828635725, "Base Excess_max": -0.006420658573852047, "Creatinine_max": -0.007745543475447697, "Sodium_min": -0.010575000307176917, "Potassium_min": -0.014037877939469019, "Sodium, Whole Blood_min": -0.01445819437702479, "Chloride_min": -0.01729988217956862, "Osmolality, Measured_min": -0.019939377232619394, "Bicarbonate_min": -0.020744384370478725, "Eosinophils_max": -0.03574908556600863, "Basophils_min": -0.03632937745396491, "Calculated Total CO2_min": -0.036705608483710156, "Bilirubin, Indirect_max": -0.0429709828445196, "Lymphocytes_min": -0.04313977630267516, "Hemoglobin_max": -0.04775356581003224, "Bilirubin, Total_min": -0.05806411144651569, "MCHC_min": -0.06072047636281042, "MCH_max": -0.06970992865798761, "Hemoglobin_min": -0.08418589734428777, "pH_min": -0.08877234726961589, "MCHC_max": -0.09546328378918588, "Phosphate_min": -0.09837807325499874, "Bicarbonate_max": -0.10816785501550609, "Eosinophils_min": -0.13638476369517932, "Temperature_min": -0.15947484360664732, "Albumin_max": -0.21433725512728669, "Potassium, Whole Blood_max": -0.2590612836832415, "Albumin_min": -0.36193375360988617}