{"mca_6": -1.1611510308390656, "Albumin_min": -0.6969612124413708, "Cholesterol, Total_max": -0.4800060884296432, "Osmolality, Measured_min": -0.4343978679505452, "Vitamin B12_max": -0.4067484945122778, "Uric Acid_min": -0.379985256176118, "Tidal Volume_max": -0.30763116837792687, "Required O2_max": -0.29762253180461157, "mca_8": -0.2880053017543911, "Sodium, Whole Blood_max": -0.2631196660601091, "Temperature_min": -0.2523817868548712, "Alanine Aminotransferase (ALT)_max": -0.24088156083976645, "Bicarbonate_min": -0.2337989107442394, "Iron_max": -0.20829691967051842, "Alveolar-arterial Gradient_min": -0.20086896621986047, "Creatinine, Urine_min": -0.19706880283403336, "Phenytoin_max": -0.18659933414784144, "Protein, Total_min": -0.1853193178953027, "Urea Nitrogen, Urine_min": -0.177661773019926, "Thyroid Stimulating Hormone_max": -0.15113864405130722, "Alanine Aminotransferase (ALT)_min": -0.15013572778776324, "Troponin T_min": -0.13636066595968344, "Creatine Kinase, MB Isoenzyme_max": -0.13018329110793525, "Sodium, Urine_min": -0.12996934009891062, "Cholesterol, LDL, Calculated_max": -0.1294993440627453, "Tidal Volume_min": -0.12884192882437723, "Creatine Kinase (CK)_max": -0.12624693360953532, "Chloride, Whole Blood_max": -0.11518663106913413, "Granulocyte Count_min": -0.11211632483775877, "Nucleated Red Cells_max": -0.11005202680955861, "Triglycerides_min": -0.1041353128142442, "Fibrinogen, Functional_max": -0.10151814798581632, "Calculated Total CO2_min": -0.0982353019157896, "Iron Binding Capacity, Total_min": -0.08713362907075785, "Sodium, Urine_max": -0.08626960071791319, "Amylase_max": -0.08429351384041871, "Protein_max": -0.08034410136216188, "Anion Gap_max": -0.0730676483166905, "Lipase_min": -0.06766987004242857, "pCO2_min": -0.06570039569472545, "O2 Flow_max": -0.06416086992412756, "Alkaline Phosphatase_min": -0.06167558086872855, "Triglycerides_max": -0.0573964203502342, "Monocytes_max": -0.056108032947923075, "Albumin_max": -0.05029689548413115, "PEEP_max": -0.04781762130414471, "Metamyelocytes_max": -0.04767441271959844, "Osmolality, Urine_min": -0.046643337770232676, "Granulocyte Count_max": -0.037959934940791834, "Creatinine_max": -0.036335132773325896, "Oxygen Saturation_max": -0.03518184689084413, "Cortisol_min": -0.03427383365171848, "Protein_min": -0.03330039227723026, "Calcium, Total_max": -0.029579144108311563, "Base Excess_max": -0.02609434758255664, "Urea Nitrogen, Urine_max": -0.022429181337445737, "Potassium, Urine_min": -0.015433703834694671, "Ferritin_min": -0.01044957779839463, "Myelocytes_min": -0.007879550304734946, "RBC_min": -0.004360244195043511, "Cholesterol, HDL_max": -0.0024788688997285993, "Polys_min": -0.0004796050700445503, "Base Excess_min": 0.0004220957533315191, "WBC_min": 0.0008292841631144902, "Troponin T_max": 0.0015887170621239049, "Phosphate_max": 0.004738551664214226, "Chloride, Whole Blood_min": 0.008394633404274397, "Vancomycin_max": 0.009504033145655027, "Atypical Lymphocytes_max": 0.015633345609496304, "Urea Nitrogen_max": 0.016676334520622314, "mca_7": 0.01783260598199919, "Alkaline Phosphatase_max": 0.020359753312235072, "Bands_max": 0.02524447280060598, "Epithelial Cells_max": 0.026864880791581315, "Creatine Kinase, MB Isoenzyme_min": 0.027527540535233947, "Ferritin_max": 0.031438129268577246, "Thyroid Stimulating Hormone_min": 0.03174960500985525, "PT_max": 0.03198409501903, "RBC_max": 0.03516499876004187, "INR(PT)_max": 0.03613630004719509, "Magnesium_max": 0.036380214856754016, "Metamyelocytes_min": 0.03675522440501941, "WBC_max": 0.037708276436781145, "PT_min": 0.04213149931162769, "Urobilinogen_min": 0.04637304012367522, "Cholesterol Ratio (Total/HDL)_max": 0.05008106058891152, "Nucleated Red Cells_min": 0.05343609503352469, "CK-MB Index_min": 0.05744576784133071, "PEEP_min": 0.06181141159096866, "Sodium, Whole Blood_min": 0.06263382036063139, "Amylase_min": 0.06470562701965768, "Cholesterol Ratio (Total/HDL)_min": 0.06683936003423814, "Creatine Kinase (CK)_min": 0.06856531560146588, "Uric Acid_max": 0.0717368300196168, "Cortisol_max": 0.0771844942053776, "O2 Flow_min": 0.07982107467598325, "Bands_min": 0.0823381199790414, "Creatinine, Urine_max": 0.0875167901889082, "Free Calcium_min": 0.09422107162714419, "CK-MB Index_max": 0.09912910308358813, "PTT_min": 0.11314287379591978, "Asparate Aminotransferase (AST)_max": 0.11606942841643199, "tacroFK_min": 0.11941051596237415, "Myelocytes_max": 0.1211140712174043, "Lactate Dehydrogenase (LD)_max": 0.12226940731726561, "Fibrinogen, Functional_min": 0.12353624964508514, "Bilirubin, Direct_min": 0.1271848754580265, "Temperature_max": 0.13854800083226915, "Potassium, Urine_max": 0.14618008993957424, "White Blood Cells_max": 0.14639656414312807, "Protein, Total_max": 0.17215612684957032, "Bilirubin, Direct_max": 0.17909624530756896, "Required O2_min": 0.1835654240117117, "INR(PT)_min": 0.1961578764729725, "Vancomycin_min": 0.1965082791515807, "Polys_max": 0.20477323749037935, "Osmolality, Urine_max": 0.21238623879484356, "Cholesterol, HDL_min": 0.21338917172376326, "Oxygen_max": 0.25622667536474086, "Lactate_min": 0.269803928080955, "Oxygen_min": 0.2726912234245395, "Sodium_max": 0.28684315179281694, "Iron_min": 0.2972970169866546, "Vitamin B12_min": 0.35158536840951365, "Lactate_max": 0.3857903318490406, "Anion Gap_min": 0.3879244072088764, "Lactate Dehydrogenase (LD)_min": 0.39119226860883655, "Alveolar-arterial Gradient_max": 0.3960648968624033, "Urea Nitrogen_min": 0.41882409461546977, "Cholesterol, Total_min": 0.43100710545822934, "pCO2_max": 0.4848131059970173, "Osmolality, Measured_max": 0.4977104052412696, "Glucose_min": 0.5009613457139125, "mca_1": 0.5967615523377559, "Phenytoin_min": 0.6195954890164215, "Asparate Aminotransferase (AST)_min": 0.8342939309949503}