{"pH_max": 0.3082072883004793, "Lactate_min": 0.1853709988855075, "Lactate_max": 0.1384558167947996, "Anion Gap_min": 0.11489277465176771, "RDW_max": 0.09028583533170699, "Sodium_max": 0.0669847546515017, "Phosphate_max": 0.055423192873119295, "PT_min": 0.054423912185595225, "White Blood Cells_min": 0.03358105623171706, "pCO2_max": 0.032516076654188444, "Calculated Total CO2_max": 0.030784233041837073, "Magnesium_max": 0.02939107105083935, "Urea Nitrogen_min": 0.029335520472241892, "Temperature_max": 0.02574517183597488, "MCV_min": 0.01950314708810019, "Bands_max": 0.017824931253446183, "Osmolality, Measured_max": 0.01593312922626644, "PTT_min": 0.014339147932596857, "Glucose_min": 0.014101803337716318, "INR(PT)_min": 0.013979613496474395, "Oxygen_min": 0.012138458533412728, "INR(PT)_max": 0.009569079082991495, "Oxygen_max": 0.007914731896709555, "Free Calcium_min": 0.007224365923125922, "Lymphocytes_max": 0.0060719913396801795, "Neutrophils_min": 0.005110613064656549, "Bilirubin, Total_max": 0.0050428895226694945, "Polys_max": 0.0046426224422732604, "Neutrophils_max": 0.00421960856958913, "White Blood Cells_max": 0.003909577232105669, "Chloride_max": 0.003061356562296184, "Alveolar-arterial Gradient_max": 0.003047602447382456, "Asparate Aminotransferase (AST)_min": 0.003045131312553375, "Magnesium_min": 0.002704420121069916, "pO2_min": 0.0022687531870026322, "PT_max": 0.001551129650296086, "O2 Flow_max": 0.0009802617786248478, "Lactate Dehydrogenase (LD)_min": 0.0005738290146134065, "Specific Gravity_max": 0.0005163914492297286, "WBC_max": 0.00046796579346439687, "RBC_max": 0.00037637442394014873, "Fibrinogen, Functional_min": 0.00036472770096764246, "Lactate Dehydrogenase (LD)_max": 9.78147352030324e-05, "Creatine Kinase (CK)_min": 5.341548887681001e-05, "Lipase_max": 1.9158711566806195e-06, "Creatine Kinase (CK)_max": -1.6306846089982424e-05, "Asparate Aminotransferase (AST)_max": -6.398675159854864e-05, "Specific Gravity_min": -7.394170515484846e-05, "Glucose_max": -0.00011057475614444217, "Amylase_max": -0.00022172595670029324, "Creatinine, Urine_min": -0.00034695172924490347, "Platelet Count_min": -0.000529887684700681, "Lipase_min": -0.0005866890566812833, "Triglycerides_max": -0.0007585060675901184, "pO2_max": -0.0008680499489800781, "Creatine Kinase, MB Isoenzyme_min": -0.0011361530259128357, "Tidal Volume_min": -0.001262975033531605, "Alanine Aminotransferase (ALT)_min": -0.0015472839766026052, "Oxygen Saturation_min": -0.0018080393678332417, "Platelet Count_max": -0.0019472531097832805, "Iron Binding Capacity, Total_max": -0.0033277883579831222, "Creatinine_max": -0.0035903189217657543, "Sodium, Urine_min": -0.004228510670201768, "Ketone_max": -0.004314880771438543, "Base Excess_max": -0.006259482704390052, "PEEP_max": -0.007257065381399987, "Base Excess_min": -0.01356472071477105, "Required O2_max": -0.013595171841873928, "Calcium, Total_max": -0.015175066066135192, "Osmolality, Measured_min": -0.018548277400528546, "pCO2_min": -0.01896548947634938, "Chloride, Whole Blood_max": -0.01935613629477618, "Sodium_min": -0.02876787327596755, "Lymphocytes_min": -0.04335692139846077, "Potassium_max": -0.04548713531391938, "Potassium_min": -0.04602873933810279, "Eosinophils_max": -0.048485188163056275, "Troponin T_max": -0.05066169005697802, "RDW_min": -0.05332298923433891, "MCH_max": -0.05949115861418565, "Bilirubin, Indirect_max": -0.0689532795558809, "Phosphate_min": -0.0721651909002737, "pH_min": -0.07958818628455348, "Bicarbonate_max": -0.08883172410717222, "MCHC_max": -0.09156482317034857, "Albumin_max": -0.17338903477851414, "Temperature_min": -0.17868454578476464, "Calcium, Total_min": -0.18423995598250423, "Creatinine_min": -0.22201300164829907, "Albumin_min": -0.26465127639880565}