{"Lactate_min": 0.1571807574200434, "Lactate_max": 0.12827671481755112, "Anion Gap_min": 0.09132474547054803, "Sodium_max": 0.0745902329807258, "PT_min": 0.05551164008893952, "White Blood Cells_min": 0.05140606152590761, "MCH_min": 0.043978783439702906, "pCO2_max": 0.03541788570902514, "Vancomycin_min": 0.032845771403645786, "Bilirubin, Total_max": 0.027101763035388513, "Magnesium_max": 0.02605384195076286, "Phosphate_max": 0.02535483160505566, "RDW_max": 0.02468590487626866, "Temperature_max": 0.023422191430147888, "Urea Nitrogen_min": 0.019646213555148142, "INR(PT)_min": 0.01407152531200227, "Bands_max": 0.0133051042565767, "Glucose_min": 0.01313834625973656, "Oxygen_max": 0.012002291998163855, "Chloride_max": 0.009841199403035775, "RDW_min": 0.008590496413758671, "Oxygen_min": 0.008404568650653392, "PTT_min": 0.008085744680733854, "Lymphocytes_max": 0.005092380901144812, "Neutrophils_min": 0.003857545405805483, "Required O2_min": 0.0036008926905063523, "PTT_max": 0.0029037301942628226, "Free Calcium_min": 0.0023809805763345612, "Osmolality, Measured_max": 0.002166111450180648, "pO2_min": 0.0021447547469945092, "Vancomycin_max": 0.0019643907338130345, "Asparate Aminotransferase (AST)_min": 0.0014028118101266846, "Osmolality, Urine_max": 0.001148785416689755, "Creatine Kinase, MB Isoenzyme_min": 0.0008069185147578912, "White Blood Cells_max": 0.000578296670481593, "Lactate Dehydrogenase (LD)_min": 0.0005325788682950518, "RBC_min": 0.0003595049860405185, "PT_max": 0.0003257459994323715, "Amylase_min": 0.00015831297852807156, "Platelet Count_min": 0.00012772358347700052, "Lactate Dehydrogenase (LD)_max": 5.238827063463722e-05, "Creatine Kinase (CK)_min": 5.160204799675342e-05, "Lipase_max": 2.712285894825157e-06, "Granulocyte Count_max": -3.685403391386606e-05, "Glucose_max": -0.0002168238948941687, "Urea Nitrogen, Urine_max": -0.0005001996085676706, "Specific Gravity_max": -0.0005381727319979901, "Alkaline Phosphatase_min": -0.0005760898748764065, "Triglycerides_max": -0.0007269622018489625, "Tidal Volume_max": -0.0007366137301045184, "pO2_max": -0.0010194330797758757, "Tidal Volume_min": -0.0010593292088753022, "Specific Gravity_min": -0.0013433016593110006, "Creatine Kinase, MB Isoenzyme_max": -0.0014218470542863482, "Platelet Count_max": -0.0022012953493092194, "Urea Nitrogen_max": -0.002409300509301849, "Sodium, Urine_min": -0.004812906402562657, "Neutrophils_max": -0.005050477824897104, "Creatinine_max": -0.00959172844625648, "Hematocrit_min": -0.013387051423071622, "Troponin T_max": -0.01370121845501026, "Base Excess_min": -0.014803223880286452, "pCO2_min": -0.015352077845368964, "Eosinophils_max": -0.02273093821990159, "Red Blood Cells_min": -0.023504408187804582, "Potassium_min": -0.02594112421559441, "Hematocrit_max": -0.030674063482180693, "Calcium, Total_max": -0.031236926456787842, "Potassium_max": -0.03402730235915129, "Bilirubin, Total_min": -0.04102420172155138, "Chloride_min": -0.041259490886252956, "Bilirubin, Indirect_max": -0.04538957727062446, "pH_min": -0.055865300957822245, "Lymphocytes_min": -0.05711297839037388, "Eosinophils_min": -0.0787679358084802, "Bicarbonate_max": -0.10431183879063714, "Albumin_max": -0.1658961923241682, "MCHC_min": -0.17326297572053692, "Temperature_min": -0.1782286773203688, "Albumin_min": -0.254472591440947}