{"Lactate_max": 0.1767059960924918, "pH_max": 0.13601117565432658, "Lactate_min": 0.10802849688956186, "Anion Gap_min": 0.10082059330470344, "Bilirubin, Direct_min": 0.0873102505389639, "Phenytoin_min": 0.08482499226296485, "Sodium_max": 0.08464195804389119, "PT_min": 0.056559703410874546, "Hematocrit, Calculated_min": 0.04983548729706178, "White Blood Cells_min": 0.04671258832286818, "Phosphate_max": 0.04647019912658677, "pCO2_max": 0.03681188810488983, "Metamyelocytes_max": 0.03274077258610641, "Atypical Lymphocytes_max": 0.02909921269458511, "Urobilinogen_max": 0.024817827295251487, "Vancomycin_min": 0.024774325028164585, "MCV_min": 0.024661274535247014, "Urea Nitrogen_min": 0.024410362422123407, "RDW_max": 0.02267037331349915, "Bands_min": 0.021915714682337, "Temperature_max": 0.018500159096979867, "CK-MB Index_min": 0.016148686790629696, "Atypical Lymphocytes_min": 0.014805516630245935, "Osmolality, Measured_max": 0.014464659981367157, "PTT_min": 0.0131330125873577, "Glucose_min": 0.01274281085824936, "INR(PT)_min": 0.010562411967465464, "Oxygen_min": 0.009853538409946596, "Oxygen_max": 0.008461050134925876, "CK-MB Index_max": 0.008433441993115678, "Bilirubin, Total_max": 0.006797311546469247, "Required O2_max": 0.006594582696610151, "Potassium, Urine_max": 0.005633925517016033, "Lymphocytes_max": 0.004736925551545701, "Neutrophils_min": 0.004414026965218749, "Vancomycin_max": 0.003785888409909838, "O2 Flow_min": 0.0031508693506317694, "Magnesium_min": 0.0030757424700218017, "PTT_max": 0.0029176396312807253, "Neutrophils_max": 0.0026427586690156686, "Urea Nitrogen_max": 0.0021556530593788755, "pO2_min": 0.002026164495915929, "Basophils_max": 0.001996365688545639, "Osmolality, Urine_max": 0.0011200531209592344, "Iron_min": 0.0011191452400504454, "White Blood Cells_max": 0.0009440512029360948, "Lactate Dehydrogenase (LD)_min": 0.000729696993464952, "Red Blood Cells_max": 0.0006363646557188171, "Alveolar-arterial Gradient_max": 0.0005919595962389258, "Amylase_min": 0.0005858039418528038, "Fibrinogen, Functional_min": 0.0005284700606527327, "INR(PT)_max": 0.0003571922085312594, "WBC_max": 0.0003310202723593121, "Alkaline Phosphatase_max": 0.00027547519999767555, "Creatine Kinase (CK)_min": 0.00011616644005552465, "Lactate Dehydrogenase (LD)_max": 9.573213503430227e-05, "Asparate Aminotransferase (AST)_max": 6.665487364898821e-05, "Lipase_max": 3.1462900254039474e-06, "Creatine Kinase (CK)_max": -5.256759504531806e-06, "Granulocyte Count_max": -1.6827004519188477e-05, "Specific Gravity_max": -4.447978430883829e-05, "WBC_min": -8.66899789637726e-05, "Osmolality, Urine_min": -0.00013033232490047684, "Free Calcium_min": -0.00018102399284053138, "Glucose_max": -0.00018669294971485406, "Oxygen Saturation_max": -0.00023354269525105263, "Alanine Aminotransferase (ALT)_max": -0.0002570865856919877, "Specific Gravity_min": -0.0002844418873287582, "Amylase_max": -0.0002987630211287481, "pO2_max": -0.00038995606134567323, "Alveolar-arterial Gradient_min": -0.0004171349118281239, "Platelet Count_min": -0.0004384231522901002, "Urea Nitrogen, Urine_max": -0.0004700205903365373, "Tidal Volume_max": -0.0006540904962257059, "Creatine Kinase, MB Isoenzyme_max": -0.0007830414175727665, "Alkaline Phosphatase_min": -0.000809552789527212, "Tidal Volume_min": -0.0009254862193647256, "Epithelial Cells_max": -0.0009502272216962706, "Creatinine, Urine_min": -0.0010304746739547175, "Hematocrit_min": -0.0010962689516834188, "Sodium, Urine_max": -0.0015069161098124346, "Oxygen Saturation_min": -0.0019475141767627345, "Platelet Count_max": -0.002189594587198729, "Monocytes_max": -0.00251512110902813, "Base Excess_min": -0.0025195325830122497, "Sodium, Urine_min": -0.002918490266013636, "RDW_min": -0.0034044840043061415, "Transferrin_min": -0.004788752369344462, "Free Calcium_max": -0.007975959143202033, "MCV_max": -0.009536574344635838, "Osmolality, Measured_min": -0.010016679783924166, "Potassium_min": -0.010172138398315147, "Basophils_min": -0.011028868006022725, "Chloride, Whole Blood_min": -0.011028923181307932, "Potassium_max": -0.01193823803047043, "Sodium_min": -0.012476180969318452, "Red Blood Cells_min": -0.012959802630199925, "pCO2_min": -0.013605392796298727, "Sodium, Whole Blood_min": -0.01439724034179172, "Anion Gap_max": -0.015394830052993694, "Calcium, Total_max": -0.015581831017528268, "Thyroid Stimulating Hormone_min": -0.016485729048905846, "Chloride_max": -0.01767844187788363, "pH_min": -0.01893736129165968, "Troponin T_min": -0.02058526132870141, "Bicarbonate_min": -0.022392219083373098, "Calculated Total CO2_min": -0.025320036264343006, "Chloride_min": -0.027747861270662755, "Hematocrit, Calculated_max": -0.029543678132990244, "Phosphate_min": -0.02975202010849607, "Monocytes_min": -0.030844580303467074, "Troponin T_max": -0.03149391270297883, "Eosinophils_max": -0.03169226173104909, "% Hemoglobin A1c_min": -0.03256508517266182, "Potassium, Whole Blood_min": -0.03700273613550903, "Lymphocytes_min": -0.04391265546227778, "Bilirubin, Indirect_min": -0.044871930308554575, "Bilirubin, Total_min": -0.04680472955075313, "Hemoglobin_max": -0.06847588424646132, "Hemoglobin_min": -0.07765130357421847, "MCHC_min": -0.08096535125431732, "MCHC_max": -0.08432642659141304, "Albumin_max": -0.08659012252041773, "Creatinine_min": -0.09038217657077875, "Calcium, Total_min": -0.0913270710614557, "Bicarbonate_max": -0.09242357936911301, "Potassium, Whole Blood_max": -0.0956535510096214, "Temperature_min": -0.1039154851535541, "Albumin_min": -0.12546238700875695, "Creatinine_max": -0.12644795496887845}