{"Lactate_min": 0.19144719466304838, "Lactate_max": 0.14391269840709542, "Sodium_max": 0.06962781479001899, "Anion Gap_min": 0.06907614731008972, "PT_min": 0.06301591507396931, "RDW_max": 0.04670285458692879, "White Blood Cells_min": 0.04097612901855417, "pCO2_max": 0.03637544886868687, "Urea Nitrogen_min": 0.02434459548274432, "Glucose_min": 0.014039174436488583, "PTT_min": 0.012233079784103899, "Oxygen_max": 0.011224539074455137, "Required O2_max": 0.00428467928163356, "Lymphocytes_max": 0.0037849449925556333, "Nucleated Red Cells_min": 0.0032469634786500817, "pO2_min": 0.0023989827192722134, "Asparate Aminotransferase (AST)_min": 0.002065360433764916, "PTT_max": 0.0013059085828252685, "Osmolality, Measured_max": 0.0007847840714954442, "Creatine Kinase (CK)_min": 3.2771830329641275e-05, "Platelet Count_min": -0.00012135711339254158, "Glucose_max": -0.00015604753192734162, "Alkaline Phosphatase_min": -0.00026908684505841753, "Urea Nitrogen_max": -0.0008859225323455131, "pO2_max": -0.001139579990068305, "Tidal Volume_min": -0.0012106591395204683, "Oxygen Saturation_min": -0.00131204262382955, "Platelet Count_max": -0.0022551270313058247, "Base Excess_min": -0.003420675665140877, "Sodium, Urine_min": -0.003770978655067572, "MCV_min": -0.007056688582869458, "pCO2_min": -0.012156434447598584, "Bilirubin, Total_max": -0.01751900644821678, "Bicarbonate_min": -0.021466769682724707, "Chloride_min": -0.036263922510810793, "Eosinophils_max": -0.059966715725707546, "Lymphocytes_min": -0.06014529495843284, "Bicarbonate_max": -0.0930192629152189, "Temperature_min": -0.22526366855593785, "Albumin_min": -0.9937291096391833}