{"pH_max": 0.5996800893638089, "Lactate_min": 0.1828601048937287, "Lactate_max": 0.15223401012813667, "Anion Gap_min": 0.07872377839975109, "PT_min": 0.07155585004594836, "Sodium_max": 0.04825608803614032, "pCO2_max": 0.036165272174780425, "Phosphate_max": 0.029572414019311734, "White Blood Cells_min": 0.029267247200923278, "Urea Nitrogen_min": 0.0269089025521685, "Potassium_max": 0.014009270565283716, "Glucose_min": 0.01318428621624765, "PTT_min": 0.010269267591091319, "Free Calcium_min": 0.010171795664662888, "White Blood Cells_max": 0.008546676989954283, "Asparate Aminotransferase (AST)_min": 0.0017814937082276544, "pO2_min": 0.001729581262023729, "Lactate Dehydrogenase (LD)_min": 0.0006162950515458259, "Creatine Kinase (CK)_max": -2.296945705174013e-05, "Asparate Aminotransferase (AST)_max": -2.9567168326205113e-05, "Platelet Count_min": -0.0004227133091618272, "pO2_max": -0.0007226828150766958, "Platelet Count_max": -0.001873018987990667, "Osmolality, Measured_max": -0.0031629044613711572, "Base Excess_min": -0.010248879400519474, "Lymphocytes_min": -0.06291835927879738, "Bicarbonate_max": -0.09461190311885881, "Potassium_min": -0.23161289161229798, "Temperature_min": -0.3491092632018502, "Albumin_min": -0.8398772230825222}