{"pH_max": 0.5946942722175584, "Lactate_min": 0.18479928518228247, "Lactate_max": 0.12615006795494724, "Anion Gap_min": 0.10686572056156922, "Temperature_max": 0.07944626925529402, "PT_min": 0.06543817696121336, "Sodium_max": 0.06299407174061561, "Red Blood Cells_max": 0.057446012836171435, "White Blood Cells_min": 0.050540080002183456, "Basophils_max": 0.04671291469724653, "Phosphate_max": 0.0464101864666446, "Bilirubin, Direct_max": 0.04593516716316387, "RDW_min": 0.042975808419047065, "pCO2_max": 0.03575953435886011, "Urea Nitrogen_min": 0.034011947326690994, "INR(PT)_min": 0.03135143238940979, "Potassium_max": 0.027751740555718888, "Vancomycin_min": 0.027010990808510306, "Magnesium_max": 0.026086088614281844, "Glucose_min": 0.01258378522279601, "PTT_min": 0.012343761537845051, "Oxygen_min": 0.00993937023578436, "MCV_max": 0.008963717223473227, "Oxygen_max": 0.007128879195368522, "Calcium, Total_max": 0.006914916837276316, "INR(PT)_max": 0.004146530863608585, "pO2_min": 0.0017714512515955754, "Lymphocytes_max": 0.001730107913862031, "Osmolality, Measured_max": 0.0013757565121904863, "PTT_max": 0.0011730464178890117, "Lactate Dehydrogenase (LD)_min": 0.0005632120991169831, "Alveolar-arterial Gradient_max": 0.00041667060026221803, "Platelet Count_min": 0.00014997186449586583, "Creatine Kinase (CK)_min": 6.365977521690499e-05, "Lactate Dehydrogenase (LD)_max": 4.0319578675541714e-05, "Urea Nitrogen, Urine_max": -1.8933887587022926e-05, "Granulocyte Count_min": -9.025403816007407e-05, "White Blood Cells_max": -0.00023552848101258728, "Glucose_max": -0.0002499736862382524, "pO2_max": -0.0005117395546222437, "Neutrophils_min": -0.000617881296626033, "Tidal Volume_min": -0.0012181352447806573, "Urea Nitrogen_max": -0.001292685965323764, "Creatinine_max": -0.0019766104668642245, "Oxygen Saturation_min": -0.0024646272979441824, "Platelet Count_max": -0.0027427396569745326, "PEEP_max": -0.0028491292742178487, "Base Excess_min": -0.0034707165151722937, "Sodium, Urine_min": -0.0038379442143021874, "pCO2_min": -0.007149268736797114, "Free Calcium_max": -0.009662835684172925, "Potassium_min": -0.009778052850470368, "Hematocrit_min": -0.013260973099162656, "Calculated Total CO2_min": -0.026016533850897843, "Monocytes_min": -0.02669037953763001, "RDW_max": -0.026938814051159877, "Hematocrit_max": -0.0328899068988258, "Chloride_min": -0.039852695035888744, "Lymphocytes_min": -0.04836134879380598, "Phosphate_min": -0.05071836652939082, "Basophils_min": -0.05275477839829011, "Bilirubin, Total_min": -0.053130887280094144, "Eosinophils_max": -0.055375633219627886, "Bicarbonate_max": -0.10885420768031961, "MCHC_min": -0.1264267482738188, "Temperature_min": -0.24012350934400573, "Albumin_max": -0.2872267304774757, "Potassium, Whole Blood_max": -0.3386842853949325, "Creatinine_min": -0.3502979922681685, "Albumin_min": -0.5514933168173153}