{"pH_max": 0.6325927301090735, "Lactate_min": 0.21499625496068175, "Lactate_max": 0.13919390089831513, "Red Blood Cells_max": 0.10012059587384288, "Phenytoin_min": 0.09002501817829163, "Anion Gap_min": 0.08479218381112039, "Bilirubin, Direct_min": 0.07761161285210098, "MCH_min": 0.07322258176752916, "PT_min": 0.06457371822680151, "Sodium_max": 0.062375527788981325, "White Blood Cells_min": 0.04842162269499565, "Phosphate_max": 0.04191893791198656, "pCO2_max": 0.03694571311123025, "Urea Nitrogen_min": 0.02476730191002771, "Vancomycin_min": 0.02230992411940693, "CK-MB Index_max": 0.017402522758863587, "Glucose_min": 0.013943512182890545, "Free Calcium_min": 0.011654007705599195, "Bilirubin, Total_max": 0.010713771403665757, "Oxygen_min": 0.00979617991547186, "PTT_min": 0.008126726448786065, "Required O2_max": 0.0079243401513926, "Oxygen_max": 0.007804919763391074, "Bands_max": 0.0076590393133646835, "Anion Gap_max": 0.005445244508227475, "Specific Gravity_max": 0.004121673358413793, "Lymphocytes_max": 0.003025248114925058, "Cortisol_min": 0.0026767677098749132, "Specific Gravity_min": 0.002574230767716922, "Osmolality, Measured_max": 0.0024515747913336963, "PTT_max": 0.0019368147109269417, "Asparate Aminotransferase (AST)_min": 0.001730719063757276, "pO2_min": 0.0013404653244781276, "Lactate Dehydrogenase (LD)_min": 0.0007230625375971457, "Sodium, Urine_max": 0.0006628022315908946, "Creatinine, Urine_max": 0.000612364249657239, "Fibrinogen, Functional_min": 0.00026621037805240374, "Alkaline Phosphatase_max": 0.00023532231259908282, "Platelet Count_min": 0.00017737199882105213, "Fibrinogen, Functional_max": 0.00010767141080982174, "Creatine Kinase (CK)_min": 7.187025152765872e-05, "Creatine Kinase (CK)_max": -1.425488472847011e-05, "Neutrophils_min": -1.625648234866306e-05, "Glucose_max": -0.00018640619274658396, "pO2_max": -0.00022651827053261686, "Lipase_min": -0.00027770163921663464, "Lipase_max": -0.00028282167930411805, "Alkaline Phosphatase_min": -0.0007874764583467098, "Alanine Aminotransferase (ALT)_min": -0.00106634280573428, "Tidal Volume_min": -0.0013669998777835874, "Chloride_max": -0.0014181213367266323, "Urea Nitrogen_max": -0.0017659218653768832, "Transferrin_min": -0.0022980419510787026, "Platelet Count_max": -0.0025508360465036684, "Ketone_max": -0.003373729181901765, "Sodium, Urine_min": -0.0035846972840902006, "Base Excess_min": -0.007109217238497925, "Creatinine_max": -0.007674308772124045, "RDW_min": -0.009433542722944754, "pCO2_min": -0.016762151287137244, "Hematocrit_min": -0.020939360482949247, "Potassium_min": -0.027647523966341556, "Chloride_min": -0.034453300145682667, "Eosinophils_max": -0.03457891850386936, "MCH_max": -0.03605338327282306, "Lymphocytes_min": -0.040506230740122114, "Basophils_min": -0.04997420603737554, "Bilirubin, Total_min": -0.055721686379118326, "Red Blood Cells_min": -0.07679471305296173, "MCHC_min": -0.08286502747725782, "MCHC_max": -0.0958408437924483, "Hemoglobin_max": -0.0975300688496044, "Eosinophils_min": -0.10093715068013617, "Bicarbonate_max": -0.10685211777121989, "Phosphate_min": -0.12285896972708947, "Temperature_min": -0.1486954695348141, "pH_min": -0.15383960107868944, "Albumin_max": -0.2494883564217131, "Potassium, Whole Blood_max": -0.29959990861328833, "Albumin_min": -0.557954490245154}