{"pH_max": 0.3874493036101719, "Lactate_min": 0.22897330021895984, "Phenytoin_min": 0.14855454125043, "Lactate_max": 0.1380957334845413, "Anion Gap_min": 0.11363533505762989, "Bilirubin, Direct_max": 0.10604522915666402, "MCH_min": 0.09027468949068523, "Sodium_max": 0.08962142907720583, "Phosphate_max": 0.0729413629345802, "PT_min": 0.06380867485056242, "White Blood Cells_min": 0.049420367634679385, "Atypical Lymphocytes_max": 0.04595774324206713, "pCO2_max": 0.03367907252745694, "RDW_min": 0.03163046850190843, "Urea Nitrogen_min": 0.029196705714478455, "Calculated Total CO2_max": 0.028050656426196346, "RDW_max": 0.026229372131010724, "Magnesium_min": 0.02118866539193616, "Basophils_max": 0.020141417692879825, "Osmolality, Measured_max": 0.016442992349977658, "Glucose_min": 0.014609167421537974, "INR(PT)_min": 0.01305199196916525, "INR(PT)_max": 0.012501681756206307, "PTT_min": 0.011807000328379, "Oxygen_max": 0.011725050212313069, "PEEP_min": 0.010803408497304276, "Cholesterol, HDL_min": 0.008856643750918247, "Sodium, Whole Blood_min": 0.007312848510818003, "Potassium_max": 0.006603269013524769, "Vancomycin_max": 0.0045743788007416904, "Free Calcium_min": 0.0041973800704431805, "Neutrophils_min": 0.004196630188307767, "Lymphocytes_max": 0.003523836403719932, "pO2_min": 0.0020811496854537554, "Polys_max": 0.002070336436470823, "Specific Gravity_max": 0.0018392781270435445, "Osmolality, Urine_max": 0.0017402714858867796, "PT_max": 0.001638117800492143, "PTT_max": 0.0012320857190595965, "Sodium_min": 0.0012153055515334952, "Alveolar-arterial Gradient_max": 0.0012016112143784007, "Nucleated Red Cells_min": 0.000982324756213137, "Asparate Aminotransferase (AST)_min": 0.0007259762383389399, "Lactate Dehydrogenase (LD)_min": 0.0005360397752263886, "O2 Flow_min": 0.00033675724565445677, "Alveolar-arterial Gradient_min": 0.00031085693938763927, "Fibrinogen, Functional_max": 0.0003073779572535487, "WBC_max": 0.0002707115300717632, "Platelet Count_min": 0.00020728288300163135, "Urea Nitrogen_max": 0.00015538556477691755, "Lactate Dehydrogenase (LD)_max": 7.930589498149e-05, "Creatine Kinase (CK)_min": 4.375898010387076e-05, "Alkaline Phosphatase_max": 4.0197716211449524e-05, "Lipase_max": 4.397846356186609e-06, "Creatine Kinase (CK)_max": -1.1780566407957685e-05, "Asparate Aminotransferase (AST)_max": -5.484781609021697e-05, "Glucose_max": -0.0002445586441901935, "Amylase_max": -0.00030273298692572837, "Urea Nitrogen, Urine_max": -0.0003338814799432222, "Tidal Volume_min": -0.0003579864646652682, "pO2_max": -0.0003603116865598001, "Nucleated Red Cells_max": -0.00042938637441113233, "Alkaline Phosphatase_min": -0.0005712623919802539, "Osmolality, Urine_min": -0.0006590264753572872, "Tidal Volume_max": -0.0009111226608816204, "White Blood Cells_max": -0.0012237030057065906, "Oxygen Saturation_min": -0.0013498357737503886, "PEEP_max": -0.001866047995429633, "Platelet Count_max": -0.002448962689258008, "Sodium, Urine_max": -0.0028248700489105502, "Neutrophils_max": -0.00283769703893457, "Creatinine_max": -0.0032871971373874915, "Transferrin_min": -0.003374869083416119, "Base Excess_min": -0.010102105325295133, "pCO2_min": -0.011798333969012241, "Osmolality, Measured_min": -0.012196019950055714, "Anion Gap_max": -0.012256855256228312, "Potassium_min": -0.015237296544742044, "MCV_max": -0.01825528988382182, "Chloride_max": -0.01958289131663115, "Bilirubin, Total_min": -0.022460219975289044, "Sodium, Whole Blood_max": -0.02480183312016638, "Chloride_min": -0.02989886011679785, "Hematocrit_max": -0.030729338014612865, "Free Calcium_max": -0.031813853837219956, "Bilirubin, Total_max": -0.03622592662716741, "Calcium, Total_max": -0.036582280491459104, "Bicarbonate_min": -0.037528641679989205, "Eosinophils_max": -0.04015066835857672, "Lymphocytes_min": -0.04942891622625914, "Red Blood Cells_min": -0.07810391664026012, "Phosphate_min": -0.08159397480807497, "Bicarbonate_max": -0.10706433511349295, "MCHC_min": -0.1617803795275794, "Temperature_min": -0.1968150145054813, "Calcium, Total_min": -0.21627659882375666, "Albumin_max": -0.2230457285501802, "Potassium, Whole Blood_max": -0.2542563861188668, "Creatinine_min": -0.2942056571130991, "Albumin_min": -0.3414936898263691}