{"INR(PT)_min": 0.22582015146836207, "Lactate_min": 0.2111094163095919, "Lactate_max": 0.14286689360976818, "Anion Gap_min": 0.11538311283666448, "Phenytoin_min": 0.112828889253341, "Magnesium_min": 0.07471088507584348, "Calcium, Total_max": 0.061090775431700044, "Sodium_max": 0.05997110022335141, "White Blood Cells_min": 0.050730030093317266, "pCO2_max": 0.033762727701073386, "Phosphate_max": 0.025103715217431422, "Urea Nitrogen_min": 0.02400014102709185, "PTT_min": 0.016182989920967342, "Glucose_min": 0.013938431490304886, "MCV_min": 0.0106893675896392, "Oxygen_max": 0.009760406952091578, "Oxygen_min": 0.008722813239534874, "Lymphocytes_max": 0.004253819574033962, "Osmolality, Measured_max": 0.0037401796516508554, "pO2_min": 0.002489001824004949, "PTT_max": 0.001722676895792618, "Alveolar-arterial Gradient_max": 0.0015965073729955772, "Cortisol_min": 0.0015223493587442638, "White Blood Cells_max": 0.0012681890745888879, "Asparate Aminotransferase (AST)_min": 0.0010494765493452842, "Lactate Dehydrogenase (LD)_min": 0.0005862694280303869, "Platelet Count_min": 0.0005190762784548722, "Fibrinogen, Functional_min": 0.00036120313290758516, "Alkaline Phosphatase_max": 0.0002001107201572617, "Lactate Dehydrogenase (LD)_max": 4.498410192799705e-05, "Creatine Kinase (CK)_max": -1.599223945487361e-05, "Lipase_max": -0.0002293765537179283, "Monocytes_max": -0.00042172431530641027, "Alkaline Phosphatase_min": -0.0006923081005159538, "pO2_max": -0.000801930681421347, "Neutrophils_min": -0.0008374529534637787, "Tidal Volume_min": -0.0010615049679808, "Tidal Volume_max": -0.0012515254358571612, "Bilirubin, Total_min": -0.00195703017855757, "Neutrophils_max": -0.0023258279527439713, "Platelet Count_max": -0.0024895798207343564, "Base Excess_min": -0.005757433771440349, "Creatinine_max": -0.0071430901987155505, "pCO2_min": -0.013595098884633816, "Red Blood Cells_max": -0.02065147413715074, "Sodium_min": -0.020653879460701977, "Potassium_min": -0.032088627329208, "Hematocrit_min": -0.03442767327664106, "Eosinophils_max": -0.043943831874551066, "Bilirubin, Indirect_max": -0.049842718190991564, "Potassium_max": -0.05184570316710881, "Lymphocytes_min": -0.05486992331029502, "Bicarbonate_max": -0.06343904386301796, "Basophils_min": -0.07712321769825299, "Phosphate_min": -0.10298488628787676, "MCHC_min": -0.11271509632458646, "Temperature_min": -0.16528239368337316, "Calcium, Total_min": -0.21990301425962247, "Albumin_max": -0.2647899629963645, "Albumin_min": -0.5384048455346468}