{"Albumin_min": -0.7180955156401979, "Alveolar-arterial Gradient_min": -0.5875483208172978, "Transferrin_max": -0.5321610048373983, "Osmolality, Measured_min": -0.5108313401898764, "Cholesterol, Total_max": -0.5014787006252025, "% Hemoglobin A1c_min": -0.4156419775601857, "mca_8": -0.396196556100172, "Phenytoin_max": -0.3690941856949958, "Protein, Total_min": -0.3489697826995901, "Uric Acid_min": -0.3453237948086043, "Tidal Volume_max": -0.29589410415921413, "Vitamin B12_max": -0.2683355174847455, "Urea Nitrogen, Urine_min": -0.26384723745382055, "Temperature_min": -0.25323105760476605, "Bicarbonate_min": -0.2437915253619227, "Thyroid Stimulating Hormone_max": -0.23780207339987333, "Cholesterol, LDL, Calculated_max": -0.2195534286048025, "Alanine Aminotransferase (ALT)_min": -0.20843797635245176, "Epithelial Cells_min": -0.20720288192887712, "Granulocyte Count_min": -0.18999645831747375, "Cholesterol, HDL_max": -0.18549178206243952, "MCHC_min": -0.17025424641661077, "Amylase_max": -0.168775320575388, "Creatine Kinase, MB Isoenzyme_max": -0.16670434105846182, "Sodium, Urine_max": -0.1534436024288184, "Triglycerides_min": -0.13988801132922865, "Creatinine, Urine_min": -0.13889902501146253, "Sodium, Whole Blood_max": -0.13727931485968298, "Tidal Volume_min": -0.13058744012033605, "tacroFK_max": -0.11633799229931165, "Hematocrit, Calculated_max": -0.11124027688461041, "Troponin T_min": -0.1065709600072532, "Oxygen Saturation_max": -0.10555205606876986, "pCO2_min": -0.10039270113106079, "O2 Flow_max": -0.0991894654493803, "Osmolality, Urine_min": -0.09312276415342771, "Calculated Total CO2_min": -0.09050328000451414, "PEEP_max": -0.08980467006253512, "Nucleated Red Cells_max": -0.08832878391910014, "Anion Gap_max": -0.08631516428604212, "Triglycerides_max": -0.08589181969883586, "Chloride, Whole Blood_min": -0.08280925980037532, "Cortisol_max": -0.08056665798817834, "Cholesterol Ratio (Total/HDL)_max": -0.07949345816585562, "Sodium, Urine_min": -0.07539612998071464, "Asparate Aminotransferase (AST)_max": -0.07247571893544005, "Lipase_min": -0.06809796149667367, "Protein_max": -0.058674937851904745, "Vancomycin_max": -0.05024413840309076, "Alkaline Phosphatase_min": -0.0495325199613929, "Creatine Kinase (CK)_max": -0.04373932533231385, "Granulocyte Count_max": -0.04317856299277143, "Cholesterol, LDL, Calculated_min": -0.04251396429485447, "Phosphate_max": -0.041352592023144306, "Creatinine_max": -0.0369418376527119, "Albumin_max": -0.03463814352095143, "Protein_min": -0.026552820529200778, "Fibrinogen, Functional_max": -0.026372017264094747, "WBC_min": -0.023519323204027498, "Metamyelocytes_max": -0.012950726914008734, "Base Excess_min": -0.011301377491465798, "Urobilinogen_min": -0.009673467181650568, "Urea Nitrogen_max": -0.005291383421797039, "Base Excess_max": -0.004911156040281185, "Alkaline Phosphatase_max": -0.004038180402865582, "Troponin T_max": 0.008111103566464906, "Iron_max": 0.008934543267212158, "Oxygen Saturation_min": 0.008957015735884425, "Potassium, Urine_min": 0.010194696538181407, "PT_max": 0.011860158859915561, "INR(PT)_max": 0.01235689389047013, "Ferritin_max": 0.015558989375837322, "Polys_min": 0.018178857216311305, "Myelocytes_min": 0.02077225267245664, "Bands_max": 0.02124726510351275, "Magnesium_max": 0.021651772268803462, "RBC_min": 0.024530106527856, "Ferritin_min": 0.03343166431278818, "Creatine Kinase, MB Isoenzyme_min": 0.03538328969267808, "RBC_max": 0.03755224422701978, "CK-MB Index_min": 0.038663969022454926, "Metamyelocytes_min": 0.04322001000081595, "Atypical Lymphocytes_max": 0.04406988319256947, "Nucleated Red Cells_min": 0.04487784283318733, "Myelocytes_max": 0.05499426008065126, "Sodium, Whole Blood_min": 0.05623040470687019, "Uric Acid_max": 0.06897508880639279, "Required O2_max": 0.0698280376166348, "O2 Flow_min": 0.07084840079275422, "Creatinine, Urine_max": 0.07345277283971954, "Fibrinogen, Functional_min": 0.07425878344967794, "PEEP_min": 0.07518199456969706, "Iron_min": 0.08091182835953951, "Potassium, Urine_max": 0.08168636828299476, "Urea Nitrogen, Urine_max": 0.08286015627712788, "Epithelial Cells_max": 0.08375404307793116, "INR(PT)_min": 0.08744871680990089, "Urobilinogen_max": 0.0877828806172333, "Thyroid Stimulating Hormone_min": 0.09245861970244582, "Free Calcium_min": 0.09557914711539361, "Lactate Dehydrogenase (LD)_max": 0.09601402575993141, "WBC_max": 0.09715662341962908, "Bilirubin, Direct_min": 0.09767899156237171, "Bands_min": 0.09925575452597508, "Creatine Kinase (CK)_min": 0.10111606554350522, "Alveolar-arterial Gradient_max": 0.11139133719479356, "Amylase_min": 0.12268396428541362, "PTT_min": 0.12385797552469946, "Cholesterol Ratio (Total/HDL)_min": 0.12505194676389783, "Cortisol_min": 0.13227573184935043, "PT_min": 0.134833855995985, "pO2_min": 0.14576239429342927, "Polys_max": 0.1650236335542042, "White Blood Cells_max": 0.17004235712354968, "Temperature_max": 0.17987811969372944, "Osmolality, Urine_max": 0.1854572685646649, "CK-MB Index_max": 0.19323985329673585, "Bilirubin, Direct_max": 0.21457615466469188, "Lactate_min": 0.2409891058909514, "Vitamin B12_min": 0.24168075258258898, "Protein, Total_max": 0.24847625814971433, "tacroFK_min": 0.2555390543502491, "Vancomycin_min": 0.2648570013059371, "Sodium_max": 0.27871207532091313, "Cholesterol, HDL_min": 0.28456226280827257, "Oxygen_min": 0.294454368809902, "Oxygen_max": 0.30489747262007205, "Specific Gravity_min": 0.3270474272154289, "Lactate Dehydrogenase (LD)_min": 0.3297347860155354, "Iron Binding Capacity, Total_min": 0.3795064151231618, "Urea Nitrogen_min": 0.4059467562409126, "Anion Gap_min": 0.4167635038067894, "Lactate_max": 0.41980087817310185, "Glucose_min": 0.4813880971886214, "mca_1": 0.48485825545818356, "pCO2_max": 0.5175750325464361, "Required O2_min": 0.5525821450761746, "Osmolality, Measured_max": 0.5689758830393106, "Cholesterol, Total_min": 0.6287815305879887, "Asparate Aminotransferase (AST)_min": 0.6653193175100756, "Phenytoin_min": 0.7285194632452134}