{"Lactate_min": 0.20800126993108894, "Lactate_max": 0.15692630600602375, "Anion Gap_min": 0.09073428590274148, "PT_min": 0.0883910715605506, "Sodium_max": 0.05923090089043514, "pCO2_max": 0.03253952029788096, "White Blood Cells_min": 0.03000577721883247, "Urea Nitrogen_min": 0.024735093789439357, "Oxygen_max": 0.013331190135327228, "Glucose_min": 0.011771539560868174, "White Blood Cells_max": 0.010018926615529842, "pO2_min": 0.0021442386018992623, "Glucose_max": 4.750427841755672e-05, "Platelet Count_min": -0.0006951142449366836, "pO2_max": -0.0010133222944888924, "Tidal Volume_min": -0.0015746052609403568, "Platelet Count_max": -0.0020532921867598606, "Osmolality, Measured_max": -0.0036246045115381127, "Base Excess_min": -0.010560191560801766, "Bilirubin, Total_min": -0.029177112106632423, "Lymphocytes_min": -0.058870427173046073, "Eosinophils_max": -0.060848838447492594, "Bicarbonate_max": -0.08049188801240834, "Temperature_min": -0.2639139911999115, "Albumin_min": -1.0767684428163313}