{"Lactate_max": 0.15215819569668126, "pH_max": 0.13811743013663094, "Lactate_min": 0.10693177105674567, "Anion Gap_min": 0.08073006192189891, "Phenytoin_min": 0.0770256640579848, "Sodium_max": 0.07601521908154395, "White Blood Cells_min": 0.056782592550083215, "PT_min": 0.05479698296079838, "Bilirubin, Direct_min": 0.04987977246883551, "Bilirubin, Direct_max": 0.04317524837139365, "Hematocrit, Calculated_min": 0.04178138760658688, "pCO2_max": 0.03401112362916884, "Atypical Lymphocytes_max": 0.032980568665382806, "Phosphate_max": 0.032788616189507215, "Urea Nitrogen_min": 0.02862186211187261, "Vancomycin_min": 0.027591936250255193, "RDW_max": 0.027120109971193896, "Calculated Total CO2_max": 0.0216597084408766, "Metamyelocytes_min": 0.0195248172489404, "MCV_min": 0.018029356520222323, "Required O2_min": 0.017810108760250278, "Metamyelocytes_max": 0.015796046208110412, "INR(PT)_max": 0.015567334520288894, "Red Blood Cells_max": 0.015157166112647209, "CK-MB Index_max": 0.015075359763110476, "Myelocytes_max": 0.013793180986713498, "Atypical Lymphocytes_min": 0.012766690831940463, "Glucose_min": 0.012729271585990526, "Osmolality, Measured_max": 0.012512016136071617, "Magnesium_max": 0.01220194952290778, "Bands_min": 0.0117571817030645, "Base Excess_max": 0.010999379636461826, "Temperature_max": 0.010923302107339815, "MCH_min": 0.01079989462121244, "Basophils_max": 0.01045841995325597, "PEEP_min": 0.010371055838240328, "INR(PT)_min": 0.009936937506832048, "Urobilinogen_max": 0.00943618209031518, "Oxygen_max": 0.00899178534773809, "PTT_min": 0.00882799884720117, "Magnesium_min": 0.008139288306515863, "Oxygen_min": 0.008096404014318695, "Cholesterol, HDL_min": 0.007639987075879462, "Myelocytes_min": 0.0072769652532709865, "CK-MB Index_min": 0.0061006758056785515, "Chloride, Whole Blood_min": 0.005965528911641826, "Cholesterol, Total_min": 0.00577269048132555, "Neutrophils_min": 0.005476949534839596, "Required O2_max": 0.004246305868789811, "Calcium, Total_max": 0.004212782765065559, "Iron_min": 0.004057210683841451, "Bands_max": 0.003956996353175243, "tacroFK_min": 0.003622988756572089, "Cholesterol, LDL, Calculated_max": 0.003241167921956931, "RDW_min": 0.002859173539830445, "Bilirubin, Indirect_min": 0.002619114164845097, "PTT_max": 0.0025088403925855834, "Asparate Aminotransferase (AST)_min": 0.0024491840876388307, "Monocytes_max": 0.002444796921600526, "pO2_min": 0.0023481461684580116, "Creatinine, Urine_max": 0.0023037913613390792, "O2 Flow_min": 0.0019340024909862029, "Potassium, Urine_max": 0.0018890435083109937, "Potassium, Urine_min": 0.0015249667248979912, "Creatine Kinase, MB Isoenzyme_min": 0.0014638007454160881, "Cortisol_max": 0.0012457987292290736, "Osmolality, Urine_max": 0.001212435079466324, "Polys_min": 0.001165480878029886, "Polys_max": 0.0009309354817910606, "Urobilinogen_min": 0.0007108072563911528, "Cholesterol Ratio (Total/HDL)_max": 0.0006736812960245343, "Hematocrit_min": 0.0006154415745852604, "Fibrinogen, Functional_min": 0.0005172057420490496, "Lactate Dehydrogenase (LD)_min": 0.0005135199983053863, "Alveolar-arterial Gradient_max": 0.0005124683272030911, "Cholesterol Ratio (Total/HDL)_min": 0.00044672696596543356, "WBC_max": 0.0004416714611348778, "Vitamin B12_min": 0.0003765222790464371, "Specific Gravity_max": 0.00036751611955176104, "Alkaline Phosphatase_max": 0.00033760122680739067, "O2 Flow_max": 0.00025982230227949456, "RBC_max": 0.00023637789950952008, "Osmolality, Urine_min": 0.00022763252270000006, "Lymphocytes_max": 0.0002195582146101017, "Amylase_min": 0.00019341754387587048, "Vancomycin_max": 0.00015836633914067524, "Protein_min": 0.00015049976177530588, "Free Calcium_min": 0.00014705955813792875, "RBC_min": 0.00013815480412198065, "Amylase_max": 0.00010932219703015766, "Asparate Aminotransferase (AST)_max": 8.355453745112376e-05, "Lactate Dehydrogenase (LD)_max": 8.319905890745457e-05, "Specific Gravity_min": 8.10541954913488e-05, "Creatine Kinase (CK)_min": 7.664195175437075e-05, "Oxygen Saturation_max": 3.79268368128394e-05, "Glucose_max": 3.280498371777394e-05, "White Blood Cells_max": 1.317451953487455e-05, "Granulocyte Count_max": 1.0903621759141845e-05, "Ferritin_min": -2.0513535706647535e-08, "Ferritin_max": -1.553903642900963e-07, "Creatine Kinase (CK)_max": -1.1489743252757967e-05, "Fibrinogen, Functional_max": -6.256750124096849e-05, "Granulocyte Count_min": -9.162491478169915e-05, "Nucleated Red Cells_max": -0.0001314599101354736, "Urea Nitrogen, Urine_max": -0.00018083856402583727, "Lipase_max": -0.00019086349559792665, "Alanine Aminotransferase (ALT)_max": -0.00026621944301822437, "Nucleated Red Cells_min": -0.00036789091834717094, "Triglycerides_max": -0.0003730901299328895, "WBC_min": -0.00039467410055142116, "Triglycerides_min": -0.0004137049951115698, "Lipase_min": -0.0004236973538753135, "Iron Binding Capacity, Total_max": -0.00045007414959071814, "Vitamin B12_max": -0.00045975763484040223, "Iron Binding Capacity, Total_min": -0.0005025908432971179, "Urea Nitrogen, Urine_min": -0.0005583391012968685, "Platelet Count_min": -0.0006030505221416086, "Protein_max": -0.0006308597677376686, "Alkaline Phosphatase_min": -0.0006336374695526894, "pO2_max": -0.0006972915262255972, "tacroFK_max": -0.0007879839186703581, "PT_max": -0.0008573498558615522, "Tidal Volume_max": -0.0008663386476718414, "Tidal Volume_min": -0.000869627653109571, "Cholesterol, HDL_max": -0.0009009756282750167, "MCV_max": -0.0009765416666945116, "PEEP_max": -0.0010578447205782666, "Urea Nitrogen_max": -0.0011439481237438247, "Sodium, Whole Blood_min": -0.0011877132898310229, "Alanine Aminotransferase (ALT)_min": -0.0015017842526820647, "Creatine Kinase, MB Isoenzyme_max": -0.001512804988916683, "Cortisol_min": -0.0018758602851758769, "Platelet Count_max": -0.001962707764532861, "Transferrin_max": -0.001977218686007624, "Epithelial Cells_max": -0.002037149110034685, "Sodium, Urine_max": -0.0021136083727697364, "Ketone_min": -0.002354275543874618, "Cholesterol, LDL, Calculated_min": -0.0023849772250257636, "Transferrin_min": -0.0023948147034239674, "Iron_max": -0.0024320543077749435, "Alveolar-arterial Gradient_min": -0.0028585325513520994, "Sodium, Urine_min": -0.0030010734713213786, "Chloride_max": -0.003082719992624187, "Ketone_max": -0.003171780685676899, "Potassium_min": -0.003472646050987051, "Creatinine, Urine_min": -0.0037687749533643813, "Sodium_min": -0.003918762510227562, "Thyroid Stimulating Hormone_min": -0.003961026216533624, "Protein, Total_max": -0.0043654202567784935, "Oxygen Saturation_min": -0.005697787853441739, "Creatinine_max": -0.005858948390003054, "Neutrophils_max": -0.008405053513304568, "Chloride, Whole Blood_max": -0.008622216140937555, "Bilirubin, Total_max": -0.008695631864740263, "Protein, Total_min": -0.008788337667191216, "pCO2_min": -0.008922742459943329, "Base Excess_min": -0.009553464926136257, "Cholesterol, Total_max": -0.009910199213000886, "Hematocrit_max": -0.010004943282568306, "Phenytoin_max": -0.010579859554699107, "Thyroid Stimulating Hormone_max": -0.01080666093444887, "Basophils_min": -0.01144221585195845, "Anion Gap_max": -0.01154176659788517, "Troponin T_max": -0.012058881111228567, "Potassium_max": -0.012165120565920347, "Sodium, Whole Blood_max": -0.012273991212413468, "Red Blood Cells_min": -0.012434211402463178, "Troponin T_min": -0.012844759282311794, "Free Calcium_max": -0.014047329068687478, "Chloride_min": -0.014225396202391475, "Bicarbonate_min": -0.016061529093727357, "Hemoglobin_max": -0.017403338187915732, "Osmolality, Measured_min": -0.019582890829406945, "Monocytes_min": -0.022200252858772338, "Hematocrit, Calculated_max": -0.023188505760938755, "Calculated Total CO2_min": -0.024573244205674603, "% Hemoglobin A1c_max": -0.02612096959026566, "Phosphate_min": -0.026142907674218605, "% Hemoglobin A1c_min": -0.02687142561519081, "Uric Acid_max": -0.027433155010896593, "pH_min": -0.02926602145418266, "Potassium, Whole Blood_min": -0.0310681638483859,