{"Lactate_max": 0.16342235774236505, "Lactate_min": 0.1338508361259939, "Anion Gap_min": 0.1261777650933539, "Phenytoin_min": 0.12177797957771813, "PT_min": 0.059955140130534955, "Sodium_max": 0.05487688963961038, "Bilirubin, Direct_min": 0.046092786562801774, "RDW_max": 0.036613151846517165, "Myelocytes_max": 0.035409956040395506, "Vancomycin_min": 0.03226299161875488, "pCO2_max": 0.03170835171833617, "Urea Nitrogen_min": 0.030184617014764836, "Metamyelocytes_min": 0.027166063528465467, "Bands_min": 0.02165176422506922, "Bilirubin, Direct_max": 0.02012683748950883, "PTT_min": 0.01992349713763099, "Glucose_min": 0.015549588350969507, "Osmolality, Measured_max": 0.01457893539693044, "Myelocytes_min": 0.014464523737690646, "Bands_max": 0.01425947759705071, "CK-MB Index_min": 0.014092429304187193, "Metamyelocytes_max": 0.01327394744514478, "PEEP_min": 0.013176625782399342, "INR(PT)_min": 0.013140311610431806, "CK-MB Index_max": 0.011675872902341672, "Oxygen_max": 0.010489225083509144, "Oxygen_min": 0.009865595025203578, "Epithelial Cells_max": 0.00957844926536395, "White Blood Cells_max": 0.00715563438264006, "Calculated Total CO2_min": 0.006928307691219998, "Phosphate_max": 0.005839639665522264, "Monocytes_max": 0.005344275149921133, "Polys_max": 0.005201789837534581, "Cortisol_min": 0.004217332702841348, "Base Excess_max": 0.004188656446242621, "Potassium, Urine_max": 0.0036229721703561228, "Vancomycin_max": 0.002972647327223173, "Alveolar-arterial Gradient_max": 0.002730022418489689, "Asparate Aminotransferase (AST)_min": 0.002520099168455119, "pO2_min": 0.001979261243752937, "Urea Nitrogen_max": 0.0015935414884144091, "O2 Flow_max": 0.0011578677857175441, "Potassium, Urine_min": 0.001135339859877721, "Creatinine, Urine_max": 0.001001653160899251, "Iron_max": 0.0010010015682171242, "Osmolality, Urine_max": 0.0008042986447057293, "Lactate Dehydrogenase (LD)_min": 0.0007883461717745931, "INR(PT)_max": 0.0007617247645187557, "Amylase_min": 0.0007357272996023322, "Free Calcium_min": 0.0006765076117650573, "WBC_max": 0.0006599687468728476, "PT_max": 0.0005315888164320646, "Fibrinogen, Functional_min": 0.0003992475477550352, "RBC_max": 0.0003368398919196441, "Alkaline Phosphatase_max": 0.00015208986841793064, "Creatine Kinase (CK)_min": 9.73893427325034e-05, "Lactate Dehydrogenase (LD)_max": 8.616666509732943e-05, "Asparate Aminotransferase (AST)_max": 8.382900955582788e-05, "Osmolality, Urine_min": 5.531465958715098e-05, "Ferritin_min": 5.475731944705173e-06, "Ferritin_max": -1.5935209463222355e-06, "Creatine Kinase (CK)_max": -1.549210086518346e-05, "Granulocyte Count_max": -1.9883896088800573e-05, "Granulocyte Count_min": -2.8576415809158354e-05, "Triglycerides_min": -4.432975249781798e-05, "Polys_min": -0.0001053883414919101, "RBC_min": -0.00011159526310421081, "Cholesterol, HDL_min": -0.00017200324503376287, "Oxygen Saturation_max": -0.0001748009404026925, "WBC_min": -0.00022225302034305358, "Alanine Aminotransferase (ALT)_max": -0.00027528385126328125, "Amylase_max": -0.00030233659800313274, "Alkaline Phosphatase_min": -0.00042615700657145256, "Urea Nitrogen, Urine_min": -0.0004656954463570316, "Protein_min": -0.0009197507180313712, "Thyroid Stimulating Hormone_min": -0.0009388373174719843, "O2 Flow_min": -0.001009284868421526, "Tidal Volume_max": -0.001125246129755474, "Lipase_min": -0.001190447737764753, "Alanine Aminotransferase (ALT)_min": -0.0012085215370220706, "Triglycerides_max": -0.001248178166925229, "Sodium, Urine_max": -0.0016131850032113993, "Creatine Kinase, MB Isoenzyme_min": -0.001779704820967395, "Nucleated Red Cells_max": -0.0017944440139269881, "Cortisol_max": -0.0019953361474347926, "PEEP_max": -0.0027396698482265833, "Creatinine, Urine_min": -0.0030777711742540595, "Sodium, Urine_min": -0.0047487338804497094, "Required O2_max": -0.00824321487876885, "Base Excess_min": -0.008282032957578405, "Cholesterol Ratio (Total/HDL)_max": -0.008374008252682833, "Cholesterol Ratio (Total/HDL)_min": -0.00930158697448386, "Temperature_max": -0.010909635575361258, "Phenytoin_max": -0.013841291346273791, "Thyroid Stimulating Hormone_max": -0.01669540378999875, "Osmolality, Measured_min": -0.018358715616365668, "Sodium, Whole Blood_max": -0.019151545040493715, "Troponin T_min": -0.019985132190713614, "Protein, Total_max": -0.02067988516981939, "Magnesium_max": -0.020776493243880163, "pCO2_min": -0.023015159491318847, "Protein, Total_min": -0.02684097248215677, "Anion Gap_max": -0.031150722348590315, "Troponin T_max": -0.03483028477399027, "Uric Acid_max": -0.03574768149203991, "Epithelial Cells_min": -0.04544801067674801, "Calcium, Total_max": -0.05579608835047104, "Uric Acid_min": -0.05687694018572654, "Bicarbonate_min": -0.06227068200167633, "Eosinophils_max": -0.06877283094992849, "Monocytes_min": -0.09067836947749539, "MCHC_min": -0.13563340310314165, "Potassium, Whole Blood_max": -0.14758092222742952, "Calcium, Total_min": -0.1579912603838385, "Temperature_min": -0.16591855398491173, "Albumin_min": -0.18666956941584226}