{"pH_max": 0.8007593140451493, "Lactate_min": 0.21623062225861295, "Magnesium_min": 0.2066767825584815, "Lactate_max": 0.12661138206501643, "Phenytoin_min": 0.10112555867474275, "Anion Gap_min": 0.08348056098011995, "Sodium_max": 0.06821611546573775, "Red Blood Cells_max": 0.06375911592659436, "INR(PT)_min": 0.05714627938980489, "PT_min": 0.05306553464795742, "White Blood Cells_min": 0.03931735191619432, "CK-MB Index_min": 0.03360271968589553, "Vancomycin_min": 0.032740526523674325, "pCO2_max": 0.03165748264867009, "Basophils_max": 0.026900594969417154, "Calculated Total CO2_max": 0.026022558690505956, "Urea Nitrogen_min": 0.02438204384528358, "Calcium, Total_max": 0.02037164582229583, "Phosphate_max": 0.01937779843089339, "Specific Gravity_max": 0.017974681852037162, "Osmolality, Measured_max": 0.01783481248895746, "Glucose_min": 0.015336587373476911, "RDW_min": 0.010222142423732705, "Oxygen_min": 0.010002641566546108, "Bands_max": 0.008768330248120931, "INR(PT)_max": 0.008383079853728746, "Base Excess_max": 0.0082383840238581, "Oxygen_max": 0.007925708945491702, "PTT_min": 0.007814747421067879, "PEEP_min": 0.006426293852739141, "White Blood Cells_max": 0.004852532313327276, "Neutrophils_min": 0.004356765149669428, "Lymphocytes_max": 0.003799440809612613, "Nucleated Red Cells_min": 0.002314641741235644, "pO2_min": 0.0021492596507124238, "Magnesium_max": 0.001488932473806085, "Asparate Aminotransferase (AST)_min": 0.0014183381681752581, "PTT_max": 0.001389720679911554, "Creatinine, Urine_max": 0.001315217362894229, "Alveolar-arterial Gradient_max": 0.0011414222279433801, "Lactate Dehydrogenase (LD)_min": 0.0005790474632621841, "Platelet Count_min": 0.00040399060489550994, "Amylase_min": 0.00020039793333753077, "Fibrinogen, Functional_max": 0.00012170083848267171, "WBC_max": 0.00010643613455733143, "Lactate Dehydrogenase (LD)_max": 2.4939481986387667e-05, "Glucose_max": -0.00014998658189489724, "pCO2_min": -0.0001565215440503261, "Urea Nitrogen, Urine_min": -0.0004009772192029403, "Urea Nitrogen_max": -0.0004090374069465063, "Alkaline Phosphatase_min": -0.00047777564592608107, "pO2_max": -0.0007593988524435543, "Creatine Kinase, MB Isoenzyme_min": -0.0007658790419287567, "Tidal Volume_min": -0.0007846804342681537, "Bilirubin, Total_max": -0.0011191095473882585, "Tidal Volume_max": -0.0011703863611764013, "Chloride_max": -0.0027431974848982047, "Platelet Count_max": -0.0028304111072499673, "Potassium_max": -0.003825670131355738, "Vancomycin_max": -0.003830731876832471, "Creatinine_max": -0.006632493516908065, "Base Excess_min": -0.00947372807937969, "Sodium_min": -0.011504421660011302, "Osmolality, Measured_min": -0.020708490655873733, "Chloride_min": -0.021786089738997233, "Calculated Total CO2_min": -0.03838294418188383, "Lymphocytes_min": -0.04398148542511947, "Potassium_min": -0.04404465414767907, "MCHC_min": -0.04731367279196836, "Hematocrit_max": -0.05064821922609279, "Albumin_max": -0.05546280959326827, "Phosphate_min": -0.10596307352167514, "MCHC_max": -0.10879350797407661, "Bicarbonate_max": -0.11667153432045084, "Potassium, Whole Blood_min": -0.11799473942923057, "Eosinophils_min": -0.12233964396211322, "Temperature_min": -0.17673321661826177, "pH_min": -0.21370626363307196, "Free Calcium_max": -0.22682433677939773, "Albumin_min": -0.8368258733004978}