{"pH_max": 0.2030574257871238, "Lactate_max": 0.16098164968596143, "Lactate_min": 0.13143062515625906, "Phenytoin_min": 0.1100712158762093, "Bilirubin, Direct_max": 0.08781915803392425, "Anion Gap_min": 0.0814535013180586, "MCH_min": 0.07285222907538909, "Sodium_max": 0.07259183848991883, "Phosphate_max": 0.06314344163157784, "PT_min": 0.06254841402843267, "White Blood Cells_min": 0.04911756542371861, "pCO2_max": 0.03700433341591906, "Temperature_max": 0.03511598254541478, "Myelocytes_max": 0.03360192812630134, "Osmolality, Measured_max": 0.022473726038141562, "Urea Nitrogen_min": 0.018895967311381157, "Calculated Total CO2_max": 0.018337632147560255, "INR(PT)_max": 0.017381390441618, "Bands_max": 0.014431839502242525, "Glucose_min": 0.013709267066942699, "PTT_min": 0.011795146321256536, "INR(PT)_min": 0.011093533058197396, "Oxygen_min": 0.010525969480522517, "Oxygen_max": 0.01039423131433365, "Magnesium_max": 0.010081144757607612, "Required O2_max": 0.007759359927022175, "Chloride_max": 0.007625575658582866, "Hematocrit_min": 0.007260153481841578, "Vancomycin_max": 0.006746693303507194, "Urea Nitrogen_max": 0.006070738900681457, "Neutrophils_min": 0.0058368667355926385, "White Blood Cells_max": 0.005694029535431495, "Lymphocytes_max": 0.0050395681193409455, "Neutrophils_max": 0.003933529324973304, "PTT_max": 0.002729487956641944, "Nucleated Red Cells_min": 0.0026521824261024943, "pO2_min": 0.002235815557381431, "Asparate Aminotransferase (AST)_min": 0.0008657617968311318, "Specific Gravity_max": 0.0006516568800310165, "Osmolality, Urine_min": 0.0005482985650287672, "Lactate Dehydrogenase (LD)_min": 0.0004999417594315316, "RBC_min": 0.00046532989987703595, "WBC_min": 0.00037251578525308165, "Fibrinogen, Functional_max": 0.00026019508989370924, "Specific Gravity_min": 0.00023768032239109975, "Lactate Dehydrogenase (LD)_max": 0.00011391819479502544, "Creatine Kinase (CK)_min": 1.7454889211989004e-05, "Lipase_max": 2.4489262343588972e-06, "Oxygen Saturation_max": -4.32353578681504e-06, "Creatine Kinase (CK)_max": -1.2501695721603985e-05, "Granulocyte Count_max": -1.8589755795515004e-05, "Alkaline Phosphatase_max": -3.305024253440039e-05, "Alanine Aminotransferase (ALT)_max": -0.0002235627592261288, "Glucose_max": -0.00023428535370985872, "Protein_min": -0.0003054660680910383, "Platelet Count_min": -0.00033045359911601686, "Alkaline Phosphatase_min": -0.0004034351141278653, "PT_max": -0.0006308217087367193, "Tidal Volume_max": -0.0006815718001144138, "Sodium, Urine_max": -0.0007382800018366097, "Tidal Volume_min": -0.0008426169653899687, "pO2_max": -0.0009815546563150975, "Oxygen Saturation_min": -0.0016353445078219951, "Red Blood Cells_max": -0.0018542406755344594, "Monocytes_max": -0.0018570819887178177, "Platelet Count_max": -0.0021683095303919857, "Sodium, Urine_min": -0.0022408752957682313, "Chloride, Whole Blood_max": -0.002509771468075006, "Base Excess_min": -0.0034726459339841473, "MCV_max": -0.006001041203192745, "Potassium_max": -0.010507284256601456, "Bilirubin, Total_max": -0.01116957042876662, "Phenytoin_max": -0.011368778962469005, "Potassium_min": -0.012434964766206555, "Free Calcium_max": -0.013010059888047161, "Chloride_min": -0.014457985323635791, "Bicarbonate_min": -0.0154401431359065, "Red Blood Cells_min": -0.01616701626437744, "Osmolality, Measured_min": -0.017744639937559505, "pCO2_min": -0.023479464188375307, "Sodium, Whole Blood_max": -0.025841714364254684, "Eosinophils_max": -0.027683594235252407, "Bilirubin, Total_min": -0.02916779024827297, "pH_min": -0.031461087007594, "Sodium_min": -0.033128672083228325, "Troponin T_min": -0.03853298100163247, "Calcium, Total_max": -0.0401851493060336, "Lymphocytes_min": -0.045027518442885245, "MCHC_min": -0.06440558065514751, "Bilirubin, Indirect_max": -0.06882931526339844, "Eosinophils_min": -0.06883420429690237, "Hemoglobin_min": -0.06980033914962519, "Hemoglobin_max": -0.08390599270540827, "Bicarbonate_max": -0.10269291917107021, "MCHC_max": -0.11950985827823811, "Albumin_max": -0.12564512680272985, "Temperature_min": -0.1283464774925296, "Potassium, Whole Blood_max": -0.13284118788843313, "Creatinine_max": -0.18072052000096167, "Albumin_min": -0.18751241424051532}