{"pH_max": 0.46987818698924333, "Lactate_min": 0.19314863851745823, "Lactate_max": 0.1234085129691212, "Anion Gap_min": 0.11787323480852757, "Phenytoin_min": 0.08375111003316534, "Sodium_max": 0.07796054513503697, "Red Blood Cells_max": 0.07613525635924967, "Temperature_max": 0.07007992789498402, "PT_min": 0.062489549054708375, "Magnesium_min": 0.06117033583419827, "Calcium, Total_max": 0.05745463748413509, "MCH_min": 0.050025073029959365, "White Blood Cells_min": 0.04397128825532393, "Phosphate_max": 0.03912660132122316, "Hematocrit, Calculated_min": 0.03691176912502806, "pCO2_max": 0.03137309250665278, "Urea Nitrogen_min": 0.031195075171906946, "INR(PT)_min": 0.02926307906803238, "Magnesium_max": 0.025371940318467883, "Calculated Total CO2_max": 0.022345335475831844, "Bilirubin, Total_max": 0.0185141154348911, "MCV_min": 0.01681133479027309, "Glucose_min": 0.013571540591394787, "PTT_min": 0.013400348700713645, "Urobilinogen_min": 0.011746702220892764, "PEEP_min": 0.011473836768951959, "Oxygen_min": 0.009895004987341765, "Required O2_max": 0.009315013228670286, "Oxygen_max": 0.007743882932273369, "Free Calcium_min": 0.00704970114076553, "RDW_min": 0.005334885474825974, "Hematocrit_max": 0.0023328873767869823, "pO2_min": 0.002045920868616055, "O2 Flow_min": 0.0018619085124837607, "Creatinine, Urine_max": 0.00155100057096764, "PTT_max": 0.0015040568989833911, "Asparate Aminotransferase (AST)_min": 0.0008498420117581174, "Lactate Dehydrogenase (LD)_min": 0.0004951040752244638, "Platelet Count_min": 0.00039184745995479736, "Amylase_min": 0.00037829054156834685, "Fibrinogen, Functional_max": 0.00026153497385680705, "Lactate Dehydrogenase (LD)_max": 9.557821708264247e-05, "Creatine Kinase (CK)_min": 8.804818003960232e-05, "Creatine Kinase (CK)_max": -1.5137510205571824e-05, "Oxygen Saturation_max": -3.2686158404114605e-05, "Alanine Aminotransferase (ALT)_max": -0.00020813092915725727, "Amylase_max": -0.00023746832236686328, "pO2_max": -0.00047784542392965913, "Specific Gravity_max": -0.000567881917165049, "Tidal Volume_min": -0.0008514771475079815, "Tidal Volume_max": -0.0009378693610583012, "White Blood Cells_max": -0.0013418007991082043, "Osmolality, Measured_max": -0.0014027084691095907, "Urea Nitrogen_max": -0.0014354294768863893, "Creatinine, Urine_min": -0.0019226321043387333, "Oxygen Saturation_min": -0.0024590352065049334, "Neutrophils_min": -0.002475815294258243, "Cholesterol, Total_min": -0.002614447857245184, "Platelet Count_max": -0.002693049383025312, "Sodium, Urine_min": -0.0031999235539415484, "Creatinine_max": -0.0033508494767795828, "Monocytes_max": -0.0034280094884657324, "PEEP_max": -0.003638465660574177, "Red Blood Cells_min": -0.004769420870698258, "Ketone_max": -0.00508322279156006, "Neutrophils_max": -0.006577421634715387, "Sodium_min": -0.007235861037087443, "Base Excess_min": -0.007570094265126739, "pCO2_min": -0.014677028838220271, "Chloride_max": -0.01704001844891116, "MCV_max": -0.01755845521888724, "Chloride_min": -0.02365465542176066, "Potassium_max": -0.02653287924550811, "Troponin T_max": -0.02785519920492871, "Bicarbonate_min": -0.02959381993600884, "Monocytes_min": -0.02997636017669356, "Potassium_min": -0.03151470862469172, "Eosinophils_max": -0.037402986058526363, "Bilirubin, Total_min": -0.04672108149110859, "Lymphocytes_min": -0.054015274054251, "Phosphate_min": -0.06035490760943227, "Hemoglobin_min": -0.09156152507158262, "Bicarbonate_max": -0.10336970834160893, "Hemoglobin_max": -0.13053863132087995, "MCHC_min": -0.1438744501091728, "Calcium, Total_min": -0.18044682951114252, "Albumin_max": -0.22156801507401294, "Temperature_min": -0.23647789941584685, "Creatinine_min": -0.33300189812471126, "Albumin_min": -0.44097572207218155}