{"pH_max": 0.6376213846313278, "Lactate_min": 0.213140551215863, "Lactate_max": 0.14914201823456072, "Anion Gap_min": 0.0828912329832156, "PT_min": 0.07753162547775014, "Sodium_max": 0.05417453661162492, "White Blood Cells_min": 0.04268637660767982, "pCO2_max": 0.032882910304913075, "Urea Nitrogen_min": 0.022085618257040335, "PTT_min": 0.01499482695210914, "Glucose_min": 0.0133807369018149, "Phosphate_max": 0.00880775000962398, "Urea Nitrogen_max": 0.002652863560338579, "Lymphocytes_max": 0.0017130089589655348, "pO2_min": 0.0016878765940669257, "Asparate Aminotransferase (AST)_min": 0.0016045474678787444, "Glucose_max": 0.0001267704842829219, "Platelet Count_min": -0.0005654993758601986, "pO2_max": -0.000750356909303386, "Tidal Volume_min": -0.001323984526845096, "Platelet Count_max": -0.0020237160434056134, "Chloride_max": -0.002299436658296236, "Osmolality, Measured_max": -0.005289123302291089, "Base Excess_min": -0.010714449220161092, "Bilirubin, Total_min": -0.035466867144738276, "Albumin_max": -0.03780350783982486, "Lymphocytes_min": -0.06491217481671331, "Bicarbonate_max": -0.09177301585167044, "Temperature_min": -0.34005500494486557, "Albumin_min": -0.961116009056441}