{"pH_max": 0.6634606280308049, "Lactate_min": 0.25115107344883153, "Lactate_max": 0.1336849090402583, "Anion Gap_min": 0.1328904932857236, "Calcium, Total_max": 0.09526000773432582, "Magnesium_min": 0.0930570392589588, "Red Blood Cells_max": 0.07424588600997525, "Sodium_max": 0.067118651861754, "PT_min": 0.0635204440337269, "Bilirubin, Direct_max": 0.06065032645636588, "MCH_min": 0.0585387867856405, "White Blood Cells_min": 0.04561037807238173, "Phosphate_max": 0.045339718518768085, "pCO2_max": 0.03595371925103163, "Urea Nitrogen_min": 0.03547488135839753, "INR(PT)_min": 0.0336655101998021, "Myelocytes_max": 0.03363586422353954, "Potassium_max": 0.0322020045181029, "Atypical Lymphocytes_max": 0.032104249185790266, "Hematocrit_min": 0.031858676419263404, "Basophils_max": 0.029270880007313652, "Vancomycin_min": 0.027338397343599226, "RDW_max": 0.022383723100297622, "Calculated Total CO2_max": 0.02005483893066312, "INR(PT)_max": 0.016084522661744347, "MCV_min": 0.01603380379121424, "Hematocrit_max": 0.015719003923629918, "Bands_min": 0.015522555961774832, "Glucose_min": 0.013794187824710235, "Oxygen_min": 0.012814675320380347, "Base Excess_max": 0.008580071168672645, "PEEP_min": 0.00847151422533819, "PTT_min": 0.007935284147045021, "Transferrin_min": 0.006285486167960165, "Phenytoin_max": 0.004715283748994847, "Oxygen_max": 0.004702553962124855, "Metamyelocytes_max": 0.004310441572900282, "Neutrophils_min": 0.004173224125715315, "Osmolality, Measured_max": 0.003977283086039225, "Creatinine_max": 0.002779834848823471, "Asparate Aminotransferase (AST)_min": 0.0026703722960364686, "Monocytes_max": 0.002390169161450618, "pO2_min": 0.0023292877990834238, "Polys_min": 0.0022227318976757397, "Bands_max": 0.00221570248158602, "Potassium, Urine_min": 0.0018932875583489348, "PTT_max": 0.0015642947602517616, "O2 Flow_min": 0.0013861043873820437, "Iron_min": 0.0011993634500935232, "Amylase_min": 0.001178971399900649, "Alveolar-arterial Gradient_max": 0.0009914255650838677, "Platelet Count_min": 0.000810398397896675, "RBC_min": 0.0007613734489692405, "WBC_max": 0.0005953652757604633, "Vancomycin_max": 0.0005826666829809805, "Lactate Dehydrogenase (LD)_min": 0.0005019861715214873, "Specific Gravity_min": 0.0004774591206408124, "Creatinine, Urine_min": 0.00010289159996400511, "Lactate Dehydrogenase (LD)_max": 8.221560314896503e-05, "Creatine Kinase (CK)_max": -1.1188068859024253e-05, "Glucose_max": -5.468593475459095e-05, "Asparate Aminotransferase (AST)_max": -6.636095347251512e-05, "Alkaline Phosphatase_max": -6.877819469644832e-05, "Lymphocytes_max": -0.00012474352244316533, "RBC_max": -0.0002050216451717375, "Sodium, Urine_max": -0.000303041698058812, "Oxygen Saturation_min": -0.000310352610340712, "Vitamin B12_max": -0.00032416281166166834, "Oxygen Saturation_max": -0.00036380823151881196, "Alkaline Phosphatase_min": -0.0003659350033505367, "Amylase_max": -0.00040262697899386964, "Alveolar-arterial Gradient_min": -0.0004076504866011627, "pO2_max": -0.00043064636960689454, "WBC_min": -0.0004676705055842938, "Triglycerides_max": -0.0005617054418399535, "Protein_min": -0.0005919970577203717, "Alanine Aminotransferase (ALT)_min": -0.0011344004923977708, "Tidal Volume_min": -0.0012041416523134788, "Creatine Kinase, MB Isoenzyme_max": -0.0012233512073233973, "White Blood Cells_max": -0.0014028486438852487, "RDW_min": -0.0014765352405222993, "Urea Nitrogen_max": -0.0017266459562485306, "PT_max": -0.0017328089313235111, "Platelet Count_max": -0.0026803454959767247, "Ketone_max": -0.003056525200389998, "Sodium, Urine_min": -0.003916119072496018, "Neutrophils_max": -0.005729186300050144, "Iron Binding Capacity, Total_max": -0.0070266534058844145, "Chloride_min": -0.01018582263633709, "Chloride_max": -0.013575725573621784, "Base Excess_min": -0.014427309584903491, "pCO2_min": -0.014536845969007372, "Free Calcium_max": -0.016664092541032925, "MCV_max": -0.017391758827454012, "Sodium_min": -0.019305590519661554, "Thyroid Stimulating Hormone_max": -0.01970133540593734, "Troponin T_max": -0.020048273508236, "Eosinophils_max": -0.021381036772437672, "Monocytes_min": -0.028098977958371376, "Epithelial Cells_min": -0.03081197169312708, "Lymphocytes_min": -0.040628915148146975, "Cholesterol Ratio (Total/HDL)_min": -0.04074012967866654, "Red Blood Cells_min": -0.04398150172914491, "Basophils_min": -0.04707808420799967, "Bilirubin, Indirect_max": -0.04845885756871084, "Potassium_min": -0.04961378921497384, "Bilirubin, Total_min": -0.056371451760862494, "Phosphate_min": -0.061379788762662896, "pH_min": -0.09028004537047386, "Eosinophils_min": -0.09557552064089296, "MCHC_min": -0.10378045580520925, "Bicarbonate_max": -0.1104853413276137, "Hemoglobin_max": -0.1225030468532183, "Hemoglobin_min": -0.15402779011681894, "Temperature_min": -0.20758217389583983, "Calcium, Total_min": -0.22219780923784385, "Albumin_max": -0.28845172109316364, "Potassium, Whole Blood_max": -0.3414488691534487, "Creatinine_min": -0.3853543332749978, "Albumin_min": -0.48380725646983774}