{"pH_max": 0.6722315231327655, "Lactate_min": 0.20075267619521936, "Lactate_max": 0.14651630403495702, "Anion Gap_min": 0.1387306345116348, "Temperature_max": 0.07730154082109704, "PT_min": 0.07119053407597223, "Sodium_max": 0.06413102524183788, "White Blood Cells_min": 0.041048486964417985, "Phosphate_max": 0.04060803234494408, "pCO2_max": 0.03665623916726993, "Urea Nitrogen_min": 0.032752991643066526, "RDW_max": 0.018356394506218853, "Glucose_min": 0.013551797439885174, "PTT_min": 0.007982662438076674, "Bilirubin, Total_max": 0.007739934176043493, "Specific Gravity_max": 0.0034735838713391975, "pO2_min": 0.002664668561838455, "Osmolality, Measured_max": 0.002637241460256291, "PTT_max": 0.0018780967774499379, "Asparate Aminotransferase (AST)_min": 0.0012860716574300524, "Alveolar-arterial Gradient_max": 0.0011867085705872995, "White Blood Cells_max": 0.0006147780275886895, "Urea Nitrogen_max": 0.00041514893858254817, "Creatine Kinase (CK)_min": 6.0247091614187524e-05, "Lactate Dehydrogenase (LD)_max": 3.609955626553312e-05, "Platelet Count_min": -0.00012801737369911548, "Alkaline Phosphatase_max": -0.00016357108643944615, "Lymphocytes_max": -0.00016436000991392507, "Alkaline Phosphatase_min": -0.00026420863079894714, "Specific Gravity_min": -0.0004015373796895362, "pO2_max": -0.0004772595307838048, "Tidal Volume_min": -0.001127189932749535, "Calcium, Total_max": -0.0015375016057565037, "RDW_min": -0.0024422848535310174, "Platelet Count_max": -0.002531054162038174, "Base Excess_min": -0.005375850180851063, "pCO2_min": -0.015364156052845617, "Bilirubin, Total_min": -0.03574222831141561, "Sodium_min": -0.03695650171198986, "Hematocrit_max": -0.04346372662727894, "Lymphocytes_min": -0.05050307457427963, "Phosphate_min": -0.07803335170967673, "Bicarbonate_max": -0.08422299608860045, "Eosinophils_min": -0.1235059733528189, "Potassium_min": -0.12407238664233433, "Albumin_max": -0.13502912247086168, "MCHC_max": -0.16767034086911375, "Temperature_min": -0.2201959548112021, "Creatinine_min": -0.336951622058037, "Albumin_min": -0.7648911133086796}