{"pH_max": 0.5777650760373716, "Lactate_min": 0.24089952628103406, "Temperature_max": 0.15862919822975666, "Lactate_max": 0.12228657606411202, "Anion Gap_min": 0.10641250267079834, "Phenytoin_min": 0.10246616803315493, "MCH_min": 0.09012958584066054, "Sodium_max": 0.0700699713675038, "Red Blood Cells_max": 0.06428287622650454, "Magnesium_min": 0.060595501438318974, "PT_min": 0.06050372342639369, "Phosphate_max": 0.055396782004427304, "Calcium, Total_max": 0.05526717057914203, "Potassium_max": 0.04652227628602851, "White Blood Cells_min": 0.04166531952254157, "Urea Nitrogen_min": 0.03255369140091651, "pCO2_max": 0.03237547676710556, "Vancomycin_min": 0.03149655752923562, "Free Calcium_min": 0.02823574601023243, "Calculated Total CO2_max": 0.027577236764376085, "Basophils_max": 0.027203919235529877, "Hematocrit_min": 0.021133409922344068, "Bilirubin, Total_max": 0.01845921492638603, "Osmolality, Measured_max": 0.016148354725784717, "Glucose_min": 0.014663129005590997, "Myelocytes_max": 0.01411566853832972, "INR(PT)_min": 0.013420617088260575, "Potassium_min": 0.011545212493599298, "Oxygen_min": 0.011208951445235782, "PTT_min": 0.010458876227189216, "Anion Gap_max": 0.009003117387284282, "Hematocrit, Calculated_max": 0.008046826193010394, "Base Excess_max": 0.006466223304815215, "Oxygen_max": 0.006134692147392482, "Required O2_max": 0.005495507597052572, "PEEP_min": 0.0054562026952468924, "Specific Gravity_max": 0.005116222728037625, "Specific Gravity_min": 0.0037975207522061476, "Lymphocytes_max": 0.003293086545418349, "Creatinine, Urine_max": 0.0023829003040677092, "Polys_min": 0.002327143930261414, "PT_max": 0.0023117729439215942, "Asparate Aminotransferase (AST)_min": 0.0021992447619433872, "pO2_min": 0.0020179315731609537, "RDW_min": 0.0016335609981098492, "PTT_max": 0.0013512155608331078, "Monocytes_max": 0.0012269282421042327, "Troponin T_max": 0.0011910490579297981, "Iron_min": 0.0008089568217745043, "Osmolality, Urine_max": 0.0006080451456977945, "Lactate Dehydrogenase (LD)_min": 0.000507060682892424, "Platelet Count_min": 0.0003623036884133307, "Osmolality, Urine_min": 0.0003202733841881851, "WBC_max": 0.00026546732715974946, "Alveolar-arterial Gradient_min": 0.00023279915543111183, "RBC_max": 0.00020304465837435134, "Lactate Dehydrogenase (LD)_max": 0.00011114685924886948, "Fibrinogen, Functional_max": 8.849113135621756e-05, "Creatine Kinase (CK)_min": 5.8727755351799956e-05, "White Blood Cells_max": 4.3911967198286177e-05, "Creatine Kinase (CK)_max": -1.7599021731145487e-05, "Alkaline Phosphatase_max": -3.9921349008648e-05, "Asparate Aminotransferase (AST)_max": -7.630091215633087e-05, "Oxygen Saturation_min": -0.0001581380448156197, "Glucose_max": -0.00017059397474623213, "Oxygen Saturation_max": -0.00029515096264234506, "Neutrophils_min": -0.0002990891711650122, "Urea Nitrogen_max": -0.00035356800213000544, "Alveolar-arterial Gradient_max": -0.0003900326351214561, "Protein_max": -0.00045898795977748356, "Triglycerides_max": -0.0004679354035251856, "Urea Nitrogen, Urine_max": -0.00047000925315767556, "Tidal Volume_min": -0.0005105494883370134, "Alkaline Phosphatase_min": -0.0005443859973360044, "pO2_max": -0.0006023136426284544, "Lipase_min": -0.0007289609955217901, "Creatine Kinase, MB Isoenzyme_max": -0.0008038952932421821, "Tidal Volume_max": -0.0010223441704649465, "Bicarbonate_min": -0.001032892066820424, "Cholesterol, Total_max": -0.0014553268393765798, "Sodium, Urine_min": -0.0014900312570241578, "Alanine Aminotransferase (ALT)_min": -0.0014944339544592357, "Neutrophils_max": -0.001627201543504622, "Creatinine_max": -0.001732640291565366, "Sodium, Urine_max": -0.002579455691189943, "Platelet Count_max": -0.0026189150529862875, "Creatinine, Urine_min": -0.0029578818335830315, "Transferrin_max": -0.0033133689723123865, "pCO2_min": -0.004182719953153603, "Hematocrit_max": -0.0087482695005635, "Base Excess_min": -0.009839494019101508, "Sodium_min": -0.010333633810817556, "Chloride, Whole Blood_min": -0.010589904682836522, "Chloride_max": -0.011814710358743425, "Sodium, Whole Blood_max": -0.01472067116880663, "Potassium, Whole Blood_min": -0.016180235204733558, "Chloride_min": -0.01653076659929337, "Osmolality, Measured_min": -0.01812655043098345, "Epithelial Cells_max": -0.01926961716296004, "Bilirubin, Total_min": -0.030539239295240016, "Monocytes_min": -0.03181545288468634, "Calculated Total CO2_min": -0.036074248637720456, "Troponin T_min": -0.040375162783565524, "Bilirubin, Indirect_max": -0.044011490501953014, "Lymphocytes_min": -0.044981685817948584, "Phosphate_min": -0.056102728958131835, "MCH_max": -0.056395232235986685, "MCHC_min": -0.06762486404438858, "Hemoglobin_max": -0.07096238240121794, "Eosinophils_max": -0.07400358111292714, "pH_min": -0.09042347020940644, "MCHC_max": -0.09048041489196726, "Bicarbonate_max": -0.10732836595731088, "Hemoglobin_min": -0.14004042329735555, "Calcium, Total_min": -0.18490331938848487, "Temperature_min": -0.19797570200704498, "Albumin_max": -0.24985372525695249, "Potassium, Whole Blood_max": -0.30882083604566896, "Creatinine_min": -0.3510302882338707, "Albumin_min": -0.430293983853887}