{"Lactate_max": 0.22765327465466978, "Lactate_min": 0.13798368120589316, "Anion Gap_min": 0.12337106444180516, "Phenytoin_min": 0.10914782354239498, "PT_min": 0.0875531243139353, "RDW_max": 0.06551458894404924, "Sodium_max": 0.06221866271329128, "Bilirubin, Direct_min": 0.057702975279490976, "Bilirubin, Direct_max": 0.04649115769374311, "Vancomycin_min": 0.0339215833095526, "INR(PT)_max": 0.03133824318650132, "pCO2_max": 0.030153192139585058, "Metamyelocytes_min": 0.02912458831632717, "Urea Nitrogen_min": 0.026294299146913322, "Myelocytes_max": 0.026291552413234918, "CK-MB Index_max": 0.025006809995290365, "Osmolality, Measured_max": 0.021451054085681622, "Metamyelocytes_max": 0.02010548142429435, "Bands_min": 0.01843083752184833, "Oxygen_max": 0.016087831769284272, "INR(PT)_min": 0.015374794783252531, "Glucose_min": 0.015199288015642933, "PTT_min": 0.014365625146705878, "White Blood Cells_max": 0.013616643690878245, "PEEP_min": 0.012405071223303766, "Myelocytes_min": 0.010623400817566596, "Base Excess_min": 0.008113320727931896, "Epithelial Cells_max": 0.007181067039319481, "Cholesterol, HDL_min": 0.006976675252135079, "Potassium, Urine_max": 0.0068328919387199115, "Atypical Lymphocytes_max": 0.006301072064422995, "Magnesium_max": 0.006267101482610506, "Polys_max": 0.005364051557581142, "Urea Nitrogen_max": 0.005106103085082182, "Alveolar-arterial Gradient_max": 0.004524202796340456, "Bands_max": 0.004023300851672272, "Asparate Aminotransferase (AST)_min": 0.0032826878720632335, "Sodium, Whole Blood_min": 0.0032570400788968727, "Cholesterol Ratio (Total/HDL)_min": 0.0025683680390806915, "Polys_min": 0.001762344050759102, "Required O2_min": 0.0015826532302853503, "Cholesterol, Total_min": 0.0015642915658430955, "Creatine Kinase, MB Isoenzyme_min": 0.0015150280249761978, "pO2_min": 0.0014550411693962885, "Cortisol_max": 0.0013082066985469773, "O2 Flow_min": 0.001276249829965671, "Fibrinogen, Functional_min": 0.0008951021051793512, "Amylase_min": 0.0008184470248964299, "WBC_min": 0.0008000086433416326, "Lactate Dehydrogenase (LD)_min": 0.0006839679798104713, "CK-MB Index_min": 0.00042619561457485106, "RBC_min": 0.00041656077566267294, "Osmolality, Urine_max": 0.0003712040109505955, "Urea Nitrogen, Urine_max": 0.0002694518307751203, "Osmolality, Urine_min": 0.00023772703614622086, "Phosphate_max": 0.00018879269560884688, "RBC_max": 0.000124918534265586, "WBC_max": 0.00012214118231780886, "Creatine Kinase (CK)_min": 9.882581548383064e-05, "Alkaline Phosphatase_max": 8.498314100035857e-05, "Asparate Aminotransferase (AST)_max": 8.387252760094218e-05, "Lactate Dehydrogenase (LD)_max": 7.541492777437754e-05, "Base Excess_max": 3.108738768965285e-05, "Ferritin_min": 8.270819422295209e-06, "Ferritin_max": -1.8058808589878235e-06, "Granulocyte Count_max": -5.9910821559203046e-06, "Creatine Kinase (CK)_max": -1.7466305272298222e-05, "Granulocyte Count_min": -4.950313553791052e-05, "Alveolar-arterial Gradient_min": -7.197574724885142e-05, "Triglycerides_min": -7.925516152563626e-05, "Fibrinogen, Functional_max": -8.478655701251613e-05, "Cholesterol Ratio (Total/HDL)_max": -9.048460021101004e-05, "Iron_max": -0.00016254660635577916, "Alanine Aminotransferase (ALT)_max": -0.0002815388007812642, "Amylase_max": -0.0003115192704430866, "Alkaline Phosphatase_min": -0.00047945767382694495, "Triglycerides_max": -0.0006025124631348979, "Cortisol_min": -0.0006310676763060138, "Thyroid Stimulating Hormone_min": -0.0006589628998857885, "Tidal Volume_min": -0.0007940283027863752, "Urea Nitrogen, Urine_min": -0.0008981943247531172, "Protein_min": -0.0009095037666098413, "Free Calcium_min": -0.00091924359817217, "Tidal Volume_max": -0.0010200931726328136, "Oxygen Saturation_min": -0.0010647329349509783, "Lipase_min": -0.001128289909065183, "Creatinine, Urine_min": -0.0013033177768900883, "Alanine Aminotransferase (ALT)_min": -0.0014069492360696634, "O2 Flow_max": -0.0015418294121042008, "Nucleated Red Cells_max": -0.0020016648663338126, "Creatine Kinase, MB Isoenzyme_max": -0.0020195754197648266, "Vancomycin_max": -0.002240676103481876, "PEEP_max": -0.003951382398191212, "Ketone_max": -0.0048408040176187534, "PT_max": -0.0052878067102646595, "Sodium, Urine_min": -0.005713132191950649, "Oxygen Saturation_max": -0.00658151975497304, "pCO2_min": -0.007563171708528248, "Cholesterol, LDL, Calculated_max": -0.009210550452862357, "Chloride, Whole Blood_max": -0.013576712584314334, "Protein, Total_max": -0.017343277654195962, "Thyroid Stimulating Hormone_max": -0.022095673449909894, "Osmolality, Measured_min": -0.022387569531252677, "Protein, Total_min": -0.022868229939411927, "Required O2_max": -0.027012188927532144, "Epithelial Cells_min": -0.028143513986795963, "Troponin T_min": -0.029365863075203925, "Sodium, Whole Blood_max": -0.030026512010989513, "Basophils_max": -0.03208695166918047, "Phenytoin_max": -0.032531455387349806, "tacroFK_max": -0.038857022762851884, "Uric Acid_max": -0.03971655794657951, "Uric Acid_min": -0.05183104549523813, "Temperature_max": -0.05366228223555111, "Anion Gap_max": -0.0593185385666055, "Calcium, Total_max": -0.06941418953200891, "Bicarbonate_min": -0.08487962356821903, "Potassium, Whole Blood_max": -0.12414576466101432, "Albumin_max": -0.13039337481768862, "Temperature_min": -0.157877584399438, "Calcium, Total_min": -0.16152317562997143, "Albumin_min": -0.16636601300740086}