{"Lactate_min": 0.19782851692736605, "Lactate_max": 0.1465244727867065, "Anion Gap_min": 0.13134335917548468, "Temperature_max": 0.12125449117898966, "Phenytoin_min": 0.09890362829475167, "Magnesium_min": 0.08251548599332983, "Phosphate_max": 0.07231318308182198, "Sodium_max": 0.06143583386214455, "PT_min": 0.05782071998812206, "White Blood Cells_min": 0.03711889776697045, "INR(PT)_min": 0.03622869340295511, "pCO2_max": 0.03168577502065602, "Urea Nitrogen_min": 0.029104895547502084, "RDW_min": 0.020349955983560056, "Glucose_min": 0.013785320327704149, "Oxygen_max": 0.012723659068518026, "PTT_min": 0.01122403261165597, "Bands_max": 0.010737977767593696, "MCH_min": 0.00975941518519499, "Specific Gravity_max": 0.009346423168247396, "Neutrophils_min": 0.004807483366612746, "White Blood Cells_max": 0.004718170526947573, "Osmolality, Measured_max": 0.003666064797854384, "Required O2_max": 0.0023584928117064544, "pO2_min": 0.002296896823429557, "PTT_max": 0.002079998538912781, "PT_max": 0.0019510995470727811, "Oxygen Saturation_min": 0.001657041023265818, "Creatinine, Urine_max": 0.0014582499695048382, "Asparate Aminotransferase (AST)_min": 0.0011101101673470922, "Urea Nitrogen_max": 0.0007784091170958484, "Lactate Dehydrogenase (LD)_min": 0.0006037586438420416, "Chloride_max": 0.0005757589453642961, "Alveolar-arterial Gradient_min": 0.0005356692374399846, "Asparate Aminotransferase (AST)_max": -4.5822596564018084e-05, "Tidal Volume_min": -0.00014601155581364837, "Glucose_max": -0.0002115614812599251, "Calcium, Total_max": -0.0004035931601198264, "Platelet Count_min": -0.000592673365411807, "pO2_max": -0.0008844891991352577, "Tidal Volume_max": -0.001640022814782775, "Platelet Count_max": -0.002450073676372924, "PEEP_max": -0.0028633567430780844, "Base Excess_min": -0.0064429506611070365, "pCO2_min": -0.013678087691480245, "Troponin T_max": -0.023759615336998583, "Potassium_max": -0.027295260333541817, "Sodium_min": -0.0387849752387363, "Bilirubin, Total_min": -0.04314374008938243, "Lymphocytes_min": -0.05164985070688771, "Bicarbonate_max": -0.07096591899904955, "Potassium_min": -0.0711810284909792, "MCHC_max": -0.07604133524798733, "Phosphate_min": -0.07750506834446304, "Potassium, Whole Blood_min": -0.09743840397179643, "MCHC_min": -0.09872534265408554, "Albumin_max": -0.1664893444646964, "Temperature_min": -0.22084705134367863, "Creatinine_min": -0.3082452370499621, "Albumin_min": -0.7788369056169903}