{"pH_max": 0.29895787970857557, "Lactate_min": 0.1562339869419295, "Lactate_max": 0.1419574386315626, "Phenytoin_min": 0.14161467206231815, "Bilirubin, Direct_min": 0.125816860834863, "Anion Gap_min": 0.10395886928167286, "Sodium_max": 0.074138170920108, "Phosphate_max": 0.06161650934223473, "Temperature_max": 0.06079645864253189, "PT_min": 0.05585229477872049, "CK-MB Index_min": 0.0490430788775571, "Metamyelocytes_max": 0.043857968022153394, "Atypical Lymphocytes_max": 0.0430363993558656, "White Blood Cells_min": 0.040486210143893336, "pCO2_max": 0.03579658188466519, "Vancomycin_min": 0.03089251696558982, "Magnesium_max": 0.029391200396106397, "MCV_max": 0.025939072456489833, "Red Blood Cells_max": 0.025195954392718267, "Urobilinogen_max": 0.02214321408962727, "Urea Nitrogen_min": 0.019208114181683892, "RDW_max": 0.018580965374098785, "Bands_min": 0.018528546440095266, "Osmolality, Measured_max": 0.016259928009454545, "Glucose_min": 0.013795034354111028, "Base Excess_max": 0.013645220584543392, "Bilirubin, Total_max": 0.013572816605177888, "INR(PT)_min": 0.011476298526874262, "PTT_min": 0.0112968823202987, "Oxygen_min": 0.010678687857423692, "Neutrophils_min": 0.009239958596554923, "Oxygen_max": 0.008764875271509692, "INR(PT)_max": 0.00653204969134755, "Sodium, Whole Blood_min": 0.006415241648013841, "Urea Nitrogen_max": 0.005669443476793719, "O2 Flow_min": 0.004206836051107709, "Free Calcium_min": 0.0036600505264489966, "Lymphocytes_max": 0.002717692929741558, "PTT_max": 0.0026221337532176493, "Asparate Aminotransferase (AST)_min": 0.0023208086650063197, "Monocytes_max": 0.002223883918881483, "pO2_min": 0.002081223956181109, "Cortisol_max": 0.001914624407819098, "Osmolality, Urine_max": 0.00185045910349893, "Polys_min": 0.0017364253952471109, "Alveolar-arterial Gradient_max": 0.0011527246789021777, "Amylase_min": 0.0010407927117245983, "Lactate Dehydrogenase (LD)_min": 0.0006594104977266895, "White Blood Cells_max": 0.0005718125739369847, "Specific Gravity_min": 0.0005160295340823557, "Platelet Count_min": 0.00036367482380230087, "PT_max": 0.00029231303042666427, "Transferrin_min": 0.000234786882494884, "Bands_max": 0.00014813882574151756, "Creatine Kinase (CK)_min": 0.00011600209280874522, "Lactate Dehydrogenase (LD)_max": 7.028945423852745e-05, "Ferritin_max": 8.509387480029707e-07, "Alkaline Phosphatase_max": -7.186883867883093e-06, "Creatine Kinase (CK)_max": -9.431535057230432e-06, "Amylase_max": -0.00011113708309378121, "Vitamin B12_max": -0.00011691463136470822, "Lipase_max": -0.0001867438595683987, "Urea Nitrogen, Urine_max": -0.0002133907810254339, "Glucose_max": -0.00021841832071907677, "Protein_max": -0.00027532295069251385, "Alkaline Phosphatase_min": -0.0006133343325266655, "Creatinine, Urine_min": -0.0006232436068922795, "pO2_max": -0.000653590279449139, "Tidal Volume_max": -0.0007162119070154101, "Lipase_min": -0.000779241187092405, "Triglycerides_min": -0.000837481967965258, "Tidal Volume_min": -0.0009703947681235923, "Osmolality, Urine_min": -0.0010901830573976572, "Oxygen Saturation_min": -0.0011792237650653876, "Alanine Aminotransferase (ALT)_min": -0.001715300858744491, "PEEP_max": -0.002088099443227088, "Required O2_min": -0.0022036874431987006, "O2 Flow_max": -0.002311013340499678, "Platelet Count_max": -0.0024533703274872086, "Neutrophils_max": -0.0024603920978902697, "Creatine Kinase, MB Isoenzyme_min": -0.003222407840880274, "Sodium, Urine_max": -0.0046572193943043814, "Transferrin_max": -0.004884992725831748, "Chloride, Whole Blood_min": -0.005757987910957895, "RDW_min": -0.005953470876415806, "Bicarbonate_min": -0.009419658450545022, "Chloride_min": -0.010357322155873122, "Base Excess_min": -0.010905498628914946, "pCO2_min": -0.01174691382912624, "Sodium_min": -0.011754578158933363, "Calcium, Total_max": -0.01276884916106606, "Hematocrit_min": -0.012793399724374172, "Chloride_max": -0.01378861344969098, "Calculated Total CO2_min": -0.014097851169352707, "Eosinophils_max": -0.014349877090653444, "Osmolality, Measured_min": -0.014876507398809788, "Thyroid Stimulating Hormone_min": -0.01603575594529077, "Hematocrit_max": -0.024036358544865636, "Sodium, Whole Blood_max": -0.02607744232140484, "Monocytes_min": -0.026272664481257233, "Troponin T_max": -0.030840258154897163, "Red Blood Cells_min": -0.03142236755326012, "Free Calcium_max": -0.03358867657843616, "Lymphocytes_min": -0.03383851674288497, "Potassium_min": -0.035785187466494374, "Phenytoin_max": -0.03695388689044372, "pH_min": -0.044474069188827674, "MCHC_min": -0.04921973996380025, "Bilirubin, Indirect_max": -0.050898574891534654, "MCH_max": -0.06052831474646977, "Bilirubin, Total_min": -0.07764646953575007, "Bicarbonate_max": -0.08830693762710683, "MCHC_max": -0.08925404440418656, "Eosinophils_min": -0.10277083864915386, "Temperature_min": -0.14394112820765428, "Albumin_max": -0.15291130903793457, "Creatinine_max": -0.16224663160378733, "Calcium, Total_min": -0.17201010354942314, "Potassium, Whole Blood_max": -0.20135211393529276, "Albumin_min": -0.22816963938684387}