{"Lactate_max": 0.16244063797471192, "Lactate_min": 0.15880113084281378, "Sodium_max": 0.08640925126282836, "PT_min": 0.06710992762784104, "Phosphate_max": 0.049228851412671325, "White Blood Cells_min": 0.04262833217720582, "Anion Gap_min": 0.032652615022478376, "pCO2_max": 0.031944839191616316, "Urea Nitrogen_min": 0.01798130006201927, "PTT_min": 0.015000523150418417, "Glucose_min": 0.012518360029319575, "Oxygen_max": 0.011220772810795082, "Oxygen_min": 0.00895475557861698, "Bilirubin, Total_max": 0.006328666116608113, "Urea Nitrogen_max": 0.0024685111135769712, "Asparate Aminotransferase (AST)_min": 0.0015818050883073544, "pO2_min": 0.0008843886461346231, "Lactate Dehydrogenase (LD)_max": 8.420012094233739e-05, "Glucose_max": -8.307538029593293e-05, "Osmolality, Measured_max": -0.00045659459190464905, "pO2_max": -0.0007203383881258935, "Platelet Count_max": -0.002012705797386672, "Tidal Volume_min": -0.0021183807480341893, "Base Excess_min": -0.010926417345521125, "Eosinophils_max": -0.03416843139594241, "Chloride_min": -0.04250716337231975, "Lymphocytes_min": -0.06820387954579618, "Bicarbonate_max": -0.11570846929033073, "Temperature_min": -0.27060224780476727, "Albumin_max": -0.7128945468646011}