{"pH_max": 0.1514716025559225, "Lactate_max": 0.15126627969098633, "Lactate_min": 0.11283258921795013, "Anion Gap_min": 0.07809051500185187, "Phenytoin_min": 0.07308943852699466, "Sodium_max": 0.0716677780604437, "PT_min": 0.05702254233060915, "Bilirubin, Direct_max": 0.05536419887347683, "White Blood Cells_min": 0.042870896205302225, "Bilirubin, Direct_min": 0.0394456418819237, "Phosphate_max": 0.03591850982664757, "Calculated Total CO2_max": 0.03437696069905719, "Atypical Lymphocytes_max": 0.03270664687894956, "CK-MB Index_min": 0.03119647494604437, "Metamyelocytes_max": 0.030925529251669023, "Vancomycin_min": 0.02951152426650441, "pCO2_max": 0.02855977758173899, "Urea Nitrogen_min": 0.02674498188368055, "MCV_min": 0.01730274048044002, "Osmolality, Measured_max": 0.016851128937539813, "Red Blood Cells_max": 0.01659628032907192, "RDW_max": 0.014371847930710651, "PTT_min": 0.014351913494608806, "Oxygen_max": 0.013020822268163272, "Glucose_min": 0.012083452447729816, "INR(PT)_min": 0.011152672540117474, "MCH_min": 0.009323820868793598, "Oxygen_min": 0.005563378075152621, "PT_max": 0.004176731903058031, "Base Excess_min": 0.003918464100944565, "Lymphocytes_max": 0.003869773891679451, "Cortisol_max": 0.003052306199412344, "Cortisol_min": 0.0029879838227592566, "Alveolar-arterial Gradient_max": 0.0024409222168057477, "pO2_min": 0.002194956349304101, "Temperature_max": 0.0018058678223423106, "Creatinine, Urine_max": 0.0017017872787569006, "White Blood Cells_max": 0.0016990821767914682, "Asparate Aminotransferase (AST)_min": 0.0016940695126970776, "PTT_max": 0.0014549282135583868, "WBC_max": 0.0006645047458428901, "Osmolality, Urine_min": 0.0006156629572962591, "Lactate Dehydrogenase (LD)_min": 0.0005697269629497675, "Neutrophils_min": 0.0005104737267315078, "Fibrinogen, Functional_max": 0.0003346672586698834, "Fibrinogen, Functional_min": 0.00032551810519058607, "Lactate Dehydrogenase (LD)_max": 8.934759299776088e-05, "Creatine Kinase (CK)_min": 8.543283944116064e-05, "Glucose_max": 1.892243893156803e-05, "Lipase_max": 1.936217641299652e-06, "Ferritin_max": -1.0660946931280056e-07, "Creatine Kinase (CK)_max": -7.440196071694877e-06, "Platelet Count_min": -3.349371762212875e-05, "Asparate Aminotransferase (AST)_max": -6.218042005301125e-05, "Free Calcium_min": -0.00010380341221053503, "Urea Nitrogen_max": -0.00013811598222096048, "Alkaline Phosphatase_min": -0.00015690093027911214, "Oxygen Saturation_min": -0.00037009010507722963, "Specific Gravity_max": -0.0003941045223064051, "Nucleated Red Cells_max": -0.0004466138791104647, "PEEP_max": -0.0006633663882751067, "WBC_min": -0.00067022906879685, "Specific Gravity_min": -0.0007334104679279054, "pO2_max": -0.0007647282684342576, "Lipase_min": -0.0009095546350470934, "Tidal Volume_max": -0.001368996570166147, "Neutrophils_max": -0.001595560357388416, "Platelet Count_max": -0.002099922185524144, "Creatinine, Urine_min": -0.0022844378048390355, "Sodium, Urine_min": -0.004810144497157786, "RDW_min": -0.00593232863236781, "Creatinine_max": -0.007581843604777721, "Monocytes_max": -0.008028720003417361, "Required O2_max": -0.009084080083154858, "Thyroid Stimulating Hormone_min": -0.010332131675124293, "Red Blood Cells_min": -0.011240090819785553, "pCO2_min": -0.011998698714784223, "Calcium, Total_max": -0.01383489794164613, "Bicarbonate_min": -0.01420816521287813, "Osmolality, Measured_min": -0.014465443334371478, "Sodium_min": -0.014560130281404132, "Chloride_max": -0.016301584905544408, "Hematocrit_max": -0.017071772560274853, "Anion Gap_max": -0.017233102474392734, "Potassium_max": -0.017670923584275355, "Hematocrit_min": -0.01831710865455552, "Potassium_min": -0.020141644320247308, "Free Calcium_max": -0.021622808589756803, "Chloride_min": -0.025505528524037153, "Calculated Total CO2_min": -0.026813316555136114, "Bilirubin, Total_max": -0.027640209713264217, "Monocytes_min": -0.029213621535783482, "Hemoglobin_max": -0.02975597728723091, "Uric Acid_max": -0.030630290937124348, "Eosinophils_max": -0.030993508245574675, "Hemoglobin_min": -0.03409581522120879, "Potassium, Whole Blood_min": -0.03811872427849522, "Troponin T_max": -0.03853192658455284, "Phosphate_min": -0.04241271776788504, "Lymphocytes_min": -0.04785450272808489, "Uric Acid_min": -0.05338115893610078, "Eosinophils_min": -0.06291910751228047, "MCHC_min": -0.07439186615002427, "MCHC_max": -0.08678115663187574, "Albumin_max": -0.09316331122115361, "Bicarbonate_max": -0.09862360278536757, "Calcium, Total_min": -0.10132604046212358, "Creatinine_min": -0.114106966695375, "Temperature_min": -0.12396005433723316, "Albumin_min": -0.14331783097106904}