{"mca_6": -1.3825682371849044, "Cholesterol, Total_max": -1.1576575350382927, "mca_2": -0.992034017520737, "Albumin_min": -0.6976586809240974, "mca_8": -0.482693663374893, "Osmolality, Measured_min": -0.45840007565774354, "Required O2_max": -0.4570301702023331, "Alveolar-arterial Gradient_min": -0.4182548995588946, "Uric Acid_min": -0.35425728536976453, "Cholesterol, LDL, Calculated_min": -0.29768608617274134, "Temperature_min": -0.2788313680841277, "Protein, Total_min": -0.27463460771959536, "Cholesterol, HDL_max": -0.2674002031887063, "Cholesterol Ratio (Total/HDL)_min": -0.2540602898586944, "Alanine Aminotransferase (ALT)_max": -0.23663416643047616, "Creatine Kinase, MB Isoenzyme_max": -0.23213716885872082, "Sodium, Whole Blood_max": -0.22370662449948794, "Tidal Volume_max": -0.22099457200481049, "Calculated Total CO2_min": -0.21399308060494174, "Granulocyte Count_min": -0.21238431010013545, "Urea Nitrogen, Urine_min": -0.20665688943082683, "Alanine Aminotransferase (ALT)_min": -0.19492155598120742, "Hematocrit, Calculated_max": -0.17038986258707733, "Iron Binding Capacity, Total_max": -0.1697686529451417, "Creatinine, Urine_min": -0.16383123613571027, "Sodium, Urine_min": -0.15721016591900128, "Thyroid Stimulating Hormone_max": -0.15561068075942913, "Epithelial Cells_min": -0.1443830202113734, "Triglycerides_min": -0.13221708953826913, "Tidal Volume_min": -0.12793646284708596, "Phenytoin_max": -0.12494251526071189, "Chloride, Whole Blood_max": -0.11299186385267833, "Iron_max": -0.11127402065342429, "Nucleated Red Cells_max": -0.10008174650526337, "Sodium, Urine_max": -0.09509422982611815, "Troponin T_min": -0.09136250356241438, "Fibrinogen, Functional_max": -0.08859710711292897, "Protein_max": -0.08259220378683553, "Amylase_max": -0.07345446677816851, "Lipase_min": -0.06974957928565265, "Albumin_max": -0.06254227583476045, "O2 Flow_max": -0.05820472085183178, "PEEP_max": -0.05221671350889403, "Triglycerides_max": -0.046200387183069125, "Phosphate_max": -0.044626396957014744, "Alkaline Phosphatase_min": -0.0442596666740597, "Protein_min": -0.043815566394699156, "Creatinine_max": -0.04047652088489733, "Base Excess_max": -0.03885124773543218, "pCO2_min": -0.03342934025558726, "Basophils_max": -0.031205314033674048, "Granulocyte Count_max": -0.0243784095624193, "Metamyelocytes_max": -0.02403634032636511, "WBC_min": -0.02106596534564002, "Alkaline Phosphatase_max": -0.020131012965611202, "Cortisol_min": -0.013843421228366667, "Oxygen Saturation_max": -0.013209864368087331, "Oxygen Saturation_min": -0.011618170017442414, "Urobilinogen_min": -0.00959983084668741, "Vancomycin_max": -0.0016384874216790535, "Vitamin B12_min": -0.0013168655895311784, "Anion Gap_max": 0.0032678166139937094, "Ferritin_min": 0.0036576494447771307, "Base Excess_min": 0.003929908986915971, "Osmolality, Urine_min": 0.006224862428256805, "Chloride, Whole Blood_min": 0.007148281778104135, "O2 Flow_min": 0.007846774267618678, "Myelocytes_min": 0.009600328809778964, "INR(PT)_max": 0.011113295579630821, "CK-MB Index_min": 0.0119343735438713, "Uric Acid_max": 0.012637748532780997, "Urea Nitrogen_max": 0.01585160593231452, "Atypical Lymphocytes_max": 0.019393308877896896, "Bands_max": 0.019967604415307896, "Magnesium_max": 0.02028770501618104, "PT_max": 0.020328882120379206, "Potassium, Urine_max": 0.029151603383852035, "Nucleated Red Cells_min": 0.03032745897117729, "Sodium, Whole Blood_min": 0.031002726152866613, "RBC_min": 0.03615998842335598, "Cortisol_max": 0.03861148737216606, "RBC_max": 0.041883310933743076, "Metamyelocytes_min": 0.042912299321098496, "Creatine Kinase, MB Isoenzyme_min": 0.0444287760056668, "Myelocytes_max": 0.05203800655018699, "Troponin T_max": 0.054284735827735964, "Thyroid Stimulating Hormone_min": 0.054785497551190464, "Asparate Aminotransferase (AST)_max": 0.061413082060734855, "Urea Nitrogen, Urine_max": 0.06184448587349155, "WBC_max": 0.06275514738847017, "Creatinine, Urine_max": 0.06277071790916702, "PEEP_min": 0.0638294589372893, "Potassium, Urine_min": 0.06828558342878759, "INR(PT)_min": 0.07081709610145517, "Bands_min": 0.07297016236863245, "Urobilinogen_max": 0.07427202297280938, "Epithelial Cells_max": 0.0788261908192241, "Amylase_min": 0.09205677280013261, "Fibrinogen, Functional_min": 0.09447467609540212, "Polys_min": 0.1008094825853664, "Creatine Kinase (CK)_min": 0.10385484222455584, "Free Calcium_min": 0.11909569243438496, "PTT_min": 0.12045802147388855, "Temperature_max": 0.12116080231367328, "Bilirubin, Direct_min": 0.12157246346616193, "Osmolality, Urine_max": 0.1446444527526984, "White Blood Cells_max": 0.14977062949723852, "Polys_max": 0.15784514242156794, "Bilirubin, Direct_max": 0.1612082238911554, "PT_min": 0.170570663861192, "Lactate Dehydrogenase (LD)_max": 0.17679243139449485, "Vancomycin_min": 0.17782015743065763, "Oxygen_max": 0.19969251531106072, "Iron_min": 0.21768591258218714, "CK-MB Index_max": 0.22978159163653103, "Lactate_min": 0.25680494527644865, "Protein, Total_max": 0.26024479871027184, "Sodium_max": 0.2661602563035119, "Oxygen_min": 0.2719524761456672, "Lactate Dehydrogenase (LD)_min": 0.2904623372067901, "Cholesterol Ratio (Total/HDL)_max": 0.36813084140503505, "Required O2_min": 0.38188673665383177, "Lactate_max": 0.39033445412574724, "Urea Nitrogen_min": 0.4116361492472569, "mca_1": 0.435260985360366, "Cholesterol, HDL_min": 0.44221572786405583, "pCO2_max": 0.44495621043872896, "Anion Gap_min": 0.44569736056940634, "Glucose_min": 0.5097150224220174, "Osmolality, Measured_max": 0.5467569038275231, "Alveolar-arterial Gradient_max": 0.6042249522934259, "Phenytoin_min": 0.6221096899357806, "Asparate Aminotransferase (AST)_min": 0.6492537131914786, "Cholesterol, Total_min": 1.1405933099725725}