{"pH_max": 0.29176042819689024, "Lactate_max": 0.18537780610197102, "Lactate_min": 0.17018025871815046, "Bilirubin, Direct_min": 0.15091205100077207, "Phenytoin_min": 0.15024559586158015, "Anion Gap_min": 0.12217512782953131, "Sodium_max": 0.08228365192425847, "Phosphate_max": 0.060959378747262635, "Atypical Lymphocytes_max": 0.049332499339278114, "White Blood Cells_min": 0.049003196443185924, "RDW_max": 0.048050269793095506, "CK-MB Index_min": 0.04679971965584228, "PT_min": 0.044361176361256194, "Myelocytes_max": 0.04307809969724969, "Hematocrit, Calculated_min": 0.041425752829492866, "pCO2_max": 0.033564151401021224, "Urea Nitrogen_min": 0.030215522891512383, "Magnesium_max": 0.028230792266307952, "MCV_min": 0.027231026796410904, "Vancomycin_min": 0.02627598515017567, "Temperature_max": 0.024827493521766143, "Red Blood Cells_max": 0.017516060875819077, "Calculated Total CO2_max": 0.016863651941043185, "Osmolality, Measured_max": 0.01534504943161766, "PTT_min": 0.015306415901860698, "Bands_min": 0.013410476369694302, "Glucose_min": 0.013230013378979586, "INR(PT)_min": 0.010836010215115455, "Magnesium_min": 0.009760320808130453, "Oxygen_max": 0.009365111440454241, "Urobilinogen_min": 0.008970412338358533, "Hematocrit_min": 0.008714474997384007, "Creatinine_max": 0.00861951170448081, "Oxygen_min": 0.008005025368186999, "Neutrophils_min": 0.006683581799366143, "Potassium, Urine_min": 0.006210244708801271, "Atypical Lymphocytes_min": 0.005959153545431973, "Bands_max": 0.0044098891529464265, "Lymphocytes_max": 0.0037411595727663283, "PT_max": 0.0028749706371670636, "pO2_min": 0.0021657552207483975, "Cortisol_min": 0.0019219562357829058, "PTT_max": 0.00170372668740989, "Alveolar-arterial Gradient_max": 0.0015758046908051695, "Epithelial Cells_max": 0.0015590241440148348, "White Blood Cells_max": 0.001485064713163403, "Asparate Aminotransferase (AST)_min": 0.0013119363314109016, "Creatinine, Urine_max": 0.0012328509104464916, "Amylase_min": 0.001121476123983919, "O2 Flow_min": 0.0010657550789964143, "Creatine Kinase, MB Isoenzyme_min": 0.0008477614983909634, "Osmolality, Urine_max": 0.0006956791809451135, "Lactate Dehydrogenase (LD)_min": 0.0006308161080971531, "Specific Gravity_max": 0.000600053719104708, "Platelet Count_min": 0.0004314864572258282, "Required O2_max": 0.0004235791713370151, "Fibrinogen, Functional_min": 0.00039868465759401104, "WBC_max": 0.0003268177201496119, "Alkaline Phosphatase_max": 0.00032209507381330123, "Specific Gravity_min": 0.00022077086702984193, "Urea Nitrogen, Urine_max": 0.0002016726467811492, "Osmolality, Urine_min": 0.00016754818708606252, "Oxygen Saturation_max": 0.00011179865352652163, "Lactate Dehydrogenase (LD)_max": 0.00010541631041319311, "Creatine Kinase (CK)_min": 9.743559826605614e-05, "Ferritin_min": 7.70366201091904e-06, "Lipase_max": 1.3558417768801224e-06, "Ferritin_max": -4.226018295996781e-06, "Creatine Kinase (CK)_max": -1.2987497487932681e-05, "Fibrinogen, Functional_max": -4.219279541524852e-05, "Glucose_max": -0.00011364479675774791, "Asparate Aminotransferase (AST)_max": -0.00011822991114107137, "Vitamin B12_min": -0.00019232997738342626, "Triglycerides_max": -0.0002803227706378425, "Triglycerides_min": -0.000325208473640096, "Amylase_max": -0.00037551245462410913, "WBC_min": -0.00043344266957534154, "pO2_max": -0.00043450096713213646, "Alveolar-arterial Gradient_min": -0.0004410011941837506, "Free Calcium_min": -0.00048716479134050495, "Nucleated Red Cells_max": -0.000505104575145472, "Transferrin_min": -0.0006135072011777188, "Urea Nitrogen, Urine_min": -0.0006715429430475422, "Tidal Volume_min": -0.0007484642486386687, "Oxygen Saturation_min": -0.0007666319938625441, "Sodium_min": -0.0007687603559799121, "Tidal Volume_max": -0.0009027287281800855, "Urea Nitrogen_max": -0.0009943294968245671, "Protein_max": -0.0010064598425581646, "Alkaline Phosphatase_min": -0.0010259845837022245, "Lipase_min": -0.0011971505774809306, "Monocytes_max": -0.0013335833047338846, "Bilirubin, Indirect_min": -0.0017019087679191265, "Creatinine, Urine_min": -0.0018056434752032468, "Creatine Kinase, MB Isoenzyme_max": -0.0019014911237767908, "Platelet Count_max": -0.0024235769612891145, "Sodium, Urine_min": -0.0035918259769420085, "Transferrin_max": -0.003998827674482078, "Ketone_max": -0.004107667182850106, "Base Excess_min": -0.004453289615101435, "Neutrophils_max": -0.006360946262260389, "PEEP_max": -0.00921465779863106, "pCO2_min": -0.009732701798106312, "Thyroid Stimulating Hormone_max": -0.009801887554216883, "Chloride_max": -0.010778976642438003, "Free Calcium_max": -0.010940862395595632, "Hematocrit_max": -0.011266159544798832, "Calcium, Total_max": -0.015899167685245436, "Osmolality, Measured_min": -0.016436363808712336, "Chloride, Whole Blood_max": -0.01669124697911193, "Hemoglobin_max": -0.018298984793997324, "Basophils_max": -0.02016861795343117, "Hematocrit, Calculated_max": -0.021464888371027155, "Monocytes_min": -0.02186495416298166, "MCH_max": -0.022037611492592927, "Basophils_min": -0.02540595624133933, "Potassium_max": -0.026755709011069193, "Calculated Total CO2_min": -0.027508221008924538, "Anion Gap_max": -0.027878992996477225, "Potassium_min": -0.028667176504484818, "Troponin T_min": -0.03383568422952946, "Lymphocytes_min": -0.03772318541560405, "Chloride_min": -0.038727685038825274, "Bilirubin, Indirect_max": -0.03969984606730872, "MCHC_max": -0.05214196591404139, "RDW_min": -0.05418435473258621, "pH_min": -0.05792292624947248, "Phosphate_min": -0.05857570651483704, "Bilirubin, Total_min": -0.07077720549767405, "MCHC_min": -0.07079725181579619, "Potassium, Whole Blood_min": -0.07101078435801587, "Bicarbonate_max": -0.11958727147871076, "Hemoglobin_min": -0.12913267154738675, "Eosinophils_min": -0.13276888715287113, "Calcium, Total_min": -0.15047496456577347, "Albumin_max": -0.15515194148061118, "Temperature_min": -0.1578362534140261, "Potassium, Whole Blood_max": -0.1662615168832876, "Creatinine_min": -0.23024847677916088, "Albumin_min": -0.23177039659090395}