{"mca_6": -1.0646187034179875, "Alveolar-arterial Gradient_min": -0.6816375178610768, "Cholesterol, Total_max": -0.608486578113095, "Transferrin_max": -0.6011498385758222, "Albumin_min": -0.5619873855329165, "Osmolality, Measured_min": -0.5095191788589569, "Protein, Total_min": -0.34583791975892314, "mca_8": -0.31684060959839905, "Granulocyte Count_min": -0.3158310173475976, "Ketone_min": -0.31159318891843496, "Phenytoin_max": -0.25847145009523786, "Required O2_max": -0.25398863706954034, "Uric Acid_min": -0.2527037605433866, "Temperature_min": -0.2470311352918765, "Cholesterol, LDL, Calculated_min": -0.2396029809184308, "Alanine Aminotransferase (ALT)_max": -0.22352748000054914, "Urea Nitrogen, Urine_min": -0.20755296920595076, "Tidal Volume_max": -0.20096936561311765, "Sodium, Whole Blood_max": -0.19644793314933437, "Alanine Aminotransferase (ALT)_min": -0.1870217172731179, "Bicarbonate_min": -0.18436625253962752, "mca_9": -0.18424350189477628, "Cholesterol Ratio (Total/HDL)_min": -0.1704930796614514, "Tidal Volume_min": -0.161264730813681, "Calcium, Total_min": -0.15909348762791242, "Cholesterol, HDL_max": -0.15071702940863563, "Triglycerides_min": -0.1491341527362749, "Sodium, Urine_min": -0.14448578428228295, "Calculated Total CO2_min": -0.141754392643109, "Epithelial Cells_min": -0.1390803574889046, "Creatine Kinase (CK)_max": -0.13397378705453222, "Creatinine, Urine_min": -0.11853184658773004, "Amylase_max": -0.11445228241210288, "Sodium, Urine_max": -0.11024164128332772, "PEEP_max": -0.08804783330960944, "Lipase_min": -0.08401091804633656, "Triglycerides_max": -0.08367279952787264, "Thyroid Stimulating Hormone_max": -0.0830562143498328, "Troponin T_min": -0.06864875858216377, "Base Excess_max": -0.0647584730835999, "Troponin T_max": -0.06428584590798231, "Potassium, Whole Blood_min": -0.06174337227977072, "Fibrinogen, Functional_max": -0.05612138978076761, "Protein_max": -0.05604281866272222, "Vitamin B12_max": -0.04974837313979818, "pCO2_min": -0.04738671591494266, "Creatine Kinase, MB Isoenzyme_min": -0.04701801105083623, "Chloride, Whole Blood_min": -0.04576053008787934, "Urea Nitrogen_max": -0.04519847830853869, "Cortisol_max": -0.040287602217175714, "Oxygen Saturation_min": -0.03560743718706986, "Albumin_max": -0.03460705258560821, "Basophils_max": -0.034065897844190424, "Protein_min": -0.03248253174530956, "O2 Flow_max": -0.02566021316983576, "Nucleated Red Cells_max": -0.01935775688537664, "Iron_max": -0.018943520373212668, "PT_max": -0.01561844356630361, "Urea Nitrogen, Urine_max": -0.014245434666443162, "Ketone_max": -0.011965553453405546, "Oxygen Saturation_max": -0.010491807944155863, "Bands_max": -0.006672096528500335, "Thyroid Stimulating Hormone_min": -0.005905949580350614, "Alkaline Phosphatase_max": -0.002283219498979237, "Ferritin_max": -0.0019856955875711376, "Metamyelocytes_max": 0.00032581754594326645, "Phosphate_max": 0.0015397665563029214, "Potassium, Urine_min": 0.003750602770140192, "Alkaline Phosphatase_min": 0.004272198326322322, "Vancomycin_max": 0.005419382464633371, "Osmolality, Urine_min": 0.008721346213108062, "WBC_min": 0.010867115574484894, "RBC_min": 0.011370168691747833, "Magnesium_max": 0.011852336751202975, "Ferritin_min": 0.019191403816990183, "Granulocyte Count_max": 0.019854191743614424, "Base Excess_min": 0.022074093305834548, "Atypical Lymphocytes_max": 0.023909789834638175, "INR(PT)_max": 0.02468003219771989, "RBC_max": 0.024859936905322497, "WBC_max": 0.026667193022900382, "Myelocytes_min": 0.02966256880183676, "Urobilinogen_min": 0.03251586234986035, "Metamyelocytes_min": 0.044503444557830986, "O2 Flow_min": 0.0454927128919094, "Epithelial Cells_max": 0.05204525024921857, "Uric Acid_max": 0.05867444480204131, "Myelocytes_max": 0.0595906549426602, "Sodium, Whole Blood_min": 0.06022555301297505, "CK-MB Index_max": 0.06433784206562883, "Cholesterol, LDL, Calculated_max": 0.07101459308839299, "PEEP_min": 0.07883665055443226, "Polys_min": 0.08451156109182595, "Creatine Kinase (CK)_min": 0.08554637734640007, "Cortisol_min": 0.08745792648773615, "PT_min": 0.08778815763828071, "Iron_min": 0.09313198726397823, "Anion Gap_max": 0.09673180257410806, "Asparate Aminotransferase (AST)_max": 0.10158122830678856, "Bands_min": 0.10218637802942362, "CK-MB Index_min": 0.11213976308661158, "Amylase_min": 0.11316097903151968, "Lactate Dehydrogenase (LD)_max": 0.11465178728232633, "Potassium, Urine_max": 0.11508719646524265, "Fibrinogen, Functional_min": 0.11740672631918356, "Free Calcium_min": 0.12525468085226546, "PTT_min": 0.13026018567464942, "White Blood Cells_max": 0.1322606655309169, "Osmolality, Urine_max": 0.13405952848959107, "Temperature_max": 0.14916163828123077, "Bilirubin, Direct_max": 0.15446750836936007, "INR(PT)_min": 0.1564345588187915, "Bilirubin, Direct_min": 0.16089771256295657, "pO2_min": 0.16636732958228465, "Polys_max": 0.17246157195570774, "Oxygen_max": 0.18764843969499692, "Sodium_max": 0.2159818266809618, "Vancomycin_min": 0.22338950688909665, "Cholesterol Ratio (Total/HDL)_max": 0.23293782238217384, "Lactate_min": 0.2862396913632388, "Oxygen_min": 0.2894363995325712, "Cholesterol, HDL_min": 0.30290650722281043, "Protein, Total_max": 0.3588100648658349, "Lactate_max": 0.38179104676404835, "Lactate Dehydrogenase (LD)_min": 0.3886481587821636, "Alveolar-arterial Gradient_max": 0.40057659806822143, "mca_1": 0.4318810616816862, "Iron Binding Capacity, Total_min": 0.4349311672981515, "pCO2_max": 0.4903687153972478, "Urea Nitrogen_min": 0.5429017395421339, "Osmolality, Measured_max": 0.5443549500820453, "Glucose_min": 0.5456578944916722, "Cholesterol, Total_min": 0.6444240802465083, "Asparate Aminotransferase (AST)_min": 0.6683600226497932, "Required O2_min": 0.6811288879159351, "Phenytoin_min": 0.7131644012968492}