{"Lactate_min": 0.18729874121321843, "Lactate_max": 0.1452847758156923, "MCH_min": 0.10544676012487658, "Phenytoin_min": 0.09296430712898582, "Anion Gap_min": 0.07770358888081835, "Sodium_max": 0.07306309086137536, "RDW_max": 0.06979170892167683, "PT_min": 0.06132064721321951, "Red Blood Cells_max": 0.05762229141437155, "Hematocrit, Calculated_min": 0.054469709928121446, "White Blood Cells_min": 0.05106202783303393, "Bilirubin, Direct_max": 0.04387467746763496, "Phosphate_max": 0.03595737522912129, "pCO2_max": 0.033356924290181444, "Hematocrit_min": 0.031545500669895234, "Calculated Total CO2_max": 0.03134739482134353, "Vancomycin_min": 0.02930237250299559, "Magnesium_max": 0.026346509514899388, "Urea Nitrogen_min": 0.021252412079382894, "INR(PT)_min": 0.019513311737874035, "Magnesium_min": 0.015662766346891288, "Glucose_min": 0.013231522967526648, "CK-MB Index_min": 0.010825286637128508, "Oxygen_max": 0.009789155852776876, "Oxygen_min": 0.009383796570960959, "PTT_min": 0.005906179932490516, "Free Calcium_min": 0.005130591252708026, "Osmolality, Measured_max": 0.004612385866407907, "Chloride_max": 0.003893038122261529, "Polys_min": 0.0027486684124111435, "Specific Gravity_max": 0.0027427771647652263, "PTT_max": 0.002550122907791213, "pO2_min": 0.002332662894835628, "Asparate Aminotransferase (AST)_min": 0.0022709869263440458, "INR(PT)_max": 0.0016815604848066542, "Required O2_max": 0.0015907770892595006, "Oxygen Saturation_min": 0.001583138453929733, "Specific Gravity_min": 0.0013092799092686623, "Creatinine, Urine_max": 0.0012624818603002767, "Alveolar-arterial Gradient_max": 0.0011177145916642316, "Osmolality, Urine_max": 0.0009025654694381807, "PT_max": 0.0007364243526726024, "Lactate Dehydrogenase (LD)_min": 0.0006372292779068627, "RBC_max": 0.0003519022856077604, "Fibrinogen, Functional_min": 0.00023391584979810026, "Alkaline Phosphatase_max": 6.936907083878153e-05, "Lactate Dehydrogenase (LD)_max": 6.229870118309488e-05, "Creatine Kinase (CK)_min": 5.0556536229252545e-05, "Cortisol_min": 1.0837003132504806e-05, "Creatine Kinase (CK)_max": -2.594368675782612e-05, "Granulocyte Count_min": -2.6203457758125296e-05, "Asparate Aminotransferase (AST)_max": -5.8197596497778335e-05, "WBC_min": -6.3901860369491e-05, "Glucose_max": -0.00010684087702012902, "Urea Nitrogen, Urine_max": -0.0003240782514194449, "White Blood Cells_max": -0.00036218569831231103, "Nucleated Red Cells_max": -0.0004060526513853196, "Platelet Count_min": -0.0005027729249563269, "Urea Nitrogen_max": -0.0005350093174331101, "Monocytes_max": -0.0006319040119371287, "Bilirubin, Total_max": -0.0007344816714879227, "Tidal Volume_max": -0.0007850486654949494, "Base Excess_min": -0.0008273532728557465, "pO2_max": -0.0008494654830117772, "Tidal Volume_min": -0.0008506131850049629, "Alanine Aminotransferase (ALT)_min": -0.0011972076633798181, "Platelet Count_max": -0.0020459289126686015, "Transferrin_min": -0.0033512512477681887, "Required O2_min": -0.0033822203623820745, "Ketone_max": -0.003994484003099903, "Calcium, Total_max": -0.005638818800131319, "Sodium, Whole Blood_min": -0.0062267618802677015, "Neutrophils_max": -0.008262573267018635, "pCO2_min": -0.011671792542893963, "Hematocrit_max": -0.012515277814044745, "Creatinine_max": -0.012543939219162031, "Chloride, Whole Blood_max": -0.013517380361032453, "Free Calcium_max": -0.01744040226396763, "Sodium_min": -0.02017980241439435, "Hemoglobin_max": -0.020355571748273942, "Chloride_min": -0.02046305611959688, "Eosinophils_max": -0.028753529990785773, "Red Blood Cells_min": -0.0350608097368523, "Monocytes_min": -0.03619817136381011, "Hematocrit, Calculated_max": -0.03700828745990824, "Bilirubin, Total_min": -0.03896701596874421, "Potassium_min": -0.04033889363725251, "Basophils_min": -0.04135680143017044, "Calculated Total CO2_min": -0.04157162193856366, "Lymphocytes_min": -0.050109965550414845, "RDW_min": -0.05047670807300932, "Potassium_max": -0.05924089392346744, "MCHC_max": -0.07861062540792235, "MCH_max": -0.0827305084296305, "Bicarbonate_max": -0.09278610414034434, "Eosinophils_min": -0.1235272021642818, "Temperature_min": -0.1596359837659871, "Hemoglobin_min": -0.16915009622892088, "Albumin_max": -0.21976798088823984, "Albumin_min": -0.3904429596882424}