{"pH_max": 0.5575572835593546, "Lactate_min": 0.2094457510960241, "Lactate_max": 0.1605200987442397, "Anion Gap_min": 0.10485968939581139, "Temperature_max": 0.08033751398195993, "Sodium_max": 0.06156513309769952, "Phenytoin_min": 0.06017205479872167, "PT_min": 0.048243238862322145, "Phosphate_max": 0.039953822510109045, "White Blood Cells_min": 0.036337188082543374, "pCO2_max": 0.03629052780183164, "Hematocrit_max": 0.03628184377519663, "INR(PT)_min": 0.03605019568924502, "Urea Nitrogen_min": 0.030964511388705845, "PTT_min": 0.013829623355287047, "Glucose_min": 0.012899989878881421, "Oxygen_min": 0.010597617915971766, "Bands_max": 0.010096588624973318, "Oxygen_max": 0.009092187883203033, "MCV_max": 0.007078484966380079, "Required O2_max": 0.0032619688895747017, "pO2_min": 0.0025794697713835517, "White Blood Cells_max": 0.00174596197782167, "PTT_max": 0.0016065200405762717, "Calcium, Total_max": 0.0012340367518689054, "Asparate Aminotransferase (AST)_min": 0.0010081785380788276, "Urea Nitrogen_max": 0.0008605931908195664, "Platelet Count_min": 0.0007329763671745914, "Chloride_max": 0.0006407787224685434, "Lactate Dehydrogenase (LD)_min": 0.0005152729476488379, "Lymphocytes_max": 0.00025810818828475986, "Lactate Dehydrogenase (LD)_max": 1.558170889118967e-05, "Lipase_max": 3.425611562736058e-06, "Creatine Kinase, MB Isoenzyme_min": -9.104005466979061e-05, "Glucose_max": -0.00010325811866997419, "Amylase_max": -0.00039972174245992765, "Creatinine_max": -0.0004218896300134696, "pO2_max": -0.0012757698007704226, "Tidal Volume_min": -0.0015510445153656095, "Oxygen Saturation_min": -0.0016421561427336872, "Platelet Count_max": -0.002509652270204543, "Specific Gravity_max": -0.002623505645464565, "Neutrophils_min": -0.002805023975632418, "Osmolality, Measured_max": -0.004458689157153633, "Base Excess_min": -0.005664795582543673, "Monocytes_max": -0.006845179777721913, "Hematocrit_min": -0.007237534359843957, "Bilirubin, Total_max": -0.007696993048917672, "Troponin T_max": -0.015298040931033827, "Sodium, Whole Blood_min": -0.019088987453998466, "pCO2_min": -0.020406243851546022, "Sodium_min": -0.034458165258436556, "Lymphocytes_min": -0.05325742773599482, "Eosinophils_max": -0.05994115065249377, "Bicarbonate_max": -0.08873630410494104, "Potassium_min": -0.11113971222422857, "Temperature_min": -0.2508186335228125, "Hemoglobin_max": -0.2608748156978688, "Creatinine_min": -0.32545255693973374, "Albumin_min": -0.6953732293812562}