{"pH_max": 0.5472195778859485, "Lactate_min": 0.23303106471874035, "Temperature_max": 0.14834042307948792, "MCH_min": 0.14747636052608634, "Phenytoin_min": 0.1430303675180355, "Anion Gap_min": 0.12230607954415113, "Lactate_max": 0.10114327800915221, "Sodium_max": 0.07749469712474277, "Phosphate_max": 0.06461863781781473, "PT_min": 0.05024411681979645, "RDW_max": 0.04331024625823042, "White Blood Cells_min": 0.04275566523588321, "Calcium, Total_max": 0.040523844740288494, "Magnesium_min": 0.03604692297512159, "Urea Nitrogen_min": 0.03466602766380312, "pCO2_max": 0.03416816153602422, "INR(PT)_min": 0.0299127912630545, "Vancomycin_min": 0.023414526320235905, "Basophils_max": 0.0213806493707592, "Bilirubin, Total_max": 0.019718793700259158, "Osmolality, Measured_max": 0.01961437348016681, "Urobilinogen_min": 0.01734224310226068, "Hematocrit_min": 0.016483802779742027, "Glucose_min": 0.014248777255795441, "Free Calcium_min": 0.013414950918098257, "PTT_min": 0.012797566178233442, "Base Excess_max": 0.012120564345194325, "Oxygen_min": 0.010650881270380344, "Bands_max": 0.008354496002312828, "Calculated Total CO2_max": 0.008132707155868047, "Potassium, Urine_max": 0.0071485544153645116, "Oxygen_max": 0.006605210673634667, "Specific Gravity_max": 0.003474542648903972, "Polys_min": 0.003150014537819405, "Specific Gravity_min": 0.0024802844879427805, "Asparate Aminotransferase (AST)_min": 0.002463896616438759, "Lymphocytes_max": 0.00234649987879139, "Neutrophils_min": 0.002295623198933769, "PTT_max": 0.002250730792553901, "pO2_min": 0.0019167225128850092, "Vancomycin_max": 0.0011350358385214558, "Alveolar-arterial Gradient_max": 0.0008150912569598922, "Creatinine, Urine_max": 0.0007861274065998408, "Platelet Count_min": 0.0006811894872327973, "Lactate Dehydrogenase (LD)_min": 0.0005074857080611672, "PT_max": 0.0004605381160993242, "Oxygen Saturation_min": 0.00045187012908789147, "Cortisol_min": 0.00027916901662127815, "Creatine Kinase, MB Isoenzyme_min": 0.0002266526634488768, "Urea Nitrogen, Urine_max": 0.0002120525454042126, "RBC_min": 0.0002046920034811885, "WBC_max": 0.00019645844349344894, "Alveolar-arterial Gradient_min": 9.036856640151349e-05, "Asparate Aminotransferase (AST)_max": 7.628005943478794e-05, "White Blood Cells_max": 7.580779436878031e-05, "Alkaline Phosphatase_max": 7.446198715707061e-05, "Lactate Dehydrogenase (LD)_max": 7.085247841800267e-05, "Creatine Kinase (CK)_min": 6.156788240802138e-05, "Granulocyte Count_max": -7.884184037994367e-06, "O2 Flow_max": -3.060406145911615e-05, "Amylase_max": -3.0900083251192255e-05, "RBC_max": -4.612990367851129e-05, "Oxygen Saturation_max": -0.00011277743747027677, "Glucose_max": -0.0001420608693445456, "Lipase_max": -0.00021553236929613756, "Lipase_min": -0.0002495515565723802, "Alanine Aminotransferase (ALT)_max": -0.0002826070590515528, "Hematocrit, Calculated_max": -0.00037416515859287097, "pO2_max": -0.0004293852331720374, "Alkaline Phosphatase_min": -0.00045461806471177555, "Urea Nitrogen, Urine_min": -0.0005505743081555452, "Tidal Volume_min": -0.0005747460795392701, "Alanine Aminotransferase (ALT)_min": -0.0010808638870150908, "Tidal Volume_max": -0.0011620292856701442, "Creatinine_max": -0.0011969175575899996, "Sodium, Urine_max": -0.0012651021939551225, "Creatine Kinase, MB Isoenzyme_max": -0.0013611430041921297, "Sodium, Urine_min": -0.0014733589902385454, "Urea Nitrogen_max": -0.0018362800320391932, "Cholesterol, LDL, Calculated_max": -0.0023260822490527543, "Potassium_min": -0.0026263096914977044, "Iron Binding Capacity, Total_max": -0.0026541764849957357, "Platelet Count_max": -0.0027150196893639938, "Sodium, Whole Blood_max": -0.004630471913663587, "Sodium, Whole Blood_min": -0.005071371330822516, "MCV_max": -0.005568504692970151, "Sodium_min": -0.008848918784850819, "pCO2_min": -0.011665367489180819, "Chloride_min": -0.013485063406849056, "Free Calcium_max": -0.013955266734975158, "Base Excess_min": -0.01508650302669971, "Chloride_max": -0.01752438935478285, "Osmolality, Measured_min": -0.018673080143261776, "Monocytes_min": -0.019193428340313203, "Eosinophils_max": -0.01942627035665074, "Chloride, Whole Blood_max": -0.01985259320509889, "Hematocrit_max": -0.020053714672541422, "Bicarbonate_min": -0.021713611056266666, "RDW_min": -0.025256125226152445, "Bilirubin, Indirect_max": -0.03498177468195761, "Red Blood Cells_min": -0.03702617532948451, "Lymphocytes_min": -0.04099586210920469, "Bilirubin, Total_min": -0.042552298338530886, "Potassium_max": -0.048743564675946156, "Phenytoin_max": -0.05115787584355154, "Phosphate_min": -0.06871124457034082, "Troponin T_min": -0.06903315487707799, "MCHC_min": -0.07130617600263647, "Bicarbonate_max": -0.09155546281753917, "Eosinophils_min": -0.09639964427658526, "MCH_max": -0.0995810579052489, "MCHC_max": -0.11286443232066325, "pH_min": -0.12612427491571626, "Hemoglobin_min": -0.1282418124380576, "Uric Acid_min": -0.14608634594432607, "Temperature_min": -0.19001653394195817, "Calcium, Total_min": -0.2254153125809559, "Albumin_max": -0.2476449481700082, "Creatinine_min": -0.36920140603214624, "Albumin_min": -0.4210571253993853}