{"Lactate_min": 0.18373117243149928, "Lactate_max": 0.13360879458059638, "Temperature_max": 0.11247466689613016, "Anion Gap_min": 0.10488869658855515, "Sodium_max": 0.07591800577726245, "PT_min": 0.06675397830368521, "Phosphate_max": 0.05174058261305688, "Calcium, Total_max": 0.05046310681594698, "White Blood Cells_min": 0.039931891555447505, "pCO2_max": 0.03751720101375348, "RDW_max": 0.03444583329156158, "Urea Nitrogen_min": 0.029505847276417543, "Oxygen_min": 0.016896003851512933, "PTT_min": 0.015398753325507537, "Bilirubin, Total_max": 0.015341213242969437, "INR(PT)_min": 0.015285516794204543, "Glucose_min": 0.013243918449441767, "Base Excess_max": 0.012325562077093503, "Bands_max": 0.012206949968076452, "Lymphocytes_max": 0.006183510969783845, "Neutrophils_min": 0.005101355481988106, "Required O2_max": 0.004488666427136619, "pO2_min": 0.0029500605069324084, "PTT_max": 0.00189584735546138, "Osmolality, Measured_max": 0.0014075338793926538, "Asparate Aminotransferase (AST)_min": 0.0010644216965593131, "Lactate Dehydrogenase (LD)_min": 0.0006067981767634535, "Fibrinogen, Functional_min": 0.000370745885309129, "Lactate Dehydrogenase (LD)_max": 8.719953741365484e-05, "Creatine Kinase (CK)_min": 8.384105862355794e-05, "Creatine Kinase (CK)_max": -2.6276734636769654e-05, "Asparate Aminotransferase (AST)_max": -7.768213682967955e-05, "Urea Nitrogen_max": -9.463127222055393e-05, "Platelet Count_min": -0.00013007880784999447, "Lipase_min": -0.0006903456729851883, "Oxygen Saturation_min": -0.0010273976860943384, "pO2_max": -0.0010697748190746487, "Creatine Kinase, MB Isoenzyme_max": -0.0013128346300417687, "Tidal Volume_min": -0.0015266991798463254, "MCV_max": -0.002321816861673496, "Platelet Count_max": -0.0023634675251054172, "Base Excess_min": -0.0110786164577079, "pCO2_min": -0.012619381960101698, "Calculated Total CO2_min": -0.017452809678096214, "Sodium, Whole Blood_max": -0.02838121818792053, "Chloride_min": -0.030229585698565743, "Potassium_min": -0.04030718790541641, "Potassium_max": -0.041251121163162985, "Creatinine_max": -0.043647379997784, "Eosinophils_max": -0.04935661330576993, "Bilirubin, Total_min": -0.051456258298664195, "Lymphocytes_min": -0.05332325120520795, "Phosphate_min": -0.06019255356120724, "Bicarbonate_max": -0.09766061865869512, "MCHC_min": -0.10959917662815465, "Creatinine_min": -0.19436576787059326, "Temperature_min": -0.19836033624846244, "Calcium, Total_min": -0.22735208117627573, "Albumin_max": -0.26814795927773194, "Albumin_min": -0.4640672649133517}