{"Lactate_max": 0.16265352261520125, "Lactate_min": 0.1285730819126325, "Phenytoin_min": 0.09228768483747105, "PT_min": 0.07609498672069974, "Sodium_max": 0.07025962108291954, "Bilirubin, Direct_max": 0.04393188281514991, "Vancomycin_min": 0.042282551980600706, "Bilirubin, Direct_min": 0.042165149455741874, "Myelocytes_max": 0.03871631949996505, "Anion Gap_min": 0.03238996827197409, "pCO2_max": 0.032214604625475984, "Urea Nitrogen_min": 0.03092292872931558, "Calculated Total CO2_max": 0.027381435631325394, "Phosphate_max": 0.027289870814929614, "Osmolality, Measured_max": 0.019726240323113726, "Atypical Lymphocytes_max": 0.017984840496141973, "White Blood Cells_max": 0.017846304517013262, "Oxygen_max": 0.015835772618106984, "INR(PT)_min": 0.014854073386543347, "PTT_min": 0.014751684353560567, "CK-MB Index_min": 0.0146712696243099, "Metamyelocytes_min": 0.0144745853835562, "Glucose_min": 0.014326445814368012, "Metamyelocytes_max": 0.013086657218338297, "Bands_max": 0.011521917013949728, "CK-MB Index_max": 0.010171138716752315, "PEEP_min": 0.009971100440551186, "Magnesium_max": 0.00897621311971798, "Bands_min": 0.008388749796083008, "Polys_max": 0.007199516391614527, "Potassium, Urine_max": 0.00569245991366547, "Sodium, Whole Blood_min": 0.0051260134016567266, "Iron_min": 0.003926438602997659, "Myelocytes_min": 0.003793695722851046, "Cortisol_min": 0.0033142992025668727, "Alveolar-arterial Gradient_max": 0.0031630840356472053, "Urea Nitrogen_max": 0.0024813616656390925, "Epithelial Cells_max": 0.002364806087007177, "Asparate Aminotransferase (AST)_min": 0.002278794847033076, "pO2_min": 0.0021238108004653683, "O2 Flow_min": 0.002069984957400564, "PT_max": 0.002061364512034012, "Amylase_min": 0.0007933648655254707, "Osmolality, Urine_min": 0.0007594534791742506, "Fibrinogen, Functional_min": 0.0007556254005817026, "Lactate Dehydrogenase (LD)_min": 0.0007321411294115356, "Free Calcium_min": 0.0006634115653929182, "Osmolality, Urine_max": 0.000638574863844701, "RBC_max": 0.0005932479694656824, "WBC_min": 0.0004552373428161205, "WBC_max": 0.0004141835222557953, "Alkaline Phosphatase_max": 0.00032432690543409597, "INR(PT)_max": 0.00031990642540612836, "Cholesterol Ratio (Total/HDL)_min": 0.0001792220941449866, "Asparate Aminotransferase (AST)_max": 0.00011261275161385634, "Triglycerides_min": 9.394901681729057e-05, "Lactate Dehydrogenase (LD)_max": 7.807751663848809e-05, "Creatine Kinase (CK)_min": 6.075152939529532e-05, "Urea Nitrogen, Urine_max": 3.434739045915282e-05, "Ferritin_min": 8.187357760532353e-06, "Ferritin_max": -1.0685842218054213e-06, "Creatine Kinase (CK)_max": -1.8187029233635183e-05, "Granulocyte Count_max": -2.8367638356214712e-05, "RBC_min": -4.062614940303319e-05, "Granulocyte Count_min": -6.224481353089664e-05, "Cortisol_max": -7.549445615048607e-05, "Vancomycin_max": -0.00016802993437125326, "Amylase_max": -0.00019953750471016611, "Alkaline Phosphatase_min": -0.00023903302756234554, "Alanine Aminotransferase (ALT)_max": -0.0003740648275255252, "Polys_min": -0.0005454104037272201, "Oxygen Saturation_max": -0.0006282106552637353, "Potassium, Urine_min": -0.0006759834166421088, "Urea Nitrogen, Urine_min": -0.0007537545114581598, "Base Excess_max": -0.0008272243831598364, "Protein_min": -0.000837320637914774, "Lipase_min": -0.0008844453778119264, "Triglycerides_max": -0.0009786137194801843, "Basophils_max": -0.0010217323479002462, "Alanine Aminotransferase (ALT)_min": -0.0012674581222344374, "Tidal Volume_max": -0.0013046141417881406, "O2 Flow_max": -0.0014169594763044475, "Creatine Kinase, MB Isoenzyme_min": -0.0015157976936262761, "Calculated Total CO2_min": -0.0015597544847891854, "Nucleated Red Cells_max": -0.0019836751610654013, "Creatinine, Urine_min": -0.0019913466525294907, "Cholesterol Ratio (Total/HDL)_max": -0.002604835232085278, "Monocytes_max": -0.002611724605812993, "Iron_max": -0.003157538080242052, "PEEP_max": -0.003995242297268722, "Creatinine_max": -0.004238841496583472, "Base Excess_min": -0.006131630456166671, "Sodium, Urine_min": -0.007384822122260091, "tacroFK_min": -0.007539316021618084, "Anion Gap_max": -0.008810798975130438, "Thyroid Stimulating Hormone_max": -0.009164789001755958, "Thyroid Stimulating Hormone_min": -0.009404818278242999, "Required O2_max": -0.012986385884934306, "Phenytoin_max": -0.014011120028945894, "pCO2_min": -0.01582036118429524, "Osmolality, Measured_min": -0.026828662302465608, "Protein, Total_max": -0.029301018696928603, "Protein, Total_min": -0.03182163757253897, "Troponin T_min": -0.03323384184978981, "Uric Acid_max": -0.03932166814000523, "Temperature_max": -0.041914293523543054, "Uric Acid_min": -0.04256092664594065, "Bicarbonate_min": -0.049007233753376615, "Sodium, Whole Blood_max": -0.05051931269953328, "Calcium, Total_max": -0.054091601038799106, "Eosinophils_max": -0.06513184470876582, "Bicarbonate_max": -0.07277667483169364, "Albumin_max": -0.12923094832591414, "Albumin_min": -0.1754606050934712, "Temperature_min": -0.1816223152850123}