{"pH_max": 0.5979426904560942, "Lactate_min": 0.20018097761769885, "Lactate_max": 0.14800759863697047, "PT_min": 0.0868316894504912, "Anion Gap_min": 0.06682192366636804, "Sodium_max": 0.04785167278110135, "White Blood Cells_min": 0.041459593826678395, "pCO2_max": 0.032601234590537195, "Urea Nitrogen_min": 0.026042695502455217, "Phosphate_max": 0.02311381526632151, "Glucose_min": 0.01294054428981071, "Oxygen_max": 0.012189949501683128, "pO2_min": 0.0018623357536190176, "PTT_max": 0.001658847984287585, "Asparate Aminotransferase (AST)_min": 0.00099783029240518, "Lactate Dehydrogenase (LD)_min": 0.0006817001454301845, "Creatine Kinase (CK)_min": -2.715375011766059e-05, "Platelet Count_min": -7.649774505784171e-05, "Alanine Aminotransferase (ALT)_max": -0.0001063806905633985, "pO2_max": -0.0010728789205259718, "Tidal Volume_min": -0.0015652670904459506, "Platelet Count_max": -0.0023944716291384137, "Osmolality, Measured_max": -0.0038642557698266547, "Base Excess_min": -0.009572501440644397, "Albumin_max": -0.01289717059020878, "Bilirubin, Total_min": -0.03798812356296825, "Lymphocytes_min": -0.06332403545943471, "Bicarbonate_max": -0.09904614091071198, "Temperature_min": -0.32921509402909216, "Albumin_min": -0.9978227133577395}