{"pH_max": 0.2445772585953127, "Lactate_max": 0.16065227347304747, "Lactate_min": 0.15991491683969714, "Phenytoin_min": 0.13246421707249287, "Bilirubin, Direct_max": 0.10471736399777733, "Anion Gap_min": 0.08839860296870175, "Phosphate_max": 0.07176589296507806, "Sodium_max": 0.06254886918096733, "White Blood Cells_min": 0.04972913416729527, "Metamyelocytes_max": 0.0456284631409635, "MCH_min": 0.04357261521438481, "RDW_max": 0.037862436203194044, "PT_min": 0.035942718482099296, "Basophils_max": 0.03588194588579992, "pCO2_max": 0.033990540338619084, "Required O2_min": 0.03359756808518293, "Urea Nitrogen_min": 0.027255316699259586, "Atypical Lymphocytes_max": 0.02693161876930275, "Red Blood Cells_max": 0.02617443788866682, "Hematocrit, Calculated_min": 0.023894134765990324, "Vancomycin_min": 0.0230214754424697, "Calculated Total CO2_min": 0.022009040469058064, "Temperature_max": 0.021349731083380993, "Urobilinogen_max": 0.02028924532756135, "Base Excess_max": 0.01910705095359967, "Osmolality, Measured_max": 0.01907523859568721, "CK-MB Index_max": 0.017262319887242028, "Bands_min": 0.014768462807772139, "Glucose_min": 0.013697262262535082, "PEEP_min": 0.013393673031480903, "PTT_min": 0.013285666631402984, "Oxygen_max": 0.01186255447894015, "Calculated Total CO2_max": 0.011150898458302274, "MCV_min": 0.009833564257312136, "Neutrophils_min": 0.009001216199785377, "Sodium, Whole Blood_min": 0.008626477256125713, "Atypical Lymphocytes_min": 0.0081993645045868, "Magnesium_min": 0.00800603442384206, "White Blood Cells_max": 0.0037264202861292573, "Potassium_max": 0.0032622350733200376, "PT_max": 0.0032473552543519336, "Polys_min": 0.0030787916721645254, "PTT_max": 0.002934623374598382, "Lymphocytes_max": 0.002234827379604834, "pO2_min": 0.0022148825052373386, "Asparate Aminotransferase (AST)_min": 0.0018675511611803744, "Vancomycin_max": 0.0015677703943083729, "Urea Nitrogen_max": 0.0014951008890099887, "Alveolar-arterial Gradient_max": 0.0014890129148912655, "MCV_max": 0.001358905370232704, "O2 Flow_max": 0.0011547974091821768, "Osmolality, Urine_min": 0.001153645881251797, "Bands_max": 0.0010028597019221652, "Lactate Dehydrogenase (LD)_min": 0.0007791695948259901, "Nucleated Red Cells_min": 0.000768398974590268, "Amylase_min": 0.0006708620517721301, "Fibrinogen, Functional_min": 0.0004893733306158765, "Urea Nitrogen, Urine_max": 0.0004045436222682649, "WBC_max": 0.0003877535110785681, "Sodium, Urine_max": 0.0003391288662807198, "Specific Gravity_max": 0.0003176876569124446, "Creatinine, Urine_max": 0.00017282867819457743, "RBC_min": 0.0001723627422645104, "Alkaline Phosphatase_max": 0.00016270220692603515, "Lactate Dehydrogenase (LD)_max": 9.963848579006946e-05, "Creatine Kinase (CK)_min": 8.308250117460785e-05, "Asparate Aminotransferase (AST)_max": 5.683213997973384e-05, "Lipase_max": 1.404375502921729e-06, "Creatine Kinase (CK)_max": -5.84162373913769e-06, "Granulocyte Count_max": -2.268418676746507e-05, "Specific Gravity_min": -9.5447064669913e-05, "Vitamin B12_min": -9.573876125540849e-05, "Glucose_max": -0.00010521521303213833, "Triglycerides_min": -0.00012342283761050736, "Fibrinogen, Functional_max": -0.00015366024006355033, "Amylase_max": -0.0002293697551969092, "WBC_min": -0.0002783268328918462, "Alanine Aminotransferase (ALT)_max": -0.00028924059584850423, "Sodium_min": -0.000336700236875317, "pO2_max": -0.0004995255472899004, "Platelet Count_min": -0.0005419478917640205, "Alkaline Phosphatase_min": -0.000561769442041237, "Lipase_min": -0.0006447269270388663, "Triglycerides_max": -0.0007490755934438667, "Alanine Aminotransferase (ALT)_min": -0.0007663973417993322, "Tidal Volume_max": -0.0008789559375077957, "Tidal Volume_min": -0.0008878996493594674, "Urea Nitrogen, Urine_min": -0.0009328321932514075, "Cortisol_max": -0.0013357610346255275, "Platelet Count_max": -0.00200943259480364, "INR(PT)_max": -0.0023344392929997952, "Creatine Kinase, MB Isoenzyme_max": -0.0023754600931935976, "PEEP_max": -0.0024774897119392084, "Required O2_max": -0.003386467525533557, "Oxygen Saturation_min": -0.004111223373410261, "Chloride_max": -0.00417278904956343, "Alveolar-arterial Gradient_min": -0.0042225510968601125, "Neutrophils_max": -0.004531848219338484, "Thyroid Stimulating Hormone_min": -0.004773372232249132, "Transferrin_min": -0.004807904370415422, "Sodium, Urine_min": -0.005855807856579112, "Hematocrit, Calculated_max": -0.006241623179137129, "Creatinine_max": -0.007914121870837962, "Anion Gap_max": -0.009172068206565737, "Base Excess_min": -0.009586354329181292, "Eosinophils_max": -0.011685899828285438, "pCO2_min": -0.012637280935925038, "Basophils_min": -0.01370435370562508, "Chloride_min": -0.017492124631403656, "Osmolality, Measured_min": -0.020470587337831865, "Troponin T_max": -0.021501459179889024, "Potassium_min": -0.02360818449448257, "Hemoglobin_max": -0.024988286475083145, "Bilirubin, Total_max": -0.0253852444257094, "Free Calcium_max": -0.026079610063550432, "Phenytoin_max": -0.026403245422331953, "Hematocrit_max": -0.027651208591022117, "Bilirubin, Total_min": -0.03186070548177994, "RDW_min": -0.032537268885388694, "Uric Acid_max": -0.03313252246759627, "Sodium, Whole Blood_max": -0.03374504628703154, "pH_min": -0.03638356743705434, "Lymphocytes_min": -0.0388444055638996, "MCHC_max": -0.042078580760445176, "MCH_max": -0.042379401660361575, "Calcium, Total_max": -0.042684322739626954, "Bicarbonate_min": -0.046003860833063626, "Potassium, Whole Blood_min": -0.04616201404715508, "MCHC_min": -0.050572654282667266, "Phosphate_min": -0.05904515975986302, "Red Blood Cells_min": -0.06029127294706873, "Uric Acid_min": -0.08091956037736936, "Bilirubin, Indirect_max": -0.08441742067000763, "Eosinophils_min": -0.08585301998176499, "Bicarbonate_max": -0.11142783292762304, "Albumin_max": -0.127530647356517, "Temperature_min": -0.12872233166864364, "Potassium, Whole Blood_max": -0.14848862834414053, "Creatinine_min": -0.1793154463430942, "Albumin_min": -0.20240916776355972}