{"pH_max": 0.6381577572925429, "Lactate_min": 0.1851684946917337, "Lactate_max": 0.12945646234122155, "Anion Gap_min": 0.09600272864442216, "Sodium_max": 0.05850564502720481, "PT_min": 0.056026977843158486, "Temperature_max": 0.045854206644368484, "White Blood Cells_min": 0.042739178327180494, "pCO2_max": 0.038103436794070175, "Hematocrit_max": 0.02855394056515297, "Basophils_max": 0.022697391163313978, "Urea Nitrogen_min": 0.022608570058525207, "Calcium, Total_max": 0.020055173713545985, "PTT_min": 0.013386306324334992, "Glucose_min": 0.012811928876073984, "Oxygen_min": 0.010991288046256388, "Bilirubin, Total_max": 0.010846357607410529, "INR(PT)_max": 0.01056545602483751, "RDW_max": 0.010264660481621772, "RDW_min": 0.008598145436867188, "Oxygen_max": 0.0064369006208506154, "Anion Gap_max": 0.005872377545733135, "Urea Nitrogen_max": 0.004196834759273259, "Neutrophils_min": 0.00300499886928328, "pO2_min": 0.0020836231231333704, "Creatinine, Urine_max": 0.0015201748594501998, "Asparate Aminotransferase (AST)_min": 0.0010513281825801346, "Lactate Dehydrogenase (LD)_min": 0.0006279696197538152, "White Blood Cells_max": 0.0005759951405863422, "Platelet Count_min": 0.0005194612413461907, "Osmolality, Urine_max": 0.0004319100637082287, "Glucose_max": -9.141591082136224e-05, "Alkaline Phosphatase_min": -0.0004835335934576674, "pO2_max": -0.0009357538036420319, "Oxygen Saturation_min": -0.0010022695771421274, "Tidal Volume_min": -0.0012688636324178085, "Osmolality, Measured_max": -0.002361623903576521, "PEEP_max": -0.002448756798902486, "Platelet Count_max": -0.0025250533056515195, "Base Excess_min": -0.008061052739609347, "Hematocrit_min": -0.008894976579640715, "Specific Gravity_max": -0.011605692931221571, "Neutrophils_max": -0.0137865242558139, "pCO2_min": -0.01409897816222647, "Potassium_max": -0.018667556430726658, "Bicarbonate_min": -0.021206285965534408, "Free Calcium_max": -0.0214885398261187, "Eosinophils_max": -0.028315908762280684, "Chloride_min": -0.03537926111961853, "Bilirubin, Total_min": -0.039688226617037616, "Monocytes_min": -0.04029313005795692, "Lymphocytes_min": -0.0543779222522657, "Albumin_max": -0.05981076532072142, "Bicarbonate_max": -0.09922589051157807, "Eosinophils_min": -0.10718733057286427, "Potassium_min": -0.12757508791112612, "Creatinine_max": -0.13526782191457304, "Hemoglobin_max": -0.21192018489703124, "Temperature_min": -0.2638741322695073, "Albumin_min": -0.8587044473574564}