{"pH_max": 0.27363608324898214, "Lactate_max": 0.2085325043187741, "Lactate_min": 0.1654742787601867, "Anion Gap_min": 0.13605323654835852, "Phenytoin_min": 0.13448859618955922, "Sodium_max": 0.09688876200078275, "Bilirubin, Direct_max": 0.08221696995840609, "PT_min": 0.07983472798694662, "Phosphate_max": 0.0792619177711018, "Bilirubin, Direct_min": 0.06635920864051031, "Atypical Lymphocytes_min": 0.05454972575258828, "White Blood Cells_min": 0.04475444996694266, "RDW_max": 0.04273425031393341, "MCH_min": 0.04043078206039252, "Hematocrit, Calculated_min": 0.03965717730855197, "Required O2_min": 0.03648038720471071, "pCO2_max": 0.03291069444225831, "MCV_min": 0.030571889657508997, "Red Blood Cells_max": 0.029534011195628106, "Metamyelocytes_max": 0.028003270730185662, "Calculated Total CO2_max": 0.027691941481600837, "INR(PT)_max": 0.026196812480995896, "Urea Nitrogen_min": 0.02475242328759491, "Osmolality, Measured_max": 0.019737760666748008, "Myelocytes_max": 0.01917688125455112, "INR(PT)_min": 0.01638826722222105, "Glucose_min": 0.012043825051623814, "Required O2_max": 0.011811834393720827, "PEEP_min": 0.011771080320660848, "Magnesium_min": 0.010763825922787367, "Oxygen_min": 0.01009994652005639, "Oxygen_max": 0.008039864327958944, "Neutrophils_min": 0.00777456720550635, "PTT_min": 0.007616779586425436, "Bands_max": 0.006338681612586667, "Lymphocytes_max": 0.005359888394662642, "Urea Nitrogen_max": 0.00522464738556879, "Hematocrit_min": 0.0047570977384427384, "White Blood Cells_max": 0.004273087758860957, "Polys_min": 0.003223556667149256, "Potassium, Urine_min": 0.0028490936318978865, "PTT_max": 0.002654805945224264, "pO2_min": 0.0025410274912699734, "Creatinine, Urine_max": 0.002511107859178478, "Asparate Aminotransferase (AST)_min": 0.0014548894536918643, "O2 Flow_min": 0.0014339124015724423, "Osmolality, Urine_max": 0.001303069567290724, "Free Calcium_min": 0.0011201663153505626, "Monocytes_max": 0.0010057191111302083, "WBC_min": 0.0006018368067300361, "Lactate Dehydrogenase (LD)_min": 0.0005656911937433764, "Alkaline Phosphatase_max": 0.0005541271741099674, "Specific Gravity_max": 0.000433673876022044, "Base Excess_min": 0.0004161000943297098, "Fibrinogen, Functional_min": 0.00033638683017825154, "RBC_min": 0.00030962644609264467, "Cortisol_max": 0.0002978044259110695, "Fibrinogen, Functional_max": 0.000241006750148596, "RBC_max": 0.00022158013235415997, "Creatine Kinase, MB Isoenzyme_min": 0.00019256877538367947, "Specific Gravity_min": 0.00011218389144636698, "Lactate Dehydrogenase (LD)_max": 0.00010212358212446288, "Creatine Kinase (CK)_min": 9.504074646276943e-05, "Asparate Aminotransferase (AST)_max": 7.040234875080395e-05, "Platelet Count_min": 4.1768762465003715e-05, "Oxygen Saturation_max": 1.3580352400970847e-05, "Lipase_max": 2.6233794689449934e-06, "Creatine Kinase (CK)_max": -1.5139734193186497e-05, "Urea Nitrogen, Urine_max": -2.0025262859544317e-05, "Granulocyte Count_max": -2.9919483632515386e-05, "Oxygen Saturation_min": -0.00010077333944696986, "Glucose_max": -0.00014697309165601205, "Vitamin B12_min": -0.00022036664166262052, "Amylase_max": -0.0002315788235618683, "Alanine Aminotransferase (ALT)_max": -0.0002811357516295811, "Chloride, Whole Blood_min": -0.00030530294506363886, "Cortisol_min": -0.0006143522480196985, "pO2_max": -0.0006562028614239641, "Alanine Aminotransferase (ALT)_min": -0.0006702496626947626, "Urea Nitrogen, Urine_min": -0.0007834716237746467, "Lipase_min": -0.0008092097137962176, "Tidal Volume_max": -0.0009126305750086299, "Tidal Volume_min": -0.00098174877588307, "Triglycerides_max": -0.0009858258883729263, "Nucleated Red Cells_max": -0.0012284515224019233, "Alkaline Phosphatase_min": -0.001240760479402395, "Creatinine, Urine_min": -0.002536685829291467, "Platelet Count_max": -0.002693896004782557, "Neutrophils_max": -0.003073473165087469, "Sodium, Urine_max": -0.0036080523165615865, "Sodium_min": -0.004672324046104551, "PEEP_max": -0.005013187638669514, "Transferrin_max": -0.005136971217008205, "Alveolar-arterial Gradient_min": -0.005458729564977169, "Hematocrit_max": -0.005659195884542151, "PT_max": -0.006697122060965301, "pCO2_min": -0.007816798925019916, "Phenytoin_max": -0.011057526130476286, "Chloride, Whole Blood_max": -0.013670851808092962, "Thyroid Stimulating Hormone_max": -0.01427105471030827, "Potassium_max": -0.018597124546007007, "Osmolality, Measured_min": -0.019481134369705094, "Calcium, Total_max": -0.021074303519287674, "Potassium_min": -0.02128308242500272, "Red Blood Cells_min": -0.02299438191687158, "Chloride_max": -0.02369984125684436, "Hematocrit, Calculated_max": -0.025400853688766517, "Basophils_min": -0.025728543347687143, "Hemoglobin_max": -0.028259546722558638, "RDW_min": -0.029998213879636245, "Anion Gap_max": -0.030024957329805042, "Bilirubin, Total_max": -0.030417707014393322, "Monocytes_min": -0.0313007186778768, "Chloride_min": -0.037927944548340975, "Lymphocytes_min": -0.0431229360365559, "Troponin T_max": -0.05312198621863543, "Calculated Total CO2_min": -0.05316133300087996, "MCHC_max": -0.06107279937186311, "MCH_max": -0.06599100892757713, "Bilirubin, Total_min": -0.06758411489706592, "MCHC_min": -0.06774084416525317, "Bicarbonate_max": -0.12245881980017712, "Hemoglobin_min": -0.12613268029265942, "Albumin_max": -0.15189463860420746, "Creatinine_min": -0.16546432037260644, "Temperature_min": -0.17102951380776238, "Calcium, Total_min": -0.17344297479203583, "Potassium, Whole Blood_max": -0.17438620774867328, "Creatinine_max": -0.183022235220346, "Albumin_min": -0.23804469976423567}