{"pH_max": 0.2304103029941798, "Lactate_max": 0.16577782392965124, "Lactate_min": 0.14700034276605822, "Phenytoin_min": 0.12476297642133019, "Anion Gap_min": 0.09275038653351875, "Sodium_max": 0.08954441468273518, "Phosphate_max": 0.06893273162665052, "White Blood Cells_min": 0.045653748938085374, "PT_min": 0.0416006677872254, "pCO2_max": 0.03512721322262595, "Bilirubin, Total_max": 0.027435247246176794, "RDW_max": 0.02589056033750735, "Basophils_max": 0.025858964871687814, "Urea Nitrogen_min": 0.02077896624080213, "Temperature_max": 0.018769722593915305, "PTT_min": 0.01598216502813075, "Glucose_min": 0.013515775180323613, "Osmolality, Measured_max": 0.012508970526449996, "Bands_max": 0.01169410894375872, "INR(PT)_min": 0.009272169472526492, "MCV_max": 0.00921355161021406, "Oxygen_max": 0.009209396054406146, "Oxygen_min": 0.009080505460195223, "Sodium_min": 0.008409403554834835, "Neutrophils_min": 0.006970356201335978, "Lymphocytes_max": 0.0061285666721606295, "Urea Nitrogen_max": 0.004665719626162998, "Magnesium_min": 0.00453507659687585, "PTT_max": 0.003041572577221092, "White Blood Cells_max": 0.0022676526789305843, "pO2_min": 0.002008224990287509, "Iron_min": 0.0018833035065555143, "Asparate Aminotransferase (AST)_min": 0.0009054792143534975, "Alveolar-arterial Gradient_max": 0.000898245228014759, "Lactate Dehydrogenase (LD)_min": 0.0006374184652027301, "Fibrinogen, Functional_min": 0.0005537047089679897, "Creatine Kinase (CK)_min": 6.887076986407898e-05, "Asparate Aminotransferase (AST)_max": 4.275078786213078e-06, "Lipase_max": 2.828335632214109e-06, "Alkaline Phosphatase_max": -7.291013420773931e-06, "Creatine Kinase (CK)_max": -1.1562106368777927e-05, "Glucose_max": -5.442700949771705e-05, "Granulocyte Count_max": -6.332778042796112e-05, "Specific Gravity_max": -9.603113477587514e-05, "Neutrophils_max": -0.00034247114120172973, "Amylase_max": -0.0005313726111692608, "Specific Gravity_min": -0.0006538776923968433, "Creatinine, Urine_min": -0.0006543477196667269, "pO2_max": -0.0007741188264029294, "Tidal Volume_max": -0.0008170696103127772, "Platelet Count_min": -0.0008197115582071933, "Tidal Volume_min": -0.0009751778420806544, "Sodium, Urine_max": -0.0019053789814166492, "Platelet Count_max": -0.0019315944691031845, "Base Excess_min": -0.005593621161154432, "Calculated Total CO2_min": -0.009736887333422905, "Osmolality, Measured_min": -0.012584332711235867, "pCO2_min": -0.01787261474760599, "Free Calcium_max": -0.020087211002842633, "Potassium_max": -0.021567368966538342, "Calcium, Total_max": -0.02232668624640288, "Chloride_max": -0.022770943830530084, "Potassium_min": -0.023000374117867338, "Basophils_min": -0.02325749932524291, "Anion Gap_max": -0.026896594171085985, "Troponin T_max": -0.03130305899225649, "Hematocrit_max": -0.03545293838557451, "Bicarbonate_min": -0.036336495763576594, "Chloride_min": -0.04077420023907774, "Red Blood Cells_min": -0.05396775130665095, "Lymphocytes_min": -0.055885562423193695, "Bilirubin, Total_min": -0.0647923764798799, "Phosphate_min": -0.06601050406969723, "Bicarbonate_max": -0.0906993631655199, "Albumin_max": -0.14266775814219612, "Creatinine_max": -0.153821351087809, "Temperature_min": -0.15910430494742497, "Calcium, Total_min": -0.1746790301334052, "MCHC_max": -0.18088671325722014, "Albumin_min": -0.22364581410912532}