{"Lactate_min": 0.17269805651128153, "Lactate_max": 0.1644160577315713, "Anion Gap_min": 0.07620980082454869, "Temperature_max": 0.0755818894930558, "PT_min": 0.070513994607182, "Sodium_max": 0.061237392702337336, "White Blood Cells_min": 0.045761679274172525, "pCO2_max": 0.032857249843583486, "Urea Nitrogen_min": 0.023285735368107907, "Oxygen_min": 0.014900206812831414, "PTT_min": 0.01474516328769375, "Glucose_min": 0.01195655854105887, "pO2_min": 0.0010659282336986655, "Asparate Aminotransferase (AST)_min": 0.0009176961743844381, "Lactate Dehydrogenase (LD)_min": 0.0007473711114446411, "Creatine Kinase (CK)_min": 1.9983646589739366e-05, "pO2_max": -0.0007698090466158458, "Tidal Volume_min": -0.0020038187191703115, "Platelet Count_max": -0.0021954932364395313, "Base Excess_min": -0.01175204834961999, "Bilirubin, Total_min": -0.03203705909684426, "Lymphocytes_min": -0.06644683392581632, "Bicarbonate_max": -0.07932935091453665, "Temperature_min": -0.3739388706551368, "Albumin_min": -1.1031611633392704}