{"Lactate_min": 0.20160354360757715, "Lactate_max": 0.15129854424225989, "Anion Gap_min": 0.08586302187517425, "PT_min": 0.07417261280174164, "Sodium_max": 0.057703969792954786, "White Blood Cells_min": 0.039973013889488526, "pCO2_max": 0.03634646867557628, "Urea Nitrogen_min": 0.02112648473173813, "PTT_min": 0.014677858577425444, "Oxygen_max": 0.013240532308710626, "Glucose_min": 0.012553778563144592, "PT_max": 0.004584180324972712, "Calcium, Total_max": 0.0044673429328508695, "Urea Nitrogen_max": 0.002638890244170096, "pO2_min": 0.002503120504149087, "Glucose_max": 0.00010242821942060236, "Lactate Dehydrogenase (LD)_max": 6.219801378617499e-05, "pO2_max": -0.001288148233602995, "Tidal Volume_min": -0.0013134070725552998, "Platelet Count_max": -0.0022888648647098318, "Neutrophils_min": -0.0052691774112071715, "Base Excess_min": -0.006529181571938017, "Osmolality, Measured_min": -0.007925120423832933, "pCO2_min": -0.02073927997862445, "Bilirubin, Total_min": -0.031245346599966025, "Eosinophils_max": -0.06170419224009148, "Lymphocytes_min": -0.0669334574101359, "Bicarbonate_max": -0.07669873218534251, "Temperature_min": -0.2197683790116656, "Albumin_min": -0.9824167364268803}