{"pH_max": 0.42056407959489833, "Lactate_min": 0.19194416649056453, "Lactate_max": 0.13167567501165967, "Phenytoin_min": 0.1200183232730721, "Anion Gap_min": 0.112778445959346, "Sodium_max": 0.07742703309416701, "Bilirubin, Direct_max": 0.06748669231848357, "Red Blood Cells_max": 0.06697629577126173, "Phosphate_max": 0.06526524586740091, "PT_min": 0.05449264101160364, "White Blood Cells_min": 0.04386800620332393, "RDW_max": 0.0426691252550072, "Hematocrit_min": 0.042276960314509913, "Atypical Lymphocytes_max": 0.04178170620120708, "Basophils_max": 0.0376053523389723, "Required O2_min": 0.03563008956877304, "MCV_min": 0.034553519662241614, "pCO2_max": 0.03384755539413137, "Magnesium_min": 0.033224587872858306, "Urea Nitrogen_min": 0.03024035662694982, "Calcium, Total_max": 0.027686986162550574, "CK-MB Index_max": 0.027506841317282288, "Vancomycin_min": 0.024552008036257292, "Base Excess_max": 0.021254491920290414, "INR(PT)_min": 0.019119961146972234, "Hematocrit_max": 0.01669678372504147, "Magnesium_max": 0.016474417442961544, "Calculated Total CO2_max": 0.014790279324347557, "Oxygen_min": 0.01432170058658476, "PTT_min": 0.014112614785364937, "Glucose_min": 0.01356559675699267, "Hematocrit, Calculated_max": 0.01177567615562818, "PEEP_min": 0.01085136892726898, "Free Calcium_min": 0.010054336463813271, "Cholesterol, HDL_min": 0.008032214041929425, "Urobilinogen_min": 0.007912941804412528, "Bands_min": 0.007664052269171501, "Anion Gap_max": 0.0074340588721121545, "Potassium, Urine_max": 0.005556164968961609, "Osmolality, Measured_max": 0.005451877298034257, "Neutrophils_min": 0.004673524590525908, "Transferrin_min": 0.004431546372696724, "Alveolar-arterial Gradient_max": 0.003700839134265164, "Lymphocytes_max": 0.0036059303132916394, "Bands_max": 0.0032309580961466244, "Cortisol_min": 0.0028186676133362984, "Asparate Aminotransferase (AST)_min": 0.0021493236370917226, "Creatine Kinase, MB Isoenzyme_min": 0.0019477607680796817, "pO2_min": 0.0019018752998136643, "Creatinine, Urine_max": 0.0017886960517851087, "PTT_max": 0.0012020288390118975, "Osmolality, Urine_min": 0.000946407417273747, "PT_max": 0.0008826540108460873, "Potassium, Urine_min": 0.0008450875720211209, "Amylase_min": 0.0008015936503840326, "RBC_min": 0.0006573344662645846, "Epithelial Cells_max": 0.0006065216686585376, "Lactate Dehydrogenase (LD)_min": 0.0005832570996188304, "Atypical Lymphocytes_min": 0.00051175501697816, "Iron_max": 0.000509636531023319, "Fibrinogen, Functional_min": 0.0005019514715071577, "Urea Nitrogen, Urine_max": 0.0004813986766883364, "Platelet Count_min": 0.00033701227032241195, "WBC_max": 0.0002918845537842997, "Alkaline Phosphatase_max": 0.00015098995397566794, "Vancomycin_max": 0.00013858964531530897, "Creatine Kinase (CK)_min": 0.00011433796017899621, "WBC_min": 9.03569855490226e-05, "Lactate Dehydrogenase (LD)_max": 8.337003751178587e-05, "Asparate Aminotransferase (AST)_max": 5.985273351761737e-05, "Creatine Kinase (CK)_max": -5.626001199401277e-06, "Oxygen Saturation_max": -1.7443372913546453e-05, "RBC_max": -2.3345340605911643e-05, "Glucose_max": -0.0001269211684759334, "Vitamin B12_min": -0.00014179930589892808, "Fibrinogen, Functional_max": -0.0001835760213562545, "Amylase_max": -0.00024227936354640688, "Alanine Aminotransferase (ALT)_max": -0.0002540216088442909, "Oxygen Saturation_min": -0.00037697426340756, "Specific Gravity_max": -0.0004014613360852966, "Urea Nitrogen_max": -0.00041378044080527584, "pO2_max": -0.0004902831007465042, "Alkaline Phosphatase_min": -0.0005026005904766427, "Thyroid Stimulating Hormone_min": -0.0005742996822669716, "Triglycerides_min": -0.0008494353808509688, "Monocytes_max": -0.0009268303552049083, "Sodium, Urine_min": -0.0009746302638458201, "Urea Nitrogen, Urine_min": -0.0009749927618743528, "Cholesterol, Total_max": -0.0010124965937652957, "Lipase_min": -0.0011376816485256945, "Alanine Aminotransferase (ALT)_min": -0.0012903964744450502, "Specific Gravity_min": -0.0015007428972100122, "Tidal Volume_min": -0.0015084049711638244, "Creatinine, Urine_min": -0.0019022382188149487, "Sodium, Urine_max": -0.0021419811431654433, "Creatinine_max": -0.0022147286135789836, "Creatine Kinase, MB Isoenzyme_max": -0.0022578338940352806, "Platelet Count_max": -0.0023641196195107856, "PEEP_max": -0.004351268091757052, "Chloride_min": -0.004514652571739902, "Neutrophils_max": -0.004822459047950355, "Alveolar-arterial Gradient_min": -0.005176007241813895, "Iron Binding Capacity, Total_max": -0.006101609968458273, "Chloride, Whole Blood_min": -0.006422285828860184, "pCO2_min": -0.007634620737959756, "Chloride_max": -0.009885310406840538, "Troponin T_max": -0.013511085434234559, "Required O2_max": -0.014581692324534276, "Bilirubin, Total_max": -0.01590134460285241, "MCV_max": -0.016229448576079577, "Potassium_min": -0.01642345960079602, "RDW_min": -0.01900467531062953, "Thyroid Stimulating Hormone_max": -0.019369010768866938, "Red Blood Cells_min": -0.021889794275115195, "Sodium, Whole Blood_max": -0.024800543603989283, "Base Excess_min": -0.026020265770045358, "Sodium_min": -0.02892384612929869, "Monocytes_min": -0.029994495393834347, "Phenytoin_max": -0.03085276162913437, "Bilirubin, Total_min": -0.03499730864040052, "Troponin T_min": -0.03509655478125851, "Basophils_min": -0.04012280122215135, "Eosinophils_max": -0.04132654495013022, "Lymphocytes_min": -0.0469028162112727, "Protein, Total_min": -0.04926073802612589, "Free Calcium_max": -0.053487547391657904, "Potassium, Whole Blood_min": -0.05496201622315715, "Bilirubin, Indirect_max": -0.05718926667057408, "Uric Acid_max": -0.05977576328118715, "Phosphate_min": -0.06514573934280836, "pH_min": -0.0784499740824034, "Bicarbonate_max": -0.10870540951095901, "Hemoglobin_max": -0.1521261797953124, "Hemoglobin_min": -0.18021462806900362, "Calcium, Total_min": -0.20233245424703364, "Albumin_max": -0.20492981270321192, "Temperature_min": -0.22986587596709243, "Potassium, Whole Blood_max": -0.27136396631371973, "Creatinine_min": -0.28315540119811605, "Albumin_min": -0.35905663947289745}