{"pH_max": 0.22332126138683306, "Lactate_max": 0.15474153267554938, "Lactate_min": 0.1479571617142886, "Phenytoin_min": 0.0929646952499484, "Anion Gap_min": 0.08999339148398364, "Sodium_max": 0.08015792207876965, "MCH_min": 0.05653843503600232, "White Blood Cells_min": 0.05428658065944049, "Calculated Total CO2_max": 0.04729631423957594, "Phosphate_max": 0.04242442934022435, "RDW_max": 0.041027804533056524, "PT_min": 0.04021820736588536, "Hematocrit, Calculated_min": 0.03706434945240085, "Atypical Lymphocytes_max": 0.033942984558800945, "pCO2_max": 0.03222723616092468, "Urea Nitrogen_min": 0.029984210210250054, "Magnesium_max": 0.027121173160851785, "Vancomycin_min": 0.026648112773932187, "Basophils_max": 0.02449233413756394, "Calcium, Total_max": 0.017411300045570066, "Bands_min": 0.01631924463127078, "PTT_min": 0.014725385367493501, "Glucose_min": 0.01328191750694279, "INR(PT)_max": 0.012016697453902709, "Oxygen_min": 0.010399418578927021, "Oxygen_max": 0.00837960499379774, "Magnesium_min": 0.008257090696935447, "Cholesterol, HDL_min": 0.006880350173887364, "MCV_min": 0.006721256542574075, "Bands_max": 0.006454779106339568, "Neutrophils_min": 0.005966300902533799, "Potassium, Urine_max": 0.005753424082922259, "Red Blood Cells_max": 0.005499465350797286, "Osmolality, Measured_max": 0.005441991779004465, "White Blood Cells_max": 0.0039315843962179076, "Lymphocytes_max": 0.002615096073759493, "pO2_min": 0.0025296591349318696, "Asparate Aminotransferase (AST)_min": 0.0021850524795779414, "PT_max": 0.001893836352022689, "Alveolar-arterial Gradient_max": 0.0018517158561179095, "Vancomycin_max": 0.0013202875350422744, "Nucleated Red Cells_min": 0.0013033770956646764, "O2 Flow_min": 0.001266457884629329, "Osmolality, Urine_max": 0.001062710493420739, "Amylase_min": 0.0010607733848211078, "Polys_min": 0.0008121494965004434, "Iron_min": 0.0007986939282564459, "Free Calcium_min": 0.000731444706960172, "Platelet Count_min": 0.0006006089819234987, "Lactate Dehydrogenase (LD)_min": 0.0005339802978291133, "Epithelial Cells_max": 0.00048533866636228516, "Neutrophils_max": 0.0004685556125763373, "RBC_min": 0.00028781300105041333, "Alkaline Phosphatase_max": 0.00016652899699814945, "Fibrinogen, Functional_max": 0.00013468094915106835, "WBC_min": 0.00012671770659766082, "Lactate Dehydrogenase (LD)_max": 7.126195834960763e-05, "Creatine Kinase (CK)_min": 4.738937863278031e-05, "Asparate Aminotransferase (AST)_max": 4.1249764022761314e-05, "Protein_min": 1.0635219615719188e-05, "Granulocyte Count_max": 5.802329150058393e-06, "Lipase_max": 2.5223176372085106e-06, "Ferritin_min": -4.804274793808126e-07, "Specific Gravity_max": -3.31766146327542e-05, "Granulocyte Count_min": -6.682919181739677e-05, "Amylase_max": -0.0002054630579853479, "Alanine Aminotransferase (ALT)_max": -0.00021549355216012833, "Glucose_max": -0.00025155673440567874, "Creatinine, Urine_max": -0.0002794721362505627, "Lipase_min": -0.0005675200458657938, "Alkaline Phosphatase_min": -0.0005715595450704225, "Urea Nitrogen_max": -0.0006515790776005551, "Specific Gravity_min": -0.0006632858797460998, "Tidal Volume_min": -0.0007261438800954369, "pO2_max": -0.0007499471168415431, "Protein_max": -0.0007789459983286045, "Urea Nitrogen, Urine_min": -0.0008041430603694647, "Alveolar-arterial Gradient_min": -0.0009065266958172272, "Tidal Volume_max": -0.0011959064560010933, "Urobilinogen_min": -0.0012056921063629178, "Creatine Kinase, MB Isoenzyme_max": -0.0013768732554415137, "Alanine Aminotransferase (ALT)_min": -0.001397617283007441, "Required O2_max": -0.0016019697118229018, "Sodium, Urine_max": -0.00171793242010273, "Oxygen Saturation_min": -0.0019878162531235225, "MCV_max": -0.0020930330037002977, "Potassium, Urine_min": -0.002476438185516432, "Platelet Count_max": -0.0027876363624566533, "Bilirubin, Total_min": -0.003771139719962223, "Sodium, Urine_min": -0.004038001292518583, "Iron Binding Capacity, Total_max": -0.00426540043693036, "Monocytes_min": -0.00966961722213289, "Base Excess_min": -0.010285663381842718, "Potassium_max": -0.011431131411359348, "Base Excess_max": -0.01291161821715381, "Sodium, Whole Blood_min": -0.013680492773120343, "Troponin T_max": -0.015379765324735548, "Eosinophils_max": -0.015872346332418647, "Calculated Total CO2_min": -0.01708906902045065, "Thyroid Stimulating Hormone_max": -0.017535593459435898, "Basophils_min": -0.01779339109650282, "Creatinine_max": -0.018396597801428445, "pCO2_min": -0.020213676455069603, "Chloride_max": -0.021018314870629173, "Potassium_min": -0.022776951384699214, "Free Calcium_max": -0.023024321754099786, "Red Blood Cells_min": -0.024722425122717814, "Anion Gap_max": -0.025678442152572502, "Protein, Total_min": -0.02788716872973979, "Chloride_min": -0.031034875606354723, "Potassium, Whole Blood_min": -0.0418523197798004, "Bicarbonate_min": -0.042289179708628194, "MCH_max": -0.04283402107751713, "Lymphocytes_min": -0.04362299502340335, "MCHC_max": -0.0457727477636221, "pH_min": -0.05082189214997669, "Bilirubin, Indirect_max": -0.0583118392403355, "MCHC_min": -0.060359487903230265, "Phosphate_min": -0.06532816073855427, "Eosinophils_min": -0.07006025017383634, "Hemoglobin_max": -0.07324510727023768, "Uric Acid_min": -0.08344788293517524, "Bicarbonate_max": -0.09532984263465596, "Hemoglobin_min": -0.09769587945701902, "Albumin_max": -0.11520686296606732, "Calcium, Total_min": -0.11774437186815742, "Potassium, Whole Blood_max": -0.14144936375193118, "Temperature_min": -0.1554121147599724, "Creatinine_min": -0.17470423400144605, "Albumin_min": -0.18290262302144905}