{"Lactate_max": 0.1764305746349949, "pH_max": 0.15194029149866478, "Lactate_min": 0.11614842463598579, "Anion Gap_min": 0.08114120673242074, "Phenytoin_min": 0.07165637063849226, "Sodium_max": 0.06918885483905286, "PT_min": 0.054260890179053424, "Phosphate_max": 0.05204115346018666, "RDW_max": 0.04736179832599834, "White Blood Cells_min": 0.03966666892052374, "pCO2_max": 0.03470830136100376, "MCV_min": 0.029389245353666063, "Urea Nitrogen_min": 0.025590559745053608, "INR(PT)_max": 0.017728330283887216, "Basophils_max": 0.016567441312063134, "PTT_min": 0.013730006560895147, "Glucose_min": 0.012839267383119912, "INR(PT)_min": 0.010137912578397834, "Oxygen_max": 0.008321156715511065, "Oxygen_min": 0.00824873771832623, "Potassium, Urine_max": 0.007359918636672445, "Lymphocytes_max": 0.005590208723273255, "Required O2_max": 0.0035512129098435002, "White Blood Cells_max": 0.0029918128299875574, "pO2_min": 0.0020159768844733375, "Urea Nitrogen_max": 0.001419844907520012, "Asparate Aminotransferase (AST)_min": 0.0011986735850760888, "Fibrinogen, Functional_min": 0.0007031604240390866, "Lactate Dehydrogenase (LD)_min": 0.000571889946148023, "Osmolality, Urine_max": 0.00048460131031605365, "Lactate Dehydrogenase (LD)_max": 5.124015580423172e-05, "Ferritin_max": 8.07979383818575e-06, "Lipase_max": 2.3256691242819373e-06, "Creatine Kinase (CK)_max": -1.754218022741225e-05, "Asparate Aminotransferase (AST)_max": -6.195129326259512e-05, "Glucose_max": -0.0002435133203027219, "pO2_max": -0.0006158728634147443, "Chloride_max": -0.0006787976437945521, "Platelet Count_min": -0.000719714730181871, "Osmolality, Measured_max": -0.0007516355369213023, "Lipase_min": -0.000883231498058051, "Platelet Count_max": -0.001795453727175941, "Tidal Volume_min": -0.0018929709420897785, "Specific Gravity_min": -0.0027177818479371682, "Monocytes_max": -0.004674599123353524, "Creatinine_max": -0.005037692484903313, "Magnesium_min": -0.006893574073477043, "Base Excess_min": -0.008081618421744487, "pCO2_min": -0.016135636943302497, "Basophils_min": -0.016886747349249647, "Bilirubin, Total_min": -0.01738714838379742, "RDW_min": -0.018162345826737706, "Red Blood Cells_max": -0.023257217555197034, "Potassium_max": -0.028576159627237505, "Calcium, Total_max": -0.030043487593763695, "Potassium_min": -0.03308389388977319, "Eosinophils_max": -0.03432859292615039, "Sodium_min": -0.047144967979501656, "Temperature_max": -0.05367457922131566, "Phosphate_min": -0.05518941860142497, "Potassium, Whole Blood_min": -0.056173759080031825, "Lymphocytes_min": -0.057530686061012276, "MCH_min": -0.07033814746203043, "Eosinophils_min": -0.07927883654216601, "Bicarbonate_max": -0.08931996541310751, "Albumin_max": -0.11292873972381218, "Hemoglobin_max": -0.13183858111933394, "Creatinine_min": -0.13211486972050568, "Temperature_min": -0.1731329766859481, "Albumin_min": -0.1745158203542961}