{"Lactate_min": 0.1965262648411925, "Lactate_max": 0.1509389904588571, "Anion Gap_min": 0.11978411180983686, "PT_min": 0.07063563190974538, "Phosphate_max": 0.06734853813578216, "Sodium_max": 0.05451386186523391, "White Blood Cells_min": 0.04145419573358487, "RDW_max": 0.036157582080230205, "pCO2_max": 0.03494587511172515, "Urea Nitrogen_min": 0.02932303329876423, "Glucose_min": 0.01224452718995867, "PTT_min": 0.01193878096441672, "Bilirubin, Total_max": 0.007441662784575955, "pO2_min": 0.00279564574442969, "Lymphocytes_max": 0.002729697613625689, "PTT_max": 0.0018892196958726786, "Lactate Dehydrogenase (LD)_min": 0.0008985863101552843, "pO2_max": -0.0008640186778943201, "Platelet Count_min": -0.0010556587203391296, "Tidal Volume_min": -0.0011382664074799812, "Platelet Count_max": -0.0019288347157099919, "Base Excess_min": -0.006931302247611241, "pCO2_min": -0.020636995564111305, "Bilirubin, Total_min": -0.05243711662982316, "Lymphocytes_min": -0.0656686478268256, "Bicarbonate_max": -0.06879142524837673, "MCHC_max": -0.12621032102561125, "Temperature_min": -0.17878965579718156, "Creatinine_min": -0.32557963532972073, "Albumin_min": -0.9434715295020534}