{"Lactate_min": 0.19790696400929214, "Lactate_max": 0.15590230426050605, "Anion Gap_min": 0.09351860847328462, "PT_min": 0.07592710288272725, "Sodium_max": 0.05357942600285695, "pCO2_max": 0.03146445576070327, "White Blood Cells_min": 0.025083117785900444, "Urea Nitrogen_min": 0.02390165704402154, "Calcium, Total_max": 0.02074653541282702, "PTT_min": 0.014209867867250179, "Oxygen_max": 0.012694530068031453, "Glucose_min": 0.012208417899318891, "White Blood Cells_max": 0.011542182889167736, "pO2_min": 0.0015882303874514595, "pO2_max": -0.0007817901332488155, "Tidal Volume_min": -0.0014009545962629742, "Platelet Count_max": -0.002353124643215274, "Bilirubin, Total_max": -0.005215926599080675, "Base Excess_min": -0.012944079071471215, "Eosinophils_max": -0.03683950800221329, "Lymphocytes_min": -0.05963389172895352, "Bicarbonate_max": -0.07607617728696864, "Temperature_min": -0.2866672467828783, "Basophils_min": -0.3828867213828823, "Albumin_min": -1.070212026007674}