{"Albumin_min": -1.0465987956070801, "Temperature_min": -0.24188765062749168, "Bicarbonate_max": -0.07014438598677332, "Lymphocytes_min": -0.06550031732803825, "pCO2_min": -0.02279129169313015, "Base Excess_min": -0.008217391658844908, "PEEP_max": -0.007560364977057065, "Platelet Count_max": -0.0019135879235431328, "pO2_max": -0.0012782342191068419, "Tidal Volume_min": -0.0012661808901092636, "Osmolality, Measured_max": -0.0010735941413871257, "Platelet Count_min": -0.0009365441674300946, "Creatine Kinase (CK)_min": 1.6647446343709875e-05, "Asparate Aminotransferase (AST)_min": 0.002197721205476643, "pO2_min": 0.002486879453185636, "PT_max": 0.004508496902533416, "Glucose_min": 0.01295005389766165, "Urea Nitrogen_min": 0.025204880111737698, "pCO2_max": 0.0387668144405464, "White Blood Cells_min": 0.04305810519346938, "Sodium_max": 0.05567600918940973, "PT_min": 0.06812184445332381, "Anion Gap_min": 0.08910344721053914, "Lactate_max": 0.14839395854376342, "Lactate_min": 0.188275532637112}