{"Lactate_min": 0.2083266448030424, "Lactate_max": 0.12084319119801384, "Anion Gap_min": 0.10173595379698239, "Sodium_max": 0.07144807900269304, "PT_min": 0.06038152163233695, "White Blood Cells_min": 0.0510531173280103, "Calcium, Total_max": 0.04653110685167749, "pCO2_max": 0.03589955466431632, "RDW_max": 0.028818979809673174, "Basophils_max": 0.02363548827984772, "Urea Nitrogen_min": 0.02057562000771412, "Phosphate_max": 0.018422230535939457, "Bilirubin, Total_max": 0.017274178405463806, "INR(PT)_min": 0.015623996667652896, "Glucose_min": 0.015187508497464254, "Magnesium_max": 0.014014608454226245, "Potassium, Urine_max": 0.0139798637982853, "PTT_min": 0.010671414238506231, "Oxygen_max": 0.01065035005804834, "Oxygen_min": 0.009416261858386118, "Required O2_max": 0.008812385148137248, "Phenytoin_max": 0.00619715270423407, "INR(PT)_max": 0.004861857236047254, "Osmolality, Measured_max": 0.004624729477928848, "Lymphocytes_max": 0.0032179668475319882, "Specific Gravity_min": 0.003029141064336596, "pO2_min": 0.0021307979237024676, "PTT_max": 0.001977582940118366, "Cortisol_max": 0.0014316368129182937, "Asparate Aminotransferase (AST)_min": 0.0011649444304029021, "Osmolality, Urine_max": 0.0009785731835235492, "Lactate Dehydrogenase (LD)_min": 0.0005680059982107027, "PT_max": 0.0005317348534987578, "Platelet Count_min": 0.00029958613457974314, "Lactate Dehydrogenase (LD)_max": 4.433956138558892e-05, "Creatine Kinase (CK)_max": -1.9128262113947304e-05, "Glucose_max": -0.0001260584079585057, "Alkaline Phosphatase_max": -0.00015442015483269907, "Alveolar-arterial Gradient_max": -0.00024043970915943428, "Urea Nitrogen, Urine_max": -0.0002730567691296928, "Nucleated Red Cells_max": -0.0006019969255275345, "pO2_max": -0.0007898725064736234, "Tidal Volume_max": -0.0009666922444712681, "Urea Nitrogen_max": -0.0010495949070755777, "Tidal Volume_min": -0.0010553805811873266, "Neutrophils_min": -0.0017103804086722725, "PEEP_max": -0.002283037776281208, "Sodium, Urine_max": -0.0026542068077819426, "Platelet Count_max": -0.0026794732508621014, "RDW_min": -0.007131027081044406, "Base Excess_min": -0.008734985653690906, "Creatinine_max": -0.008828382119080786, "Sodium_min": -0.009651570568950652, "Potassium, Urine_min": -0.010634508009732766, "pCO2_min": -0.019392028542156707, "Chloride_min": -0.0219117838658998, "Bilirubin, Total_min": -0.037520174464783305, "Eosinophils_max": -0.03768740127893668, "Red Blood Cells_min": -0.048651300021650246, "Lymphocytes_min": -0.05600489098546361, "Potassium_min": -0.059852688095141, "Basophils_min": -0.07629832205243614, "Bicarbonate_max": -0.08165191923343365, "Hemoglobin_min": -0.09877319924527785, "MCHC_max": -0.11403570633628882, "Potassium, Whole Blood_min": -0.12951367664330457, "Temperature_min": -0.15257508467950312, "Calcium, Total_min": -0.2153670907988375, "Albumin_max": -0.2724062995793758, "Albumin_min": -0.5044058617591134}