{"Lactate_min": 0.18450023645252311, "Phenytoin_min": 0.13467260487649688, "Lactate_max": 0.1335683560755595, "Anion Gap_min": 0.10109111454731745, "Sodium_max": 0.09645001475115311, "Phosphate_max": 0.08140738768021351, "PT_min": 0.05810580520197143, "Temperature_max": 0.05586271373964936, "Bilirubin, Direct_max": 0.05295270105406769, "RDW_max": 0.0477761778399207, "MCH_min": 0.046797932145424506, "White Blood Cells_min": 0.04465453267002447, "Magnesium_max": 0.03531904500273391, "pCO2_max": 0.034306697686667414, "Myelocytes_min": 0.03288925544479922, "Red Blood Cells_max": 0.028785418488728048, "Basophils_max": 0.028175068843436287, "Urea Nitrogen_min": 0.026394110697150544, "Vancomycin_min": 0.023178684389352645, "Calculated Total CO2_max": 0.021516806869737844, "Magnesium_min": 0.01652792595508424, "INR(PT)_min": 0.015404854779883018, "Glucose_min": 0.01331648201826584, "PTT_min": 0.013301146847680002, "Oxygen_min": 0.012584144704805391, "MCV_min": 0.012416714582796513, "Calcium, Total_max": 0.011405407372057806, "Osmolality, Measured_max": 0.007467670739453906, "Free Calcium_min": 0.0072424012700953964, "Oxygen_max": 0.00671503866874895, "Bands_max": 0.00628721218492371, "Sodium_min": 0.005622577816310139, "Potassium, Urine_max": 0.004948635290477484, "Lymphocytes_max": 0.003940433962786469, "Polys_max": 0.0031153148058303023, "pO2_min": 0.0027269022299132393, "Cortisol_min": 0.0026225675042600614, "Creatinine, Urine_max": 0.00254668754522719, "Neutrophils_max": 0.002413569851925959, "O2 Flow_min": 0.0021507964106478126, "Iron_min": 0.002054086875596015, "Asparate Aminotransferase (AST)_min": 0.0019618416023047323, "PTT_max": 0.001696071420001631, "Oxygen Saturation_min": 0.001269886551754081, "Osmolality, Urine_max": 0.00112368500189287, "Alveolar-arterial Gradient_max": 0.0010555802670681631, "Specific Gravity_max": 0.0010116384584157507, "Lactate Dehydrogenase (LD)_min": 0.0006201055637613488, "WBC_max": 0.000513620909781771, "Fibrinogen, Functional_min": 0.00035432748450811574, "Alkaline Phosphatase_max": 0.00021447478510320587, "Urea Nitrogen_max": 0.0002094153068459149, "Specific Gravity_min": 0.00010867202455535397, "Lactate Dehydrogenase (LD)_max": 0.0001013740341082171, "Platelet Count_min": 4.52421306726805e-05, "Creatine Kinase (CK)_min": 2.7810737502227497e-05, "Ferritin_max": -1.5260114375310394e-06, "Granulocyte Count_min": -5.4737605795798834e-05, "Asparate Aminotransferase (AST)_max": -7.019461683466044e-05, "WBC_min": -0.00020176782792065304, "Glucose_max": -0.0002353632437520796, "Amylase_max": -0.0003412664536105577, "Urea Nitrogen, Urine_max": -0.000397746783514499, "Lipase_min": -0.00041403227185941806, "Alkaline Phosphatase_min": -0.0006704564854146164, "White Blood Cells_max": -0.0009904695975544954, "pO2_max": -0.0010583058895587841, "Tidal Volume_min": -0.0014445108804659642, "Alanine Aminotransferase (ALT)_min": -0.0014591339492568212, "Platelet Count_max": -0.0023082909966273854, "Potassium, Urine_min": -0.0027427617699990973, "Creatinine, Urine_min": -0.003114610957255478, "Sodium, Urine_max": -0.0033182069116863898, "Ketone_max": -0.0040014098888267275, "Base Excess_min": -0.004052116118598179, "Transferrin_min": -0.004470141262810334, "MCV_max": -0.012269644107728232, "Bilirubin, Total_max": -0.012338556589463659, "pCO2_min": -0.012448614889202635, "Phenytoin_max": -0.012859392475070376, "Thyroid Stimulating Hormone_min": -0.018123542257756933, "Anion Gap_max": -0.019210884966520875, "Free Calcium_max": -0.020439000166739038, "Sodium, Whole Blood_max": -0.023338969165413625, "RDW_min": -0.02488898022248007, "Potassium_min": -0.027887705694826525, "Chloride_max": -0.02902094093762588, "Calculated Total CO2_min": -0.029032649673977954, "Red Blood Cells_min": -0.029316843317110312, "Bilirubin, Total_min": -0.02978293293512684, "Bicarbonate_min": -0.031968734930759815, "Basophils_min": -0.03199313966041123, "Eosinophils_max": -0.03874037596102312, "Chloride_min": -0.039907291072187524, "Troponin T_max": -0.04176595433230698, "pH_min": -0.04532109752842351, "Lymphocytes_min": -0.045748294575493474, "Hemoglobin_max": -0.054317058037020104, "MCHC_min": -0.06337764840962296, "Phosphate_min": -0.0697148016906691, "% Hemoglobin A1c_min": -0.07450732537826976, "MCHC_max": -0.09226074164889861, "Hemoglobin_min": -0.09372834883179633, "Bicarbonate_max": -0.10701284143195258, "Creatinine_max": -0.11685734960849913, "Temperature_min": -0.15289217861596197, "Creatinine_min": -0.15628690734380277, "Albumin_max": -0.16986448280306504, "Calcium, Total_min": -0.1704363656231783, "Albumin_min": -0.2670535357223966}