{"pH_max": 0.5924564115563691, "Lactate_min": 0.2087878659380877, "Lactate_max": 0.14008251986513687, "PT_min": 0.07087761173113266, "Sodium_max": 0.0643405580269438, "Anion Gap_min": 0.05493335533396861, "White Blood Cells_min": 0.044628264868662754, "RDW_max": 0.03450617819372508, "pCO2_max": 0.034489948509752545, "Urea Nitrogen_min": 0.025653036865453376, "Glucose_min": 0.013950712668355465, "Oxygen_max": 0.011289792615921909, "PTT_min": 0.011111691881090355, "pO2_min": 0.0023541532232924543, "PTT_max": 0.001780497016418724, "Neutrophils_min": 0.0012789561503570722, "Lymphocytes_max": 0.001003341074093118, "Asparate Aminotransferase (AST)_min": 0.0008752480807035472, "Lactate Dehydrogenase (LD)_min": 0.0007130296868289941, "Alveolar-arterial Gradient_max": 0.0004872951679622221, "Platelet Count_min": 0.0002950246409750955, "Creatine Kinase (CK)_min": 5.6497268986857525e-05, "Creatine Kinase (CK)_max": -2.3242879809993548e-05, "Urea Nitrogen_max": -0.00030807135880687303, "pO2_max": -0.0008434293836728285, "Tidal Volume_min": -0.001167540239839186, "Platelet Count_max": -0.002560329932739594, "Osmolality, Measured_max": -0.002821072064861039, "Phosphate_max": -0.004164917691828966, "Base Excess_min": -0.005848581348651432, "pCO2_min": -0.01179028524033642, "MCH_min": -0.030274742264079127, "Calcium, Total_max": -0.034290591127563885, "Bilirubin, Total_min": -0.03471507496712175, "Chloride_min": -0.036790688234383244, "Lymphocytes_min": -0.057895376021778536, "Bicarbonate_max": -0.12197193563959967, "Potassium_min": -0.14211262681168588, "Temperature_min": -0.27530043219628964, "Albumin_min": -0.8218839412932795}