{"pH_max": 0.4687959366430296, "Lactate_min": 0.243807080330264, "Phenytoin_min": 0.16094910591867118, "Lactate_max": 0.14539609929188738, "Bilirubin, Direct_min": 0.14512815871536597, "Anion Gap_min": 0.10421971027974267, "Temperature_max": 0.08572905227944767, "Sodium_max": 0.07728768192599543, "PT_min": 0.07154673475471879, "MCH_min": 0.06417278060054572, "Red Blood Cells_max": 0.06182143260207225, "White Blood Cells_min": 0.056057253842316364, "RDW_max": 0.0540133107737949, "Phosphate_max": 0.05181392274792724, "Atypical Lymphocytes_min": 0.047509057242842594, "Hematocrit, Calculated_min": 0.04331242981295695, "Required O2_min": 0.04279733255669937, "Magnesium_min": 0.04265038298906543, "Magnesium_max": 0.03828145169943834, "CK-MB Index_min": 0.036155885124496315, "Basophils_max": 0.03588157929810614, "pCO2_max": 0.03127569343150852, "Vancomycin_min": 0.030368148081900474, "Calculated Total CO2_max": 0.02936593044293685, "Urea Nitrogen_min": 0.025307779631419447, "Metamyelocytes_max": 0.023382334239221477, "INR(PT)_max": 0.019725059223455257, "Calcium, Total_max": 0.015923820119348255, "Osmolality, Measured_max": 0.014647050922141192, "Glucose_min": 0.014291746104832363, "PEEP_min": 0.01378150690674782, "Bilirubin, Total_max": 0.012667942614508031, "INR(PT)_min": 0.012410674893744584, "Oxygen_max": 0.010920267521416836, "Free Calcium_min": 0.00992758655118822, "Myelocytes_max": 0.009608352962298951, "PTT_min": 0.009169095013360374, "Cholesterol, HDL_max": 0.009111417374031384, "Neutrophils_min": 0.00583901557520054, "Potassium, Urine_min": 0.0051705628198393085, "Bands_min": 0.0051510318035090635, "O2 Flow_min": 0.004132781417245135, "Lymphocytes_max": 0.0032078933084783495, "Transferrin_min": 0.0028656076657502306, "Bands_max": 0.002782774858807414, "pO2_min": 0.002269083061322743, "PTT_max": 0.002185736137463756, "Asparate Aminotransferase (AST)_min": 0.0021247719971876564, "Specific Gravity_max": 0.0020213937324801237, "Alveolar-arterial Gradient_max": 0.0014909436617822466, "Cortisol_min": 0.0009324364367710392, "Amylase_min": 0.0008766975307875601, "Specific Gravity_min": 0.0008143451132607433, "Osmolality, Urine_min": 0.0007577448842133655, "Sodium, Urine_max": 0.0007365384409298116, "Lactate Dehydrogenase (LD)_min": 0.000618776261280415, "RBC_min": 0.000411343701058432, "Platelet Count_min": 0.00025980142241663313, "WBC_max": 0.00020836033244508415, "Lactate Dehydrogenase (LD)_max": 0.00018350781885722285, "Alkaline Phosphatase_max": 8.462992739139188e-05, "Fibrinogen, Functional_max": 6.456910418121152e-05, "Creatine Kinase (CK)_min": 2.9224431478454535e-05, "Asparate Aminotransferase (AST)_max": 1.5869537758126894e-05, "Lipase_max": 3.3648201660072824e-06, "pO2_max": -1.1279376139427428e-06, "Granulocyte Count_min": -5.821807221319726e-06, "RBC_max": -2.4295765159027603e-05, "Oxygen Saturation_max": -4.094409826804716e-05, "Glucose_max": -0.00017626937922133286, "MCV_min": -0.0001890581969932732, "Tidal Volume_min": -0.00020729212710389352, "Amylase_max": -0.0002417367068457637, "Alanine Aminotransferase (ALT)_max": -0.0002986812219665437, "Vancomycin_max": -0.00041416713924126734, "Bicarbonate_min": -0.00047186074744472487, "Alkaline Phosphatase_min": -0.0005755433348919233, "Triglycerides_max": -0.0006750669816506247, "Protein_max": -0.0007789693701391682, "Tidal Volume_max": -0.0008888084191183176, "Urea Nitrogen_max": -0.0009496850996407254, "O2 Flow_max": -0.0010507917441591732, "Lipase_min": -0.001087645369609722, "Alanine Aminotransferase (ALT)_min": -0.0011539275681542978, "Creatine Kinase, MB Isoenzyme_max": -0.0012307320582283924, "Creatinine, Urine_min": -0.001341303661400385, "Monocytes_max": -0.0022348885504748796, "Platelet Count_max": -0.002285847634100243, "Oxygen Saturation_min": -0.0023183496629554544, "pCO2_min": -0.0033045594226109015, "PT_max": -0.003646862615733876, "White Blood Cells_max": -0.0038640011825500646, "Iron Binding Capacity, Total_max": -0.004594698042211501, "Sodium, Urine_min": -0.005147799601582414, "PEEP_max": -0.005353607714641104, "Alveolar-arterial Gradient_min": -0.005616775755244189, "MCV_max": -0.009201088987672024, "Potassium_max": -0.009559460952042678, "Neutrophils_max": -0.009594242178616355, "Chloride_max": -0.009697045389240891, "Base Excess_min": -0.009918263083086456, "Anion Gap_max": -0.011668311449278592, "Hematocrit_min": -0.01186176235826902, "Chloride, Whole Blood_min": -0.012115648246091761, "Osmolality, Measured_min": -0.01258040895698942, "Chloride_min": -0.01592718180289688, "Thyroid Stimulating Hormone_min": -0.01658606541016237, "Hematocrit_max": -0.017751096200843235, "RDW_min": -0.018119616452825518, "Creatinine_max": -0.018378466337883956, "Sodium_min": -0.019919508579075013, "Potassium_min": -0.021145081433945955, "Monocytes_min": -0.024178749322711256, "Calculated Total CO2_min": -0.024216948604000338, "Hematocrit, Calculated_max": -0.025692255513150755, "Troponin T_max": -0.027067959034588637, "Eosinophils_max": -0.031050957274305426, "Free Calcium_max": -0.031638902240251066, "Basophils_min": -0.03237116609485616, "Red Blood Cells_min": -0.03635022997446182, "Hemoglobin_max": -0.04036582265681635, "Protein, Total_min": -0.04567380959135184, "Lymphocytes_min": -0.04598339961405627, "Troponin T_min": -0.05409067950762185, "Bilirubin, Indirect_max": -0.054389033700162376, "Phenytoin_max": -0.05629320336925853, "MCHC_min": -0.07239556530460062, "Potassium, Whole Blood_min": -0.08622346419408024, "pH_min": -0.09058974725065652, "Phosphate_min": -0.09155566736591471, "Uric Acid_max": -0.09451898289496317, "Bilirubin, Total_min": -0.09630043387837162, "Bicarbonate_max": -0.10951157359435035, "MCHC_max": -0.11091544981772278, "Eosinophils_min": -0.11833922042996384, "Temperature_min": -0.1974444471545439, "Calcium, Total_min": -0.20747955826094577, "Albumin_max": -0.20965841494714108, "Potassium, Whole Blood_max": -0.27143284425687136, "Albumin_min": -0.3631633374604343}