{"Lactate_min": 0.2191267376335561, "Lactate_max": 0.14523000787660242, "Anion Gap_min": 0.1392587605331041, "Phenytoin_min": 0.09832855253993039, "PT_min": 0.0794931971993337, "Phosphate_max": 0.07714478520120455, "Sodium_max": 0.06807058220959583, "White Blood Cells_min": 0.04253487749068508, "RDW_max": 0.04204300351869588, "pCO2_max": 0.03311613305187811, "Urea Nitrogen_min": 0.0310098770969579, "Oxygen_max": 0.014562114040321624, "Glucose_min": 0.012834580314584733, "Required O2_max": 0.005937006595087592, "Free Calcium_min": 0.005377468595849859, "White Blood Cells_max": 0.0025908788260095416, "pO2_min": 0.002047459357008338, "Lymphocytes_max": 0.0014444143690442591, "Asparate Aminotransferase (AST)_min": 0.0010897042530389242, "Lactate Dehydrogenase (LD)_max": 6.608762734213356e-05, "Creatine Kinase (CK)_max": -1.5898161080199397e-05, "Tidal Volume_min": -0.0006704941734309248, "Platelet Count_min": -0.0007298517100688837, "pO2_max": -0.0008507236830256397, "Osmolality, Measured_max": -0.0008516247869656592, "Tidal Volume_max": -0.0010919799699087244, "Calcium, Total_max": -0.0018113925074973584, "Platelet Count_max": -0.0019558053314073847, "Base Excess_min": -0.003570142960932481, "Bilirubin, Total_max": -0.0099462600787066, "pCO2_min": -0.014700127689816423, "Sodium_min": -0.03747049938754983, "Eosinophils_max": -0.05147117943949301, "Bicarbonate_max": -0.0585617173311738, "Lymphocytes_min": -0.05958949743716978, "Temperature_min": -0.22324681168967153, "Red Blood Cells_max": -0.30157682522604323, "Albumin_max": -0.3191946305052775, "Creatinine_min": -0.37813426364892233, "Albumin_min": -0.6761451307760339}