{"Lactate_max": 0.16571684625180083, "pH_max": 0.10493535740909278, "Lactate_min": 0.09224824027211914, "Anion Gap_min": 0.08313662522871915, "Sodium_max": 0.07519109261737542, "PT_min": 0.058554125928946404, "Phenytoin_min": 0.057576304176035, "Bilirubin, Direct_max": 0.05172197450013807, "White Blood Cells_min": 0.051165733376560406, "Hematocrit, Calculated_min": 0.04688087535519406, "Bilirubin, Direct_min": 0.044624811916057695, "Phosphate_max": 0.03305739047302594, "pCO2_max": 0.03160141113774312, "Vancomycin_min": 0.03011786599898793, "Calculated Total CO2_max": 0.028299914576190483, "MCV_min": 0.026112461098077966, "RDW_max": 0.025016116668619436, "Urea Nitrogen_min": 0.024480059707756584, "CK-MB Index_max": 0.02224008386790363, "Metamyelocytes_min": 0.017437040655877267, "Osmolality, Measured_max": 0.014362531192225901, "PEEP_min": 0.013947597482222358, "Cholesterol, Total_min": 0.013772894803755728, "Glucose_min": 0.013083102859473294, "Atypical Lymphocytes_max": 0.011258797065959648, "Red Blood Cells_max": 0.010824699115132449, "INR(PT)_min": 0.010192359420614295, "Metamyelocytes_max": 0.010071134517894318, "CK-MB Index_min": 0.009281001009623672, "Magnesium_max": 0.009108308626174823, "Urobilinogen_max": 0.00875171103391587, "Oxygen_max": 0.00843309525363653, "PTT_min": 0.00824534877095617, "Oxygen_min": 0.008158938497729643, "Myelocytes_max": 0.00807023879314312, "Bands_min": 0.008032264726880347, "RDW_min": 0.006737838156256462, "Cholesterol Ratio (Total/HDL)_max": 0.005999807247256777, "Required O2_min": 0.005978459081887637, "Cholesterol Ratio (Total/HDL)_min": 0.005811761235171093, "Temperature_max": 0.005535063716631403, "MCH_min": 0.005163909307660744, "Bands_max": 0.004966031873291098, "Myelocytes_min": 0.004918107359154021, "Cholesterol, HDL_min": 0.0048756828106663735, "Basophils_max": 0.00468130918709565, "Neutrophils_min": 0.004465212009195223, "Polys_min": 0.004301528294056259, "Epithelial Cells_max": 0.004291866320270336, "O2 Flow_min": 0.004263516351324223, "Lymphocytes_max": 0.003793474647301764, "Cortisol_max": 0.0037205082565032973, "Magnesium_min": 0.0035908738112221325, "Potassium, Urine_min": 0.003526489901187639, "Asparate Aminotransferase (AST)_min": 0.0029158611295510345, "INR(PT)_max": 0.0029063148657325444, "Alveolar-arterial Gradient_max": 0.002901143009398149, "Iron_min": 0.0025770624613546443, "Potassium, Urine_max": 0.0022849372020809213, "tacroFK_min": 0.0022121331491721827, "PTT_max": 0.002012553573075472, "pO2_min": 0.0019908891557583017, "Creatinine, Urine_max": 0.0018480810754432592, "Monocytes_max": 0.0018254538196585271, "Creatine Kinase, MB Isoenzyme_min": 0.0015332713052384345, "Atypical Lymphocytes_min": 0.0012598584993162819, "Cholesterol, HDL_max": 0.0011100846332253835, "Amylase_min": 0.0009712266622861096, "Osmolality, Urine_max": 0.0007833843682161118, "Urobilinogen_min": 0.0007452165183610477, "Iron Binding Capacity, Total_min": 0.0007389175272825364, "Nucleated Red Cells_min": 0.0006854396551190918, "Lactate Dehydrogenase (LD)_min": 0.0006450821754589793, "Vancomycin_max": 0.0005931961840154362, "Base Excess_max": 0.0005814378438016606, "RBC_max": 0.00044968314944745776, "Urea Nitrogen_max": 0.00041619944350303564, "Vitamin B12_min": 0.00040209802721972494, "WBC_max": 0.0003133381052842137, "Osmolality, Urine_min": 0.0003017054690151854, "Fibrinogen, Functional_min": 0.00029117556074414314, "Alkaline Phosphatase_max": 0.00024179001315381707, "Polys_max": 0.00023465706649974905, "PT_max": 0.00014123405611087626, "Urea Nitrogen, Urine_max": 0.00010870310637114126, "Fibrinogen, Functional_max": 9.630193079837002e-05, "Asparate Aminotransferase (AST)_max": 6.797264564456413e-05, "Lactate Dehydrogenase (LD)_max": 6.287552852501226e-05, "Protein_min": 5.211751702861967e-05, "Creatine Kinase (CK)_min": 4.753813175156643e-05, "Granulocyte Count_max": 2.715335542071632e-05, "Ferritin_min": 6.029262819223346e-06, "Lipase_max": 3.8097079646529042e-06, "Glucose_max": 3.658560471809282e-06, "Ferritin_max": -2.562107914183091e-06, "Creatine Kinase (CK)_max": -1.2834403938632186e-05, "Specific Gravity_max": -2.1374665918896315e-05, "RBC_min": -7.078468034844785e-05, "Granulocyte Count_min": -7.129287739393204e-05, "Oxygen Saturation_max": -8.775960307764957e-05, "Specific Gravity_min": -0.00014011941069186554, "White Blood Cells_max": -0.00020514320890358884, "Alanine Aminotransferase (ALT)_max": -0.00024863170932851853, "Amylase_max": -0.00027746197143680996, "Platelet Count_min": -0.0002800318514427917, "WBC_min": -0.0003735860643885541, "Triglycerides_max": -0.00045369290985384066, "Thyroid Stimulating Hormone_min": -0.0005421933533641202, "pO2_max": -0.0005542734049113709, "Urea Nitrogen, Urine_min": -0.0006153014546609852, "Nucleated Red Cells_max": -0.0006231732961767496, "Tidal Volume_max": -0.000632246395051334, "Vitamin B12_max": -0.0006371159549886437, "Free Calcium_min": -0.0006630577760403685, "Alkaline Phosphatase_min": -0.0006802213740248386, "Lipase_min": -0.0008149880715739529, "Protein_max": -0.0008639636555334387, "Transferrin_min": -0.0009549226261135369, "Ketone_max": -0.000990803101678247, "Triglycerides_min": -0.0010503871111518317, "Alanine Aminotransferase (ALT)_min": -0.0010698486153890197, "Tidal Volume_min": -0.0012659522622119868, "O2 Flow_max": -0.0013763102948885025, "Sodium, Urine_min": -0.0014227823728541144, "Alveolar-arterial Gradient_min": -0.0014804559060326366, "Creatine Kinase, MB Isoenzyme_max": -0.001564690554815672, "Sodium, Urine_max": -0.0016314698546243261, "Iron Binding Capacity, Total_max": -0.0017394562499564474, "Platelet Count_max": -0.002031117566800111, "Cortisol_min": -0.0020424074281478717, "Iron_max": -0.0021058423131268505, "Cholesterol, LDL, Calculated_max": -0.00223200003112575, "Oxygen Saturation_min": -0.002304953632328866, "MCV_max": -0.002712779412112221, "Creatinine, Urine_min": -0.0028339375072759776, "Transferrin_max": -0.003042801439527757, "Chloride, Whole Blood_max": -0.0030432821223292817, "Chloride_max": -0.003050047086901393, "Chloride, Whole Blood_min": -0.003117757998089369, "Bilirubin, Total_max": -0.003905371401349972, "Ketone_min": -0.003980023939893913, "pCO2_min": -0.004616640377375469, "Cholesterol, LDL, Calculated_min": -0.004897359722996706, "Neutrophils_max": -0.005587903170464442, "Sodium, Whole Blood_min": -0.005794493631930662, "Creatinine_max": -0.006176651164940486, "Protein, Total_max": -0.007428286879017719, "PEEP_max": -0.007513767677285712, "Phenytoin_max": -0.008322666204671984, "Base Excess_min": -0.008492419437590689, "Red Blood Cells_min": -0.00921449676284385, "Required O2_max": -0.009465941098633685, "Calcium, Total_max": -0.009686579117076516, "Sodium_min": -0.009758309966574124, "Basophils_min": -0.010082425749001575, "Thyroid Stimulating Hormone_max": -0.010326334875376493, "Protein, Total_min": -0.010388452534776518, "Potassium_min": -0.010416833138377404, "Cholesterol, Total_max": -0.010563451327105023, "Hematocrit_max": -0.010681232491365874, "Hematocrit_min": -0.010696798847020276, "Bicarbonate_min": -0.01088654107882123, "Anion Gap_max": -0.012308943514901626, "Sodium, Whole Blood_max": -0.01231327119844791, "tacroFK_max": -0.01349845359887558, "Troponin T_min": -0.015395136140826686, "pH_min": -0.0160445951751901, "Hemoglobin_max": -0.016429141432068035, "Osmolality, Measured_min": -0.017011795326359058, "Potassium_max": -0.0177671939545701, "Free Calcium_max": -0.018044237374307402, "Phosphate_min": -0.019264430784881992, "Chloride_min": -0.019570089239619552, "Bilirubin, Indirect_min": -0.019623191460097375, "Troponin T_max": -0.021549844728039072, "Uric Acid_max": -0.0224095792684863, "% Hemoglobin A1c_max": -0.022694172375967745, "% Hemoglobin A1c_min": -0.022848148909758004, "Hematocrit, Calculated_max": -0.028168522607878766, "Monocytes_min": -0.02843971396201533, "Potassium, Whole Blood_min": -0.028839650067600475, "Epithelial Cells_min": -0.030618650370100142,