{"pH_max": 0.4336617090513884, "Lactate_min": 0.20132644746216652, "Phenytoin_min": 0.1284498980067986, "Lactate_max": 0.1229584407518023, "Anion Gap_min": 0.10482599295051326, "Temperature_max": 0.09090109810331816, "Sodium_max": 0.07651316209441172, "Phosphate_max": 0.07006714264735192, "PT_min": 0.061595506290972074, "Red Blood Cells_max": 0.058541569172137625, "White Blood Cells_min": 0.04472789447118538, "RDW_max": 0.039471132273410765, "pCO2_max": 0.03613691504129024, "Urea Nitrogen_min": 0.031923037978490096, "Metamyelocytes_max": 0.031630057719425474, "Vancomycin_min": 0.031086057830810056, "Bilirubin, Total_max": 0.024713881597543605, "Osmolality, Measured_max": 0.02460609679380399, "Glucose_min": 0.012781527014067512, "PTT_min": 0.012556972271889845, "Oxygen_min": 0.011089820469072375, "MCV_min": 0.00843208815432658, "Oxygen_max": 0.007821841859920521, "Potassium, Urine_max": 0.006462815676429976, "INR(PT)_max": 0.0038858197151974763, "Cortisol_min": 0.002861631977449666, "O2 Flow_min": 0.0027468843399288344, "Lymphocytes_max": 0.002623744427557666, "Neutrophils_min": 0.0024984482767598597, "PTT_max": 0.002342644696299826, "pO2_min": 0.0020898902492556245, "Alveolar-arterial Gradient_max": 0.0018334711141480115, "Asparate Aminotransferase (AST)_min": 0.0010713741033298166, "Creatinine, Urine_max": 0.000844202512654281, "Vancomycin_max": 0.0008295505672253174, "RBC_max": 0.0006633902502509553, "Specific Gravity_max": 0.0006182800911946356, "Lactate Dehydrogenase (LD)_min": 0.0005697959561261697, "Fibrinogen, Functional_min": 0.0005422500964297134, "Oxygen Saturation_min": 0.0005349807659244487, "Urea Nitrogen, Urine_max": 0.00037070748663122735, "PT_max": 0.00021353265279268978, "WBC_max": 0.00019111047026897093, "Lactate Dehydrogenase (LD)_max": 0.0001123361018382645, "Creatine Kinase (CK)_min": 6.684390750672942e-05, "Ferritin_max": 5.23230506448559e-07, "Glucose_max": -7.880888891175395e-05, "Asparate Aminotransferase (AST)_max": -0.00011376151920911182, "Lipase_max": -0.000202480315704666, "Specific Gravity_min": -0.00023253025727912476, "Oxygen Saturation_max": -0.0002891552800300155, "Platelet Count_min": -0.00033263992429000193, "RBC_min": -0.0003640259792537644, "Urea Nitrogen, Urine_min": -0.0005957367132147723, "pO2_max": -0.0006548259320396799, "Alkaline Phosphatase_min": -0.0006595553997559812, "White Blood Cells_max": -0.000885854152132825, "Tidal Volume_min": -0.0009073577364742504, "Creatinine, Urine_min": -0.0010146967008971008, "Creatine Kinase, MB Isoenzyme_max": -0.0010283574920866025, "Tidal Volume_max": -0.0010824473581072084, "Sodium, Urine_max": -0.0011904488062393361, "PEEP_max": -0.0011982007911685035, "Sodium_min": -0.0016439763514309147, "Sodium, Urine_min": -0.001679192382390688, "Neutrophils_max": -0.0021438908449832824, "Platelet Count_max": -0.0023443337753569445, "Creatinine_max": -0.0024459510521813886, "Urea Nitrogen_max": -0.0027693112837071853, "Base Excess_min": -0.003993768940061915, "Ketone_max": -0.004003527003086561, "Required O2_max": -0.005714722238141389, "Potassium_max": -0.011343446934770332, "pCO2_min": -0.012241562118951688, "Chloride_max": -0.012303734594884035, "Sodium, Whole Blood_min": -0.018075795765099618, "Osmolality, Measured_min": -0.021486656273546886, "Chloride_min": -0.026213037920158423, "RDW_min": -0.02817772727674926, "Monocytes_min": -0.029670597465013545, "Hematocrit_max": -0.03349199574668733, "Bilirubin, Indirect_max": -0.03844871092526664, "Potassium_min": -0.0396267337811692, "Troponin T_min": -0.04224079219382522, "Calcium, Total_max": -0.04493622574261932, "Bicarbonate_min": -0.04523356413811368, "Bilirubin, Total_min": -0.046231803355234954, "Eosinophils_max": -0.05055012045977437, "Lymphocytes_min": -0.050550581556182625, "pH_min": -0.07999736079962641, "% Hemoglobin A1c_min": -0.08035736064335106, "Potassium, Whole Blood_min": -0.0807642788434558, "Phosphate_min": -0.08374787517713905, "Bicarbonate_max": -0.08521243945575584, "Red Blood Cells_min": -0.11882547265221752, "MCHC_max": -0.16912195021681456, "Temperature_min": -0.21464121555501295, "Albumin_max": -0.24243034947127703, "Creatinine_min": -0.29642362530298777, "Albumin_min": -0.3866348680780158}