{"pH_max": 0.27644936853071184, "Lactate_max": 0.20858961414893779, "Lactate_min": 0.1792987760871031, "Phenytoin_min": 0.13567987253912683, "Anion Gap_min": 0.09953341950327722, "Bilirubin, Direct_max": 0.08008707284431933, "Sodium_max": 0.06976896152133824, "PT_min": 0.0684821274372595, "White Blood Cells_min": 0.06208372594909166, "CK-MB Index_min": 0.05497016445870058, "Phosphate_max": 0.04791137260848136, "Myelocytes_max": 0.03597941171422594, "Red Blood Cells_max": 0.03577136050293779, "Temperature_max": 0.03559442860135759, "RDW_max": 0.03500691283467347, "pCO2_max": 0.03333522446253189, "Urea Nitrogen_min": 0.03158090622112534, "Magnesium_max": 0.02676873280446731, "Hematocrit, Calculated_min": 0.026469788054554272, "MCV_min": 0.022430196307927704, "Myelocytes_min": 0.019923325770248128, "Base Excess_max": 0.019629733300569996, "Glucose_min": 0.014083302667333463, "INR(PT)_min": 0.01285049420151111, "Oxygen_max": 0.011792998427095375, "Osmolality, Measured_max": 0.009993602806352803, "PTT_min": 0.009624108794417283, "MCH_min": 0.009078291996895308, "Lymphocytes_max": 0.008122970541801458, "Basophils_max": 0.007198622995142755, "Polys_min": 0.004968795206095028, "Neutrophils_min": 0.003543116582059418, "O2 Flow_min": 0.003540566886723354, "pCO2_min": 0.003431972863758231, "Asparate Aminotransferase (AST)_min": 0.0022274556892458745, "pO2_min": 0.00220786886893076, "PTT_max": 0.0019097826574812043, "Monocytes_max": 0.001782255856091672, "PT_max": 0.001611096105510107, "Alveolar-arterial Gradient_max": 0.0011727277662153576, "Fibrinogen, Functional_min": 0.001038128318104955, "Specific Gravity_max": 0.0010050202769430901, "Lactate Dehydrogenase (LD)_min": 0.0006408557548998856, "Osmolality, Urine_max": 0.000640450258066033, "Sodium, Urine_max": 0.0006266997409187823, "RBC_min": 0.0005352910373705827, "Specific Gravity_min": 0.0004826620108432579, "Cortisol_min": 0.00034600061569622605, "Free Calcium_min": 0.00031889012200385516, "WBC_min": 0.0002586175591477847, "Platelet Count_min": 0.00016185849875339193, "Alveolar-arterial Gradient_min": 0.00011679854168999902, "Creatine Kinase (CK)_min": 0.0001050990427001418, "Lactate Dehydrogenase (LD)_max": 0.00010462694146375388, "Lipase_max": 3.2878345653123273e-06, "PEEP_max": -9.420400743100009e-07, "Granulocyte Count_max": -9.276279866445229e-06, "Osmolality, Urine_min": -1.315016061366009e-05, "Creatine Kinase (CK)_max": -1.556357326588268e-05, "Asparate Aminotransferase (AST)_max": -0.00011229188596951468, "Alkaline Phosphatase_max": -0.00020122112382844328, "Glucose_max": -0.00023724529233503617, "Creatinine, Urine_min": -0.00025822204095960226, "Fibrinogen, Functional_max": -0.0004600679545273188, "Oxygen Saturation_min": -0.00048330295076014186, "Alkaline Phosphatase_min": -0.0005014155538123758, "pO2_max": -0.0005375160399943915, "Tidal Volume_min": -0.0006478267671700961, "Tidal Volume_max": -0.0008321845455492785, "Creatine Kinase, MB Isoenzyme_max": -0.0012368456666794726, "Creatine Kinase, MB Isoenzyme_min": -0.0012945238021458741, "Alanine Aminotransferase (ALT)_min": -0.0015057236602094492, "Urea Nitrogen_max": -0.0022119203245389097, "Platelet Count_max": -0.0022818803697450475, "Iron Binding Capacity, Total_max": -0.0033452777563818584, "Neutrophils_max": -0.00418014835036059, "Sodium, Urine_min": -0.004750205085101995, "Chloride, Whole Blood_max": -0.005547724679458184, "Creatinine_max": -0.005929911404962373, "INR(PT)_max": -0.006962978569354969, "RDW_min": -0.0070057249425742795, "Osmolality, Measured_min": -0.008128760280740747, "White Blood Cells_max": -0.008426836035495912, "Hematocrit_max": -0.008646131395507049, "MCV_max": -0.010928640505568524, "Base Excess_min": -0.01120332459908838, "Sodium_min": -0.019198536147908004, "Chloride_min": -0.021481082623643056, "Hematocrit_min": -0.02506588771072821, "Calculated Total CO2_min": -0.025919584665585138, "Eosinophils_max": -0.02642141043702178, "Potassium_min": -0.02691406721129729, "Calcium, Total_max": -0.029068695933032997, "Monocytes_min": -0.034717998433868136, "Free Calcium_max": -0.037940298088945654, "Potassium_max": -0.04080864085523684, "Lymphocytes_min": -0.05484932776343104, "% Hemoglobin A1c_max": -0.06108106969378113, "Bilirubin, Total_min": -0.06240933671715318, "Phosphate_min": -0.0633595657701633, "Hemoglobin_max": -0.06522135689920408, "Eosinophils_min": -0.08168942801605893, "MCHC_max": -0.09791389230404622, "MCHC_min": -0.10127410817082855, "Bicarbonate_max": -0.10748895832566122, "Albumin_max": -0.1521218383150345, "Temperature_min": -0.15579413661795216, "Calcium, Total_min": -0.17920274084027005, "Albumin_min": -0.22966186367962416, "Creatinine_min": -0.23043969049704144}