{"pH_max": 0.611297855811167, "Magnesium_min": 0.2235400920288828, "Lactate_min": 0.1770003879865569, "Lactate_max": 0.1337365540018002, "Phenytoin_min": 0.11065923894334664, "Anion Gap_min": 0.08295258624652004, "Sodium_max": 0.06307338430685566, "PT_min": 0.06304906005123107, "White Blood Cells_min": 0.04757496380562762, "Albumin_max": 0.043420707752272074, "pCO2_max": 0.03511248272636695, "Bilirubin, Total_max": 0.02438929514168648, "Urea Nitrogen_min": 0.023260677613337364, "Osmolality, Measured_max": 0.017243342733721877, "Specific Gravity_min": 0.015755412334498387, "Phosphate_max": 0.01561914167304434, "Glucose_min": 0.01455511652921141, "Oxygen_max": 0.013524899478078728, "Bands_max": 0.010362219041469093, "PTT_min": 0.007819654048008816, "Neutrophils_min": 0.003868705732796792, "pO2_min": 0.002628881539600972, "Lymphocytes_max": 0.0026096224095241774, "PTT_max": 0.002176571358754353, "White Blood Cells_max": 0.0017278247651988736, "Asparate Aminotransferase (AST)_min": 0.0010178326616516638, "Alveolar-arterial Gradient_max": 0.0009271354057072499, "Lactate Dehydrogenase (LD)_min": 0.0006664657358381474, "Fibrinogen, Functional_min": 0.00036542729888047406, "Amylase_min": 0.0003330155021194911, "Creatine Kinase (CK)_min": 2.743565109095549e-05, "Glucose_max": -5.116433526608098e-05, "Alkaline Phosphatase_max": -8.653521086860116e-05, "Alkaline Phosphatase_min": -0.00012546856888808977, "Platelet Count_min": -0.00013118945781647145, "Chloride_max": -0.0003362635504120652, "Oxygen Saturation_min": -0.0005397867379124998, "pO2_max": -0.0007523070159861325, "Lipase_min": -0.0009351555847103891, "Tidal Volume_min": -0.0011099316673880357, "Urea Nitrogen_max": -0.001279474450031161, "Platelet Count_max": -0.002563045539100115, "Neutrophils_max": -0.004805806950132502, "Base Excess_min": -0.009617012398505013, "Chloride_min": -0.014257192690416443, "pCO2_min": -0.016476895509053978, "Sodium_min": -0.020584493609378602, "Osmolality, Measured_min": -0.022126494213524323, "Eosinophils_max": -0.024878183210144, "Free Calcium_max": -0.026726025459288212, "MCHC_min": -0.0387672081058869, "Lymphocytes_min": -0.04804169967930727, "Bilirubin, Total_min": -0.05116589432124925, "MCHC_max": -0.07496049106421827, "Bicarbonate_max": -0.09748719717872253, "Eosinophils_min": -0.13530692335606337, "Hemoglobin_max": -0.14164864005142178, "Temperature_min": -0.16256514172502232, "Potassium_min": -0.1830684170651964, "Albumin_min": -0.9234950534291115}