{"Lactate_min": 0.15997828424785007, "Lactate_max": 0.14326258136669576, "Anion Gap_min": 0.09408055657603555, "Phosphate_max": 0.07701755206637256, "PT_min": 0.06822362766380259, "Sodium_max": 0.06006024490099063, "White Blood Cells_min": 0.03992776876850513, "RDW_max": 0.03563073189228696, "pCO2_max": 0.03318582758751767, "Urea Nitrogen_min": 0.025774961177216314, "Glucose_min": 0.01332942811229424, "Oxygen_max": 0.013174617266693977, "PTT_min": 0.011646399510320702, "Urea Nitrogen_max": 0.0028778667508185737, "Osmolality, Measured_max": 0.002779949635210686, "pO2_min": 0.002564895230532089, "PTT_max": 0.0023223187172761207, "Chloride_max": 0.0017555075931665505, "Calcium, Total_max": 0.0015133724593212894, "Lymphocytes_max": 0.0011475192369983637, "Asparate Aminotransferase (AST)_min": 0.0011174897740522786, "Lactate Dehydrogenase (LD)_min": 0.0005889901619835318, "Creatine Kinase (CK)_max": -1.777926200497165e-05, "Platelet Count_min": -0.0007820053994046167, "Tidal Volume_min": -0.0009192068118162597, "pO2_max": -0.000927598501231364, "Platelet Count_max": -0.0021105234576583184, "MCH_min": -0.0026485298809273525, "Base Excess_min": -0.007373526707080497, "pCO2_min": -0.017886036146914155, "Chloride_min": -0.0284198040491633, "Bilirubin, Total_min": -0.04177188793497982, "Lymphocytes_min": -0.051858331817427536, "Bicarbonate_max": -0.08935361894032515, "MCHC_max": -0.12693791191562828, "Creatinine_max": -0.12992794571747227, "Eosinophils_min": -0.1379760721714325, "Phosphate_min": -0.14172171417817167, "Temperature_min": -0.15403840528803486, "Albumin_min": -0.856452662124177}