{"Lactate_min": 0.19128716861329678, "Lactate_max": 0.13265891893739004, "Anion Gap_min": 0.11938028505555133, "Temperature_max": 0.11324638824215222, "Phenytoin_min": 0.09974011669461798, "Sodium_max": 0.0723418697427739, "MCH_min": 0.0699147924564787, "Phosphate_max": 0.06347943854891604, "Calcium, Total_max": 0.05813246019804147, "PT_min": 0.050498259801213356, "White Blood Cells_min": 0.04738720776207255, "RDW_max": 0.038617515973722955, "pCO2_max": 0.03246498486453889, "Basophils_max": 0.03093573585981049, "Vancomycin_min": 0.029128624004326618, "Urea Nitrogen_min": 0.02656927341841322, "Urobilinogen_max": 0.02498729895696958, "INR(PT)_min": 0.02060575578688463, "Free Calcium_min": 0.02002401862033323, "Osmolality, Measured_max": 0.01959263093069576, "Bilirubin, Total_max": 0.01954441652769767, "Bands_min": 0.019331112513020082, "CK-MB Index_min": 0.01887991675356133, "Myelocytes_max": 0.016186814593366954, "Magnesium_max": 0.016117108280220865, "Oxygen_max": 0.014404525121763063, "PTT_min": 0.013118789266063295, "Glucose_min": 0.013107433728497332, "CK-MB Index_max": 0.012334600342285467, "Required O2_max": 0.012326817246883094, "Calculated Total CO2_max": 0.008762575339090521, "Anion Gap_max": 0.007924262675503686, "Lymphocytes_max": 0.005990250363727094, "Potassium_max": 0.005529031513298107, "White Blood Cells_max": 0.00482385827854897, "Hematocrit, Calculated_max": 0.004385903367080919, "Polys_min": 0.0040962119029429814, "Base Excess_max": 0.003768702142763745, "Asparate Aminotransferase (AST)_min": 0.0033308274462739533, "INR(PT)_max": 0.0033068598311418633, "pO2_min": 0.0029797445918047717, "Cortisol_min": 0.0027775962082004085, "PTT_max": 0.0022464965360806098, "Nucleated Red Cells_min": 0.001876883586029686, "Iron_min": 0.0010953693540662166, "Urea Nitrogen_max": 0.0009541844492993271, "Bands_max": 0.0008235332450452414, "Amylase_min": 0.0006850582911240869, "WBC_max": 0.0006685899268808447, "Vancomycin_max": 0.0006310279647195502, "Fibrinogen, Functional_min": 0.0005920009667590941, "Lactate Dehydrogenase (LD)_min": 0.0005407267307243319, "Alveolar-arterial Gradient_min": 0.0004698466583520484, "Creatine Kinase (CK)_min": 8.130530325541593e-05, "Lactate Dehydrogenase (LD)_max": 5.078696242571894e-05, "PT_max": 2.20722651887187e-05, "Creatine Kinase (CK)_max": -1.4704250447838382e-05, "Glucose_max": -0.00010939186481283041, "Fibrinogen, Functional_max": -0.00011640616289811702, "Urea Nitrogen, Urine_max": -0.0001396028765870986, "Creatinine, Urine_min": -0.0001511738390489232, "Platelet Count_min": -0.00019406580467211203, "Alkaline Phosphatase_min": -0.00031270156610445067, "WBC_min": -0.000437321465698484, "Oxygen Saturation_min": -0.00044570677174440756, "Tidal Volume_min": -0.0004823627495814595, "Oxygen Saturation_max": -0.0006032411335488539, "Triglycerides_max": -0.0006039805382848373, "Lipase_min": -0.000947674220293634, "pO2_max": -0.000953179201476267, "Tidal Volume_max": -0.0010788353374757932, "Monocytes_max": -0.001169149469567271, "Alveolar-arterial Gradient_max": -0.0013017809006864913, "Alanine Aminotransferase (ALT)_min": -0.0017143361189015222, "Platelet Count_max": -0.0023042337825688593, "Sodium, Whole Blood_min": -0.0024017754726978306, "PEEP_max": -0.0027101167680612585, "pH_min": -0.0035945742869058425, "Sodium, Urine_min": -0.004206312699845563, "Chloride_max": -0.01004430956514876, "Base Excess_min": -0.011390622353066865, "MCV_max": -0.013489580434093209, "Free Calcium_max": -0.015842752418102533, "pCO2_min": -0.01792615594510281, "Chloride, Whole Blood_max": -0.0184416994721499, "Potassium_min": -0.018927357693304808, "Hematocrit_min": -0.020875038145850323, "Osmolality, Measured_min": -0.021414177806356006, "Sodium_min": -0.021427124840302042, "RDW_min": -0.02603477416770602, "Thyroid Stimulating Hormone_max": -0.02615565374622145, "Troponin T_min": -0.030241022117134638, "Red Blood Cells_min": -0.03791508538072929, "Basophils_min": -0.04007184853002916, "Eosinophils_max": -0.04119067460106432, "Troponin T_max": -0.0456203112766678, "Bilirubin, Total_min": -0.051585550113470685, "Lymphocytes_min": -0.05378531639435883, "Phosphate_min": -0.06340382938781486, "Hemoglobin_max": -0.07613348087287311, "Bicarbonate_max": -0.08087081614444151, "MCHC_max": -0.09432737142951252, "Creatinine_max": -0.09913766627631282, "MCHC_min": -0.10330050291643135, "Potassium, Whole Blood_min": -0.1094173076813152, "Creatinine_min": -0.13307265218080144, "Temperature_min": -0.1426729098633473, "Calcium, Total_min": -0.18688690792430598, "Albumin_max": -0.2137590212414693, "Albumin_min": -0.43357361939312367}