{"Lactate_max": 0.17704773611146807, "Lactate_min": 0.10785406340662629, "Anion Gap_min": 0.08904011964645292, "Phenytoin_min": 0.07968604563567586, "PT_min": 0.06753057356537401, "RDW_max": 0.05764979979994385, "Sodium_max": 0.051509819984886254, "Bilirubin, Direct_min": 0.049151219230716456, "Bilirubin, Direct_max": 0.04614390003493982, "Vancomycin_min": 0.03693883924390179, "Urea Nitrogen_min": 0.02981885093326658, "pCO2_max": 0.02963568526257153, "Myelocytes_max": 0.025778899197305593, "Bands_min": 0.016931890568465457, "Oxygen_max": 0.016900766879421512, "Osmolality, Measured_max": 0.016712417195661515, "Atypical Lymphocytes_max": 0.01659299697152745, "White Blood Cells_min": 0.015905680356555336, "PTT_min": 0.015281337019942526, "Metamyelocytes_min": 0.014518195491439363, "Metamyelocytes_max": 0.014439959246992276, "Glucose_min": 0.014311325515083613, "PEEP_min": 0.01335070729802978, "White Blood Cells_max": 0.01266714931833131, "INR(PT)_max": 0.011915843070372767, "INR(PT)_min": 0.011494996070133141, "CK-MB Index_min": 0.0099469350407878, "Cholesterol, Total_min": 0.00962515652667185, "Myelocytes_min": 0.007560092746634452, "CK-MB Index_max": 0.005865615762180346, "Iron_min": 0.0056366658037231504, "Base Excess_min": 0.00541631568984636, "Bands_max": 0.005366339679014788, "Epithelial Cells_max": 0.005310137364949335, "Cholesterol, HDL_max": 0.005288292916846773, "Polys_max": 0.005173150012892795, "O2 Flow_min": 0.004040648302017832, "Potassium, Urine_min": 0.0038776388521994712, "Urobilinogen_min": 0.0038165424630147676, "Alveolar-arterial Gradient_max": 0.0034205690670507855, "Required O2_min": 0.002993492035074151, "Urea Nitrogen_max": 0.0028495834076949726, "Magnesium_max": 0.0025890303444257154, "Cortisol_min": 0.0024895015092480295, "Polys_min": 0.00234574695372106, "Potassium, Urine_max": 0.002158147837550774, "Asparate Aminotransferase (AST)_min": 0.001894177954157889, "Cortisol_max": 0.0018534490357990957, "Nucleated Red Cells_min": 0.0017927691112031596, "pO2_min": 0.001612067939517293, "Osmolality, Urine_max": 0.0014705266358565163, "WBC_max": 0.001033381250098006, "PT_max": 0.0007421064319067067, "Fibrinogen, Functional_min": 0.0006883063839755231, "Lactate Dehydrogenase (LD)_min": 0.0005988886689762662, "Free Calcium_min": 0.0004519867284239438, "Cholesterol Ratio (Total/HDL)_min": 0.00044855602621979827, "Amylase_min": 0.00044764491005831226, "Sodium, Whole Blood_min": 0.0003369581732634434, "RBC_max": 0.0002605948712047142, "RBC_min": 0.00014316044782372876, "Urea Nitrogen, Urine_max": 0.00013520801085135334, "Asparate Aminotransferase (AST)_max": 0.00010949015359085792, "Lactate Dehydrogenase (LD)_max": 9.056130224582193e-05, "Creatine Kinase (CK)_min": 8.740736792601317e-05, "Alkaline Phosphatase_max": 1.6992934972544362e-05, "Ferritin_min": 1.0418559435175401e-05, "Granulocyte Count_max": 1.5306302993089215e-06, "Cholesterol Ratio (Total/HDL)_max": 5.484146246040855e-07, "Ferritin_max": -1.3400082772120002e-06, "Creatine Kinase (CK)_max": -1.4846997903680712e-05, "Granulocyte Count_min": -6.467596185014918e-05, "Amylase_max": -0.00013433489402941195, "Triglycerides_max": -0.00022821535418082023, "Alanine Aminotransferase (ALT)_max": -0.00032217656261085783, "Osmolality, Urine_min": -0.0005733770025073498, "Creatine Kinase, MB Isoenzyme_min": -0.000613327693020594, "WBC_min": -0.000665717134347477, "Urea Nitrogen, Urine_min": -0.000674035779780885, "Alanine Aminotransferase (ALT)_min": -0.0006852662942155477, "Triglycerides_min": -0.0007151687924495152, "Vancomycin_max": -0.0007215844429949679, "Oxygen Saturation_max": -0.0008968623889843926, "Lipase_min": -0.0009136119259847062, "Tidal Volume_min": -0.0009742494946911375, "Tidal Volume_max": -0.0010831444535990124, "Protein_min": -0.0012156910742359328, "Creatinine, Urine_min": -0.0021677141123603747, "Nucleated Red Cells_max": -0.002863888605018377, "O2 Flow_max": -0.0031640780123231614, "Sodium, Urine_min": -0.003670439359566924, "Iron_max": -0.0038305572875990917, "Sodium, Urine_max": -0.003917296781686428, "PEEP_max": -0.0039877655889541995, "Thyroid Stimulating Hormone_min": -0.00413754272077094, "Phosphate_max": -0.0047403916875281595, "pCO2_min": -0.0074728883347240345, "Base Excess_max": -0.007521489453853388, "Chloride, Whole Blood_min": -0.008436079792108123, "Monocytes_max": -0.008451458289129233, "Basophils_max": -0.01126115907128337, "Phenytoin_max": -0.012665519673756896, "Cholesterol, Total_max": -0.013268592362622537, "Calculated Total CO2_min": -0.014977107915054607, "Thyroid Stimulating Hormone_max": -0.015127210850795667, "Troponin T_min": -0.015843440853541335, "Required O2_max": -0.019024771128844566, "Protein, Total_max": -0.020188368429291365, "Protein, Total_min": -0.021936977644706288, "Osmolality, Measured_min": -0.02268988963203536, "tacroFK_max": -0.02863911834292551, "Epithelial Cells_min": -0.030467759787128533, "Anion Gap_max": -0.030529679720878014, "Uric Acid_max": -0.031177130673274458, "Sodium, Whole Blood_max": -0.03389263958791484, "Troponin T_max": -0.03682748519525299, "Uric Acid_min": -0.03837024755896602, "Temperature_max": -0.038765516476309325, "Calcium, Total_max": -0.05890047320142345, "Bicarbonate_min": -0.06547318373879679, "Albumin_max": -0.08965855925128102, "Potassium, Whole Blood_max": -0.09656723598649106, "Temperature_min": -0.12347881850280923, "Albumin_min": -0.12356077965152588, "Calcium, Total_min": -0.1257161728385322}