{"Lactate_max": 0.1619806229241145, "Lactate_min": 0.09879287509049076, "Sodium_max": 0.07453971783198292, "Phenytoin_min": 0.06976377752245314, "Anion Gap_min": 0.06768052990152564, "PT_min": 0.05990269544560093, "White Blood Cells_min": 0.0544814313816097, "Calculated Total CO2_max": 0.03610186744157634, "Vancomycin_min": 0.03559952541706941, "Phosphate_max": 0.03280719154795317, "pCO2_max": 0.03221178672710807, "Atypical Lymphocytes_max": 0.03097558139249428, "RDW_max": 0.02884760544055468, "Urea Nitrogen_min": 0.021224280757371376, "MCV_min": 0.021032106860832088, "Bilirubin, Total_max": 0.0180836929545462, "Urobilinogen_max": 0.01677842163015965, "Glucose_min": 0.014799692492846584, "Red Blood Cells_max": 0.01404757468482823, "PEEP_min": 0.013969769791394634, "PTT_min": 0.01268719155559027, "Oxygen_max": 0.010547397697761559, "Oxygen_min": 0.009275189794579952, "Base Excess_max": 0.006032443506404012, "Osmolality, Measured_max": 0.0043587764291066105, "Chloride_max": 0.004127711683832941, "Lymphocytes_max": 0.003627365635845047, "pO2_min": 0.0029775608304822843, "Asparate Aminotransferase (AST)_min": 0.0026719492156071635, "Cortisol_min": 0.002479541499594378, "PTT_max": 0.002294856226827145, "Alveolar-arterial Gradient_max": 0.0021348500900034745, "Neutrophils_min": 0.0014325264976484918, "Magnesium_min": 0.0010985006947001857, "Free Calcium_min": 0.0007380329159958016, "Lactate Dehydrogenase (LD)_min": 0.000529604089094343, "WBC_max": 0.0004817349811015634, "Alkaline Phosphatase_max": 0.0003869322817184678, "Fibrinogen, Functional_max": 0.0003757761889675616, "RBC_max": 0.00034957023488211794, "Urea Nitrogen_max": 0.0002823080222691861, "Lactate Dehydrogenase (LD)_max": 0.00010541397111629819, "Creatine Kinase (CK)_min": 7.327103629056255e-05, "Oxygen Saturation_min": 3.208526269850053e-05, "Ferritin_max": 8.025022893883753e-06, "Lipase_max": 2.3700081084325725e-06, "Granulocyte Count_max": -1.3576324519859419e-05, "Creatine Kinase (CK)_max": -1.6553717266312116e-05, "WBC_min": -9.518274367934612e-05, "Asparate Aminotransferase (AST)_max": -0.00010593787467998579, "Specific Gravity_max": -0.00014364440960834617, "Glucose_max": -0.00016622091447508693, "Amylase_max": -0.00022236876828497616, "Creatinine, Urine_min": -0.00032309190292287635, "Cholesterol, Total_max": -0.00035099792372729835, "Specific Gravity_min": -0.0004305332404607472, "Platelet Count_min": -0.0004568695418814788, "Alveolar-arterial Gradient_min": -0.000592854376227858, "Triglycerides_min": -0.000689366164533118, "Protein_min": -0.0007157059700947474, "Lipase_min": -0.000881690763857694, "Alkaline Phosphatase_min": -0.0009091838581436197, "White Blood Cells_max": -0.00100303359655621, "pO2_max": -0.001080109655103973, "Alanine Aminotransferase (ALT)_min": -0.001094949935532644, "Creatine Kinase, MB Isoenzyme_min": -0.0011915700890030064, "Tidal Volume_min": -0.0012966015496575175, "Temperature_max": -0.0015776367558690899, "Cholesterol, LDL, Calculated_max": -0.0015849677400957434, "Platelet Count_max": -0.0019924836224697318, "Required O2_max": -0.003934665834798193, "Monocytes_max": -0.0039769186287134835, "MCH_min": -0.005179960295107126, "PEEP_max": -0.005554074488842684, "Neutrophils_max": -0.006144812291445144, "MCV_max": -0.006312784259150326, "pCO2_min": -0.0069701513604448675, "Creatinine_max": -0.007058406115346253, "RDW_min": -0.007522175253309581, "Base Excess_min": -0.008006408504634986, "Hematocrit_max": -0.0101854593613494, "Potassium_min": -0.012098360597499686, "Anion Gap_max": -0.012660989092809966, "Free Calcium_max": -0.013367573099222329, "Basophils_min": -0.01482767579284306, "Calcium, Total_max": -0.018449694431166504, "Potassium_max": -0.018487409666857843, "Troponin T_min": -0.019709481377327955, "pH_min": -0.022262837512915093, "Troponin T_max": -0.02279716471781002, "Uric Acid_max": -0.024670471177837196, "Hemoglobin_max": -0.02928712222416776, "Sodium, Whole Blood_max": -0.029387940610330163, "Hematocrit_min": -0.02941469543562994, "Potassium, Whole Blood_min": -0.031087751417530663, "Phosphate_min": -0.03219044674821852, "Uric Acid_min": -0.033680850108114876, "Chloride_min": -0.03428332004339413, "Bicarbonate_min": -0.03462773810134784, "Calculated Total CO2_min": -0.03497412449820408, "Bilirubin, Total_min": -0.04001793818741185, "Eosinophils_max": -0.05807964125570486, "Lymphocytes_min": -0.06438729087876632, "Albumin_max": -0.07376470077961216, "MCHC_min": -0.0740472940861944, "MCHC_max": -0.07910862191989991, "Temperature_min": -0.08742104340514148, "Potassium, Whole Blood_max": -0.0942011478537981, "Bicarbonate_max": -0.10095153032647725, "Albumin_min": -0.1134643481358702}