{"pH_max": 0.6856598130371085, "Lactate_min": 0.19372361471559765, "Lactate_max": 0.14571288085280434, "Anion Gap_min": 0.11559701814599681, "PEEP_min": 0.0721549522239149, "PT_min": 0.06646232000659308, "Phosphate_max": 0.06547512307486777, "Calcium, Total_max": 0.0632496230059249, "INR(PT)_min": 0.06125867869118683, "White Blood Cells_min": 0.04920190761623648, "Sodium_max": 0.040558088676376156, "Magnesium_max": 0.0364824117430781, "pCO2_max": 0.03533339465067912, "Hematocrit, Calculated_min": 0.03271487086709935, "Vancomycin_min": 0.025650797029615695, "Urea Nitrogen_min": 0.02381701141912426, "Bilirubin, Total_max": 0.016424453143042438, "Glucose_min": 0.013577158933222259, "PTT_min": 0.013382301484960462, "Urea Nitrogen_max": 0.005174103163757526, "RDW_min": 0.0039040321760496098, "Asparate Aminotransferase (AST)_min": 0.002078760858886739, "Lymphocytes_max": 0.0018109247624044688, "Osmolality, Measured_max": 0.0015597890403441323, "pO2_min": 0.001412597924348376, "Alveolar-arterial Gradient_max": 0.0013754579860530065, "Creatinine, Urine_max": 0.0011306206369437839, "Amylase_min": 0.0008008890239368567, "Lactate Dehydrogenase (LD)_min": 0.0005385853639777185, "Lactate Dehydrogenase (LD)_max": 9.062834837880077e-05, "WBC_max": 7.405867331533301e-05, "Creatine Kinase (CK)_min": 4.4570407082199454e-05, "pO2_max": -1.5045173898698985e-05, "Alanine Aminotransferase (ALT)_max": -0.00018993828492415427, "Platelet Count_min": -0.0006453466752369744, "Tidal Volume_max": -0.0007046237829416138, "Tidal Volume_min": -0.0009205712440201666, "Alanine Aminotransferase (ALT)_min": -0.0011954200143834094, "Lipase_min": -0.0012841378536979405, "Platelet Count_max": -0.002043642761860335, "Sodium, Urine_max": -0.0024302232019592245, "Neutrophils_max": -0.005195896839913826, "Specific Gravity_min": -0.005908627947104242, "Base Excess_min": -0.006687208814318169, "Free Calcium_max": -0.015419644133382157, "pCO2_min": -0.01793885157939689, "Bilirubin, Total_min": -0.04406395707565456, "Lymphocytes_min": -0.05299460033852926, "Albumin_max": -0.06082723894043553, "Bicarbonate_max": -0.07967200790728564, "Phosphate_min": -0.1077414266723902, "Potassium_min": -0.12583424142859737, "MCHC_max": -0.12698133449548007, "Potassium, Whole Blood_min": -0.13903206036586901, "Creatinine_max": -0.14628967047295247, "Hemoglobin_max": -0.1471995246993829, "Eosinophils_min": -0.14848967132664137, "Calcium, Total_min": -0.15907243352934275, "Temperature_min": -0.21470107892924936, "Albumin_min": -0.7369853233543645}