{"Lactate_min": 0.19122787140546363, "Phenytoin_min": 0.15607750803098883, "Lactate_max": 0.14673444902242763, "Anion Gap_min": 0.1246322107507267, "Bilirubin, Direct_max": 0.1008913529699201, "Sodium_max": 0.07862221323802834, "PT_min": 0.07348524855203821, "White Blood Cells_min": 0.05387892059838717, "pCO2_max": 0.03389023239236351, "MCH_min": 0.02596701065843093, "Urea Nitrogen_min": 0.02523380364603981, "RDW_max": 0.01834048207706806, "INR(PT)_min": 0.015225042836935597, "Oxygen_max": 0.013563581118345096, "Glucose_min": 0.01261882162544374, "Bands_max": 0.012133937710968008, "MCV_min": 0.010708442912488611, "Vancomycin_max": 0.005041376487355505, "Osmolality, Measured_max": 0.0033954838726989863, "PTT_max": 0.002961207244229122, "pO2_min": 0.002629347386455515, "Asparate Aminotransferase (AST)_min": 0.0011810885180872017, "Alveolar-arterial Gradient_max": 0.0011543986270515405, "Monocytes_max": 0.0010944731967543796, "Neutrophils_max": 0.0010176833544214465, "Oxygen Saturation_min": 0.000925117865065546, "Urea Nitrogen_max": 0.0008877821732640953, "Lactate Dehydrogenase (LD)_min": 0.0006265947874579482, "Fibrinogen, Functional_min": 0.00047231822970866707, "O2 Flow_max": 0.0003522869717718346, "Creatine Kinase, MB Isoenzyme_min": 0.00025307424867962946, "Platelet Count_min": 0.00012694690355985515, "Lactate Dehydrogenase (LD)_max": 0.00010126872666484156, "Oxygen Saturation_max": 3.531805050242398e-05, "Neutrophils_min": 5.365244529168047e-06, "Creatine Kinase (CK)_max": -1.0759262023273292e-05, "Granulocyte Count_max": -3.284248086072084e-05, "Asparate Aminotransferase (AST)_max": -7.577005437925493e-05, "Glucose_max": -0.0001791028408022213, "White Blood Cells_max": -0.0003260470094094896, "Tidal Volume_min": -0.0005520173905829734, "PT_max": -0.0005801495892159439, "pO2_max": -0.0011240334867702304, "Tidal Volume_max": -0.001222415926681861, "Platelet Count_max": -0.002603209374648851, "Base Excess_min": -0.005513054325787264, "Chloride_max": -0.007741306611139439, "pCO2_min": -0.013359348249060475, "Sodium_min": -0.03106031433839739, "Bilirubin, Total_max": -0.0384366258272989, "Eosinophils_max": -0.03898064045928111, "Lymphocytes_min": -0.049390850199038425, "Potassium_min": -0.05269608241484031, "Bicarbonate_max": -0.07583299064380493, "MCHC_min": -0.12701031621806652, "Hemoglobin_min": -0.13773159913722965, "Albumin_max": -0.21757209490454402, "Temperature_min": -0.25989062048985684, "Creatinine_min": -0.27570418941884695, "Albumin_min": -0.33788579430372273}