{"pH_max": 0.5986819163194245, "Lactate_min": 0.2714857017932151, "Temperature_max": 0.14368786391387084, "Lactate_max": 0.12861201626566862, "Anion Gap_min": 0.12419800154320691, "Sodium_max": 0.06860676684778763, "PT_min": 0.058693618874318135, "Phosphate_max": 0.05577010589966908, "Calcium, Total_max": 0.048889165222388106, "White Blood Cells_min": 0.04112409932597298, "pCO2_max": 0.034899607225003, "Urea Nitrogen_min": 0.031327008822129354, "Bilirubin, Total_max": 0.02946474058230318, "MCH_min": 0.028858262593925356, "CK-MB Index_min": 0.02178412993120145, "INR(PT)_min": 0.021695959327483253, "Osmolality, Measured_max": 0.0170500820035883, "Glucose_min": 0.013400514229607429, "Oxygen_max": 0.012740559982974213, "PTT_min": 0.00901074277062711, "Bands_max": 0.004750153682384952, "PT_max": 0.0022683151906698466, "White Blood Cells_max": 0.0021233671567566395, "pO2_min": 0.0020378457825750928, "Lymphocytes_max": 0.0017912495147707733, "Urea Nitrogen_max": 0.0016955195920145697, "Creatinine, Urine_max": 0.0016366938407394898, "PTT_max": 0.0013395758387918049, "Asparate Aminotransferase (AST)_min": 0.0011171366022292553, "Osmolality, Urine_max": 0.000659009862571121, "Lactate Dehydrogenase (LD)_min": 0.0005738473830315114, "Fibrinogen, Functional_min": 0.000507038772102955, "Platelet Count_min": 0.0004950357724769263, "Glucose_max": 3.3080811580370747e-05, "Creatine Kinase (CK)_max": -1.4574393814834558e-05, "Asparate Aminotransferase (AST)_max": -1.8702450893221517e-05, "Neutrophils_max": -4.202834612402941e-05, "Urea Nitrogen, Urine_max": -0.00017042949002376025, "Tidal Volume_min": -0.0003152315435853345, "Alkaline Phosphatase_min": -0.0005180593055279489, "Lipase_min": -0.000642211798298139, "pO2_max": -0.001055295094821832, "Tidal Volume_max": -0.001321072501346434, "Oxygen Saturation_min": -0.0018737587121323825, "Platelet Count_max": -0.002513595235026061, "PEEP_max": -0.0033358224373231746, "Base Excess_min": -0.008591634556080025, "pCO2_min": -0.014134784018863216, "Sodium, Whole Blood_min": -0.019422624170688622, "Hematocrit_max": -0.019922131942877973, "Red Blood Cells_min": -0.021263619075059276, "Osmolality, Measured_min": -0.021715652029007385, "Chloride_max": -0.022513343578311376, "Eosinophils_max": -0.026360875268179856, "Basophils_min": -0.03645942095048398, "Bilirubin, Total_min": -0.04176633999826411, "Creatinine_max": -0.04504446738976485, "Lymphocytes_min": -0.049346849922053446, "Bilirubin, Indirect_max": -0.05006593222263597, "Potassium_min": -0.05495283816135178, "Eosinophils_min": -0.07392934390974629, "Bicarbonate_max": -0.08928447256111349, "Hemoglobin_min": -0.09184318502657218, "Phosphate_min": -0.11344768437326905, "MCHC_max": -0.17600819976294732, "Temperature_min": -0.21655682862224301, "Calcium, Total_min": -0.2308184981102259, "Albumin_max": -0.2498164807225564, "Creatinine_min": -0.2588824280660807, "Albumin_min": -0.5009849363001809}