{"pH_max": 0.5732341305159154, "Lactate_min": 0.18101919638902023, "Lactate_max": 0.14083797389783084, "Phenytoin_min": 0.11745023343405166, "Anion Gap_min": 0.09540787873458756, "PT_min": 0.07914646610971199, "Sodium_max": 0.06538963297623716, "White Blood Cells_min": 0.04383996786457138, "Phosphate_max": 0.03859516334204115, "pCO2_max": 0.0380986731470988, "INR(PT)_min": 0.034827991440299695, "Magnesium_min": 0.032766069891759744, "Vancomycin_min": 0.02678857514461419, "Urea Nitrogen_min": 0.025846075817659474, "Calcium, Total_max": 0.024579258392420426, "Glucose_min": 0.014058964061503606, "PTT_min": 0.01179846689861005, "Anion Gap_max": 0.011518846464797148, "pO2_min": 0.0023080370417846966, "White Blood Cells_max": 0.001869189537338053, "Asparate Aminotransferase (AST)_min": 0.0015514236677749832, "Platelet Count_min": 0.0009059513312604645, "Lactate Dehydrogenase (LD)_min": 0.0007075461318974808, "Creatine Kinase (CK)_max": -2.399721559991916e-05, "Alanine Aminotransferase (ALT)_max": -8.467471059130225e-05, "Glucose_max": -0.00011393539182816322, "Urea Nitrogen_max": -0.0004490294271255921, "Tidal Volume_min": -0.0007680784521194981, "pO2_max": -0.0008004234714903595, "Tidal Volume_max": -0.0009567096408235985, "Osmolality, Measured_max": -0.0016029287915719113, "Platelet Count_max": -0.0026097978691350067, "MCV_min": -0.005250812168065, "Neutrophils_max": -0.005586304355802965, "Base Excess_min": -0.011769666484171914, "Creatinine_max": -0.014153549596561565, "pCO2_min": -0.014431751512310142, "Chloride_min": -0.016895365948822454, "Sodium_min": -0.021074050598735523, "Phenytoin_max": -0.022264941214491633, "Bilirubin, Total_min": -0.03172406537609854, "Eosinophils_max": -0.05010894370981978, "Potassium_min": -0.05219399297319991, "Lymphocytes_min": -0.06023973187955354, "Bicarbonate_max": -0.09417390385665528, "Phosphate_min": -0.13881349541652094, "Temperature_min": -0.24315176164156418, "Albumin_max": -0.29433062231443496, "Red Blood Cells_min": -0.3909829104153745, "Albumin_min": -0.6680328484041043}