{"pH_max": 0.491652283722277, "Lactate_min": 0.2417068522088296, "Lactate_max": 0.13340972301086484, "Phenytoin_min": 0.11702228596563813, "Anion Gap_min": 0.09020964805514912, "Sodium_max": 0.06912121202679657, "PT_min": 0.06557261594150303, "Phosphate_max": 0.05899094823715794, "RDW_max": 0.05786460024926209, "White Blood Cells_min": 0.04546041310963451, "pCO2_max": 0.03748017167692499, "MCV_min": 0.03189166957310744, "Urea Nitrogen_min": 0.026403210524625038, "INR(PT)_min": 0.023015093271731138, "Glucose_min": 0.014913571191655902, "PTT_min": 0.01293830496328825, "Potassium, Urine_max": 0.010152751179934878, "Oxygen_max": 0.010128765379527008, "Oxygen_min": 0.009049062342335691, "Required O2_max": 0.008322100456613947, "Vancomycin_max": 0.008090699008600884, "Osmolality, Measured_max": 0.005263579373910151, "Bands_max": 0.004858909896807798, "Neutrophils_max": 0.0028328131019072704, "White Blood Cells_max": 0.002743454723112931, "PTT_max": 0.001904349485817529, "pO2_min": 0.001725995700231429, "PT_max": 0.0016649675444318482, "Bilirubin, Total_max": 0.001583004380459982, "Specific Gravity_max": 0.0014508615886536865, "Asparate Aminotransferase (AST)_min": 0.0010908197112109795, "Platelet Count_min": 0.0008847905282636932, "Lactate Dehydrogenase (LD)_min": 0.0006017224320344232, "Hematocrit, Calculated_max": 0.0004609879238297867, "O2 Flow_max": 0.00042854104245027035, "Alkaline Phosphatase_max": 9.91604094938497e-05, "Lactate Dehydrogenase (LD)_max": 9.000699087712905e-05, "Creatine Kinase (CK)_min": 3.0847530646153345e-05, "Lipase_max": 2.275017607583491e-06, "WBC_min": -5.4962160165484384e-05, "Alanine Aminotransferase (ALT)_max": -0.00016730523466282034, "Alkaline Phosphatase_min": -0.000436723189528817, "pO2_max": -0.0004566433282520812, "Tidal Volume_max": -0.000894164406132772, "Tidal Volume_min": -0.0008983623518462949, "Lipase_min": -0.001213509070374729, "Neutrophils_min": -0.0017113313464665054, "Urea Nitrogen_max": -0.0020826973478714683, "Base Excess_min": -0.002605096114361756, "Platelet Count_max": -0.0027167993388871013, "Red Blood Cells_max": -0.0036764837173404027, "Sodium, Urine_min": -0.003728874386423175, "Chloride_max": -0.004678135017546628, "pCO2_min": -0.0048174116887600305, "Potassium_max": -0.005573030773795391, "Creatinine_max": -0.00635763341264646, "Chloride_min": -0.011779955986529457, "Calcium, Total_max": -0.018435324784136887, "Troponin T_max": -0.020298554351651267, "Sodium_min": -0.02266721921341373, "MCV_max": -0.02341842798385397, "Free Calcium_max": -0.027743946418759872, "Calculated Total CO2_min": -0.028577937238700717, "RDW_min": -0.04198651048186238, "Red Blood Cells_min": -0.04266077808608477, "Lymphocytes_min": -0.043018275260985506, "Troponin T_min": -0.05035659042881835, "MCHC_min": -0.05108290536105872, "Basophils_min": -0.05175568342500131, "Eosinophils_max": -0.05265739352460144, "Potassium_min": -0.052716103925161226, "MCHC_max": -0.06704613535613262, "Bicarbonate_max": -0.08774989602034172, "Hemoglobin_min": -0.12155220987185865, "pH_min": -0.12886527750077115, "Phosphate_min": -0.16204006075727442, "Temperature_min": -0.23782273004335586, "Albumin_max": -0.26502592029046057, "Potassium, Whole Blood_max": -0.32175416664366274, "Albumin_min": -0.4579814828773804}