{"pH_max": 0.36987086413550097, "Lactate_min": 0.19477763410876436, "Phenytoin_min": 0.13213768805020923, "Lactate_max": 0.12483549449125077, "Anion Gap_min": 0.11059047284067147, "Sodium_max": 0.09034043866366871, "Phosphate_max": 0.06595412125908073, "PT_min": 0.061524563515132566, "Bilirubin, Direct_max": 0.060480876338861574, "Red Blood Cells_max": 0.0517623762851523, "White Blood Cells_min": 0.048904546104214436, "Calculated Total CO2_max": 0.0475403687954383, "Basophils_max": 0.04108678630074823, "Vancomycin_min": 0.0361141854103503, "Magnesium_max": 0.03267571203576726, "pCO2_max": 0.031593935506445896, "Urea Nitrogen_min": 0.029754994569178562, "Urobilinogen_min": 0.023627963842751704, "Magnesium_min": 0.022973304365802628, "CK-MB Index_min": 0.019982702005671874, "INR(PT)_max": 0.016341442773776672, "Hematocrit_min": 0.01484994826738725, "Glucose_min": 0.013876718640971421, "INR(PT)_min": 0.013660537460606645, "MCV_min": 0.01120777791176993, "RDW_max": 0.010850751436557168, "Oxygen_min": 0.010373951697551453, "Hematocrit, Calculated_max": 0.01035619736932988, "PEEP_min": 0.00997521514367189, "PTT_min": 0.009224596559353856, "Potassium, Urine_max": 0.008219319177012671, "Oxygen_max": 0.006926886484079475, "Osmolality, Measured_max": 0.006213870315486165, "Lymphocytes_max": 0.0036014853104507187, "Neutrophils_min": 0.0027750927320554456, "Required O2_max": 0.0027298172287553964, "pO2_min": 0.0024834630659142888, "PTT_max": 0.0021873321224358364, "Asparate Aminotransferase (AST)_min": 0.0021202370600424546, "Oxygen Saturation_min": 0.0017514449750397434, "Osmolality, Urine_max": 0.001041025510204617, "Alveolar-arterial Gradient_max": 0.000996644618671548, "Sodium, Urine_max": 0.0009690794520559453, "Iron_max": 0.0007053759773642903, "Fibrinogen, Functional_min": 0.0005591765538123955, "Lactate Dehydrogenase (LD)_min": 0.000492935603540787, "WBC_max": 0.00041226895707208183, "PT_max": 0.00020872195945588324, "Lactate Dehydrogenase (LD)_max": 0.0001279040333892431, "Creatine Kinase (CK)_min": 8.786274638240286e-05, "Lipase_max": 3.3131807418259234e-06, "Creatine Kinase (CK)_max": -2.2205565021689685e-05, "Glucose_max": -0.00010754517371856948, "Amylase_max": -0.0001381145305948477, "Protein_min": -0.0001393325386384293, "Alkaline Phosphatase_max": -0.00018834290916545126, "Alanine Aminotransferase (ALT)_max": -0.0001923544908729847, "Platelet Count_min": -0.00022618691108325248, "Specific Gravity_max": -0.00026056721285662345, "Fibrinogen, Functional_max": -0.00028754461996111, "Urea Nitrogen, Urine_max": -0.00040208127243094894, "Oxygen Saturation_max": -0.0005334586036486601, "Lipase_min": -0.0005854583724304956, "pO2_max": -0.0008094398947818353, "Specific Gravity_min": -0.0008966566010675278, "Creatinine, Urine_min": -0.0009764836796143153, "Tidal Volume_min": -0.0011615837113294334, "Alanine Aminotransferase (ALT)_min": -0.0012673981400789438, "Urea Nitrogen_max": -0.0013747574989138509, "Platelet Count_max": -0.002241484647895406, "Creatinine_max": -0.0024620936595909824, "Vancomycin_max": -0.0029407776722885797, "Sodium, Urine_min": -0.004993767554364013, "Base Excess_min": -0.005660705250931788, "Sodium_min": -0.00573427243860873, "PEEP_max": -0.00585754680443232, "Calcium, Total_max": -0.007817373129963775, "Bilirubin, Total_max": -0.00815822764934093, "Neutrophils_max": -0.008528081744322165, "pCO2_min": -0.01420692955963271, "Hematocrit_max": -0.015037118234296756, "Calculated Total CO2_min": -0.01648013451136832, "Troponin T_max": -0.017912849271364623, "Monocytes_min": -0.022071042689840552, "Anion Gap_max": -0.023381223096161644, "Bilirubin, Total_min": -0.023443491385721757, "Red Blood Cells_min": -0.023450447145950827, "Chloride_max": -0.025147083307755665, "Eosinophils_max": -0.026022430821382517, "Troponin T_min": -0.028243441424640272, "Chloride_min": -0.029314401570792358, "Bicarbonate_min": -0.033785334497898924, "Potassium_min": -0.04053528514804945, "Free Calcium_max": -0.04438349489056709, "Lymphocytes_min": -0.04998908421230704, "Hemoglobin_max": -0.05899341061147871, "Bilirubin, Indirect_max": -0.06543855181436538, "Phosphate_min": -0.07942712018445827, "pH_min": -0.08721192916051605, "Hemoglobin_min": -0.08996820914102964, "Potassium, Whole Blood_min": -0.0931003739045181, "Uric Acid_min": -0.11326420919585001, "Eosinophils_min": -0.11931695481486594, "Bicarbonate_max": -0.12709032163964132, "MCHC_max": -0.1448768008623505, "Calcium, Total_min": -0.18769167130940145, "Albumin_max": -0.19384273756319162, "Temperature_min": -0.20355437515053315, "Creatinine_min": -0.2568051373398742, "Albumin_min": -0.320160739785336}