{"Lactate_max": 0.1980875227509227, "Lactate_min": 0.13625795470621055, "Anion Gap_min": 0.1354912846943877, "Phenytoin_min": 0.13051438711520427, "Sodium_max": 0.05839432311416828, "PT_min": 0.05746925348769012, "Bilirubin, Direct_min": 0.04541666818981859, "Myelocytes_max": 0.04038542969236962, "Vancomycin_min": 0.03757497726925923, "Bilirubin, Direct_max": 0.03298563402554238, "pCO2_max": 0.0319622467441567, "Urea Nitrogen_min": 0.030938954386595746, "Metamyelocytes_max": 0.028028285173169153, "RDW_max": 0.027840536179817618, "CK-MB Index_min": 0.0224965360054184, "Bands_min": 0.0216479431220425, "Metamyelocytes_min": 0.01810681013027186, "Osmolality, Measured_max": 0.017551862498055296, "PTT_min": 0.01681854631912369, "Glucose_min": 0.015612948349828326, "White Blood Cells_min": 0.015548163762465001, "PEEP_min": 0.014365317408873762, "Atypical Lymphocytes_max": 0.014274683298304384, "INR(PT)_min": 0.01221964072688353, "Magnesium_max": 0.01164896687606506, "Oxygen_max": 0.011529652856588055, "Oxygen_min": 0.011291115008123232, "CK-MB Index_max": 0.010071308976595092, "Epithelial Cells_max": 0.009471637912760518, "Sodium, Whole Blood_min": 0.008524902389338992, "White Blood Cells_max": 0.008231581698326891, "Cholesterol Ratio (Total/HDL)_min": 0.007687327526128833, "Polys_max": 0.007098541562461811, "INR(PT)_max": 0.006361978180768322, "Calculated Total CO2_min": 0.005541523277626739, "Cholesterol Ratio (Total/HDL)_max": 0.004640107426676005, "Potassium, Urine_min": 0.0044064797817564985, "Bands_max": 0.004280050296382693, "Urea Nitrogen_max": 0.003883455596303267, "Cholesterol, HDL_max": 0.0037988020145918434, "PT_max": 0.0031966225861727593, "Asparate Aminotransferase (AST)_min": 0.0029662941550092675, "O2 Flow_min": 0.0026881535500005442, "Phenytoin_max": 0.0024582740650030935, "Alveolar-arterial Gradient_max": 0.002129851586691687, "Free Calcium_min": 0.0021154318054186897, "Vancomycin_max": 0.001963950428277602, "Cortisol_max": 0.00164994028561523, "Iron_max": 0.0016004562871863586, "pO2_min": 0.0013021881269419501, "Phosphate_max": 0.0012225267809262434, "Amylase_min": 0.0011655524565585234, "Osmolality, Urine_max": 0.0008366586738763207, "Fibrinogen, Functional_min": 0.0007315680677077588, "Lactate Dehydrogenase (LD)_min": 0.0006843593897749759, "RBC_max": 0.0005600621101291071, "Thyroid Stimulating Hormone_min": 0.0005482646987971858, "Osmolality, Urine_min": 0.00026663552776761204, "WBC_max": 0.00024084647992009278, "Urea Nitrogen, Urine_max": 0.0002153013376465241, "Creatine Kinase (CK)_min": 9.54372397688026e-05, "Lactate Dehydrogenase (LD)_max": 8.659799625600564e-05, "Ferritin_min": 1.9945501460606823e-05, "WBC_min": 1.3246757375824482e-05, "Granulocyte Count_max": 3.9754193421772105e-06, "Ferritin_max": -1.572415135332518e-06, "Alkaline Phosphatase_max": -2.4484858744930047e-06, "Creatine Kinase (CK)_max": -2.1114350574088278e-05, "Granulocyte Count_min": -5.5460451317052396e-05, "Asparate Aminotransferase (AST)_max": -6.97900635601697e-05, "RBC_min": -0.00012222314716390563, "Fibrinogen, Functional_max": -0.00016614510784561861, "Potassium, Urine_max": -0.00022849776750317067, "Oxygen Saturation_min": -0.0002487121760850783, "Alkaline Phosphatase_min": -0.00025152121526609373, "Cortisol_min": -0.0002990013414268405, "Protein_max": -0.0004940993334222466, "Amylase_max": -0.0005442576473754384, "Triglycerides_max": -0.0005502929145425378, "Monocytes_max": -0.0005814180521052791, "Nucleated Red Cells_max": -0.0007452764234797147, "Triglycerides_min": -0.0008451291716636215, "Urea Nitrogen, Urine_min": -0.0008566386435854892, "Tidal Volume_min": -0.0009326523837500174, "Lipase_min": -0.0009440777974671613, "Tidal Volume_max": -0.001237485244814632, "Creatine Kinase, MB Isoenzyme_min": -0.0012806526342119405, "Nucleated Red Cells_min": -0.0013001021243477862, "Oxygen Saturation_max": -0.00150401446728819, "Alanine Aminotransferase (ALT)_min": -0.0016536942002885013, "Creatinine, Urine_min": -0.0017068901177811474, "Base Excess_max": -0.002114457570585765, "Required O2_min": -0.002359222235948316, "O2 Flow_max": -0.002501184284605304, "PEEP_max": -0.004078986965235627, "Required O2_max": -0.005132720410431613, "Sodium, Urine_min": -0.0061837241233881415, "Base Excess_min": -0.00865363639956671, "pCO2_min": -0.015358529948965279, "Osmolality, Measured_min": -0.01573947284064124, "Troponin T_min": -0.01679451762938082, "Temperature_max": -0.017343472906383814, "Protein, Total_max": -0.022960397981568934, "Thyroid Stimulating Hormone_max": -0.024634253207655554, "Protein, Total_min": -0.026139093643749427, "Anion Gap_max": -0.027422662290262845, "Basophils_max": -0.02821620954406955, "Uric Acid_max": -0.034524903682258495, "Troponin T_max": -0.036915401994937674, "Sodium, Whole Blood_max": -0.03787135937239552, "Bicarbonate_min": -0.058591523040981044, "Epithelial Cells_min": -0.06567306901442334, "Uric Acid_min": -0.06655766650468817, "Calcium, Total_max": -0.0717240465016495, "Creatinine_min": -0.14580959515412212, "Albumin_max": -0.14718957200254731, "MCHC_min": -0.15420392754979406, "Temperature_min": -0.16188032565964092, "Potassium, Whole Blood_max": -0.17443700013887167, "Calcium, Total_min": -0.1911000227934499, "Albumin_min": -0.20078527407945915}