{"pH_max": 0.17764949742410505, "Lactate_max": 0.17444449559470318, "Lactate_min": 0.12859893364499256, "Phenytoin_min": 0.10059132663372168, "Sodium_max": 0.08277761338617341, "Anion Gap_min": 0.07652112743756284, "White Blood Cells_min": 0.0614141394805626, "Bilirubin, Direct_max": 0.055534805380775105, "Bilirubin, Direct_min": 0.05342193581720361, "PT_min": 0.05226986151041307, "Phosphate_max": 0.05152783042159816, "Atypical Lymphocytes_max": 0.04999469078530701, "Metamyelocytes_min": 0.041136527704579234, "pCO2_max": 0.036504845818060766, "Vancomycin_min": 0.028860035893009787, "MCH_min": 0.02869871565855421, "CK-MB Index_min": 0.026688119105909153, "Urea Nitrogen_min": 0.024229757299342396, "RDW_max": 0.022226507172877535, "Base Excess_max": 0.02125616587916336, "Red Blood Cells_max": 0.019877790654286732, "Magnesium_max": 0.01701713908598541, "MCV_min": 0.014481347327041727, "Glucose_min": 0.014058899509818163, "Temperature_max": 0.012893924244397626, "Atypical Lymphocytes_min": 0.01187647866313354, "INR(PT)_min": 0.01144444105082825, "Oxygen_max": 0.011255254092754434, "Bands_max": 0.010792886521828436, "PTT_min": 0.007691241420829587, "Oxygen_min": 0.006675970064474317, "Myelocytes_max": 0.0064867037802475574, "Neutrophils_min": 0.006485968017437817, "INR(PT)_max": 0.004878882421601197, "Osmolality, Measured_max": 0.004182121962238503, "Lymphocytes_max": 0.003911304052508576, "pO2_min": 0.0028908064511626954, "PTT_max": 0.002836922147837999, "Asparate Aminotransferase (AST)_min": 0.002674738413077427, "Magnesium_min": 0.002515466974748764, "Anion Gap_max": 0.0022748570012012218, "Alveolar-arterial Gradient_max": 0.0015685723789693995, "Osmolality, Urine_max": 0.001529837660774702, "Bilirubin, Total_max": 0.0015286234600029517, "Free Calcium_min": 0.0012912729140384877, "Iron_min": 0.0008631535927751769, "Epithelial Cells_max": 0.0008031465676813036, "Fibrinogen, Functional_min": 0.000672442183183561, "White Blood Cells_max": 0.0006026208640807074, "PT_max": 0.0005376923746013202, "Lactate Dehydrogenase (LD)_min": 0.0005042216315139584, "RBC_min": 0.0003860919837447417, "Amylase_min": 0.00029926510891897177, "Creatine Kinase (CK)_min": 8.425682990638538e-05, "Lactate Dehydrogenase (LD)_max": 8.039666719252019e-05, "Vitamin B12_min": 5.98659671650419e-05, "Specific Gravity_max": 1.3162098377824757e-05, "Lipase_max": 4.414994375256297e-06, "WBC_min": -1.4414011795659758e-05, "Creatine Kinase (CK)_max": -2.2491090619362768e-05, "Granulocyte Count_max": -2.4445183985037726e-05, "Oxygen Saturation_max": -3.923556347784103e-05, "Asparate Aminotransferase (AST)_max": -6.308955551361206e-05, "Fibrinogen, Functional_max": -0.0001342485867137545, "Alkaline Phosphatase_max": -0.0001871556773193231, "Glucose_max": -0.0002314800934208001, "Vitamin B12_max": -0.00023799872889549564, "Specific Gravity_min": -0.00033394340809169744, "Urea Nitrogen, Urine_min": -0.0003859529918183037, "Alveolar-arterial Gradient_min": -0.00041842792879973945, "Platelet Count_min": -0.00046530452735979043, "Amylase_max": -0.0005059657891138832, "Oxygen Saturation_min": -0.0005114039826144363, "pO2_max": -0.0008670584599600115, "Tidal Volume_max": -0.0009357584579188022, "Tidal Volume_min": -0.0009960541897205946, "Creatine Kinase, MB Isoenzyme_max": -0.0011380385961168732, "Creatinine, Urine_min": -0.001200485616681058, "Alanine Aminotransferase (ALT)_min": -0.0016792387606121353, "Ketone_max": -0.0017955005697230118, "Platelet Count_max": -0.002109669594968293, "Monocytes_max": -0.0023198766365565577, "Urea Nitrogen_max": -0.003186984857715779, "Chloride_max": -0.004485737398650918, "Calcium, Total_max": -0.004981677945054569, "Hematocrit, Calculated_max": -0.005032719835844114, "Transferrin_max": -0.005258356100206267, "Hematocrit_min": -0.005503703739706965, "Base Excess_min": -0.008519413280580921, "pCO2_min": -0.008870646163042391, "MCV_max": -0.00922089658086592, "Creatinine_max": -0.010447137132587764, "Calculated Total CO2_min": -0.010622799692874454, "Thyroid Stimulating Hormone_min": -0.011607296268621179, "Neutrophils_max": -0.012163784351157208, "Hematocrit_max": -0.016601279009123063, "Monocytes_min": -0.017728897338974533, "Free Calcium_max": -0.018094408248732468, "Potassium_min": -0.020243481310237423, "Thyroid Stimulating Hormone_max": -0.020770871355603206, "Hemoglobin_max": -0.024368056942510992, "Eosinophils_max": -0.02756315070357497, "Chloride_min": -0.029654066715410415, "Chloride, Whole Blood_max": -0.03285285319355133, "Troponin T_min": -0.03972891388872438, "pH_min": -0.049838596942161285, "Bilirubin, Total_min": -0.05445188466399273, "Phosphate_min": -0.05638229943950283, "Lymphocytes_min": -0.057600084651203184, "Hemoglobin_min": -0.05863568982514935, "Potassium, Whole Blood_min": -0.061432654235009425, "Bilirubin, Indirect_max": -0.07019382200785992, "MCHC_min": -0.07461011561667413, "Eosinophils_min": -0.07620026725430763, "MCHC_max": -0.08417997114439582, "Albumin_max": -0.10945757656413538, "Calcium, Total_min": -0.11691434670901246, "Bicarbonate_max": -0.11825696588610365, "Temperature_min": -0.12779325216334453, "Albumin_min": -0.16915892308478972}