{"Lactate_max": 0.16485798611397087, "pH_max": 0.14004234651363467, "Lactate_min": 0.11603590059921526, "Sodium_max": 0.07667660573857016, "Phenytoin_min": 0.0764576450201705, "Anion Gap_min": 0.07325333933823157, "White Blood Cells_min": 0.052918739881958214, "PT_min": 0.04665083701075723, "Phosphate_max": 0.04346845774751888, "pCO2_max": 0.03456233080855245, "MCV_min": 0.03305721775513711, "RDW_max": 0.028101568342700535, "Urea Nitrogen_min": 0.02805701853816318, "Myelocytes_max": 0.02614524417501756, "Osmolality, Measured_max": 0.02190992193225798, "Calculated Total CO2_max": 0.02043267126305293, "Bilirubin, Total_max": 0.017411431944315842, "PTT_min": 0.01628156847825809, "Urobilinogen_max": 0.014723389911641767, "Glucose_min": 0.013372960570921865, "Oxygen_max": 0.011649803201363596, "Bands_max": 0.011563916890614334, "Chloride, Whole Blood_min": 0.011223920699266773, "INR(PT)_min": 0.01051194880812014, "Potassium, Urine_max": 0.006897253905570568, "Vancomycin_max": 0.006443805903302032, "Oxygen_min": 0.006286165876446474, "Temperature_max": 0.0058428245718734, "Neutrophils_min": 0.005661159308233688, "Magnesium_min": 0.004909871944597734, "Lymphocytes_max": 0.004672248211266107, "Epithelial Cells_max": 0.004009447334291148, "Chloride_max": 0.003467393943304677, "pO2_min": 0.0026362054223541174, "Asparate Aminotransferase (AST)_min": 0.0023372704515016137, "PTT_max": 0.0020371033791566676, "Creatine Kinase, MB Isoenzyme_min": 0.001934852726424036, "Alveolar-arterial Gradient_max": 0.0012310544682167764, "PT_max": 0.0011357612137705435, "Lactate Dehydrogenase (LD)_min": 0.0006300097766492671, "RBC_max": 0.0005529245515960002, "Fibrinogen, Functional_max": 0.00036185756596167644, "Asparate Aminotransferase (AST)_max": 9.589488975566245e-05, "Creatine Kinase (CK)_min": 6.29953841216103e-05, "Platelet Count_min": 1.047007847076604e-05, "Lipase_max": 3.123384592220389e-06, "Ferritin_max": -3.0611855860063567e-07, "Creatine Kinase (CK)_max": -1.2833082648737996e-05, "Granulocyte Count_min": -4.92824904994279e-05, "Alveolar-arterial Gradient_min": -5.016707538503083e-05, "Monocytes_max": -0.00017080411314565432, "Glucose_max": -0.00018749397380742915, "Alkaline Phosphatase_min": -0.00019544034294403283, "Alanine Aminotransferase (ALT)_max": -0.00021306583339419095, "Specific Gravity_min": -0.000305832069425017, "RDW_min": -0.0003834764697570733, "Urea Nitrogen, Urine_min": -0.0004693578623805794, "Lipase_min": -0.0005751948512893406, "Oxygen Saturation_max": -0.0006137089565183833, "RBC_min": -0.0006196117887066329, "pO2_max": -0.0007974534476507556, "Tidal Volume_max": -0.0008191963401220811, "Tidal Volume_min": -0.0008827813971279546, "Sodium, Urine_max": -0.0011330330445354234, "Alanine Aminotransferase (ALT)_min": -0.0012138093163803995, "Creatine Kinase, MB Isoenzyme_max": -0.0014805457223218146, "PEEP_max": -0.0016893617956656392, "Urea Nitrogen_max": -0.0018546956447162584, "Platelet Count_max": -0.002289995874212178, "Oxygen Saturation_min": -0.00232735403432081, "Sodium, Urine_min": -0.0029088100853687173, "Iron Binding Capacity, Total_min": -0.003386639627496883, "Creatinine_max": -0.003565387565637693, "Neutrophils_max": -0.007167467041643135, "Base Excess_min": -0.009157241693483467, "Free Calcium_max": -0.009681035720322851, "Red Blood Cells_min": -0.010428787730674403, "Troponin T_max": -0.011386725967959864, "Bicarbonate_min": -0.011502550525453363, "Hematocrit_max": -0.011510425078553365, "Sodium, Whole Blood_max": -0.013493657361931984, "Potassium_max": -0.01420938569523909, "Potassium_min": -0.014281695161336181, "Thyroid Stimulating Hormone_min": -0.014489457442322698, "Chloride_min": -0.01459854859116668, "MCV_max": -0.014678625598720792, "Basophils_min": -0.014906410883309323, "Sodium_min": -0.015873641956306788, "pCO2_min": -0.01659316518178788, "Troponin T_min": -0.017553460897025978, "Calcium, Total_max": -0.01889415566649574, "Hematocrit_min": -0.019390036656445092, "Chloride, Whole Blood_max": -0.023742021018593382, "Osmolality, Measured_min": -0.025058041569716145, "Monocytes_min": -0.02520101766977206, "Phosphate_min": -0.025553908973626655, "pH_min": -0.02733957380440823, "MCH_min": -0.02820361059018564, "Hemoglobin_max": -0.04269799203071898, "Bilirubin, Total_min": -0.04427034126895564, "Eosinophils_max": -0.04439372276830573, "Lymphocytes_min": -0.06005634801748036, "Calcium, Total_min": -0.0837993767574909, "Albumin_max": -0.08435972111068911, "Bicarbonate_max": -0.09962127235369067, "Potassium, Whole Blood_max": -0.10447396221002614, "MCHC_min": -0.10660819273903387, "Temperature_min": -0.1068248251790934, "Albumin_min": -0.12372784373025353, "Creatinine_min": -0.12451195038634866}