{"Lactate_max": 0.18133454870371427, "Lactate_min": 0.1337123258330151, "Anion Gap_min": 0.11236753934533046, "Phenytoin_min": 0.10653209873517383, "RDW_max": 0.06673544934385188, "Sodium_max": 0.06594031258607679, "PT_min": 0.0624853255126742, "Bilirubin, Direct_min": 0.04659070354741557, "Vancomycin_min": 0.03766545066650333, "Urea Nitrogen_min": 0.03334280984999279, "Bilirubin, Direct_max": 0.03125531179943239, "pCO2_max": 0.03016479399262958, "CK-MB Index_max": 0.029012013783840634, "Metamyelocytes_min": 0.024061744278275725, "Myelocytes_max": 0.022995250545166653, "Hematocrit, Calculated_min": 0.018967864803369792, "PTT_min": 0.018942082428219376, "Osmolality, Measured_max": 0.01741126072174635, "PEEP_min": 0.01668527909426719, "Glucose_min": 0.01628712783698516, "Metamyelocytes_max": 0.016249330816405377, "Bands_min": 0.015906066057048085, "Urobilinogen_max": 0.015340552080593126, "Oxygen_max": 0.013839612470261786, "White Blood Cells_max": 0.013472438288595389, "INR(PT)_min": 0.012974963458092069, "Sodium, Whole Blood_min": 0.009943989017936682, "Atypical Lymphocytes_max": 0.009500250245505064, "Myelocytes_min": 0.006199448989560522, "Base Excess_min": 0.006177937823289001, "Bands_max": 0.00539523201840819, "Polys_max": 0.00528289226822593, "Iron_min": 0.004508247447272332, "Alveolar-arterial Gradient_max": 0.004252947902698459, "Base Excess_max": 0.003990832944903054, "O2 Flow_min": 0.0037774498112828083, "Potassium, Urine_min": 0.003437633975981964, "Cortisol_max": 0.0032828418582709832, "Urea Nitrogen_max": 0.0029612767757646588, "Potassium, Urine_max": 0.0029609107561893093, "Asparate Aminotransferase (AST)_min": 0.0027309831505386174, "Polys_min": 0.0026042957586529464, "Epithelial Cells_max": 0.0022915450639460905, "pO2_min": 0.00202437746745262, "INR(PT)_max": 0.002021057678644143, "PT_max": 0.0018173257603039518, "Creatine Kinase, MB Isoenzyme_min": 0.0013203047626405618, "Required O2_min": 0.001068926177530788, "Fibrinogen, Functional_min": 0.0009753110086835214, "Amylase_min": 0.0009125185586020495, "WBC_max": 0.0008442468791121337, "Osmolality, Urine_min": 0.0007270053915527303, "Lactate Dehydrogenase (LD)_min": 0.0006711905373432269, "Nucleated Red Cells_min": 0.000667294372131686, "RBC_max": 0.0005360857971819608, "Osmolality, Urine_max": 0.00038303309386796767, "Free Calcium_min": 0.0002490701693552429, "Alkaline Phosphatase_max": 0.00022357399337752224, "Asparate Aminotransferase (AST)_max": 0.00010881140517989635, "Urea Nitrogen, Urine_max": 0.00010187567977666928, "Lactate Dehydrogenase (LD)_max": 8.165078509819364e-05, "Creatine Kinase (CK)_min": 4.367401761045138e-05, "Ferritin_min": 8.412351202293216e-06, "Ferritin_max": -2.687011839158284e-06, "Granulocyte Count_max": -1.2368920775067928e-05, "Creatine Kinase (CK)_max": -1.2656153591171728e-05, "Granulocyte Count_min": -6.831361132228073e-05, "Triglycerides_min": -0.0001512932337625986, "Fibrinogen, Functional_max": -0.0001648748649090382, "RBC_min": -0.00016758363651767585, "Alanine Aminotransferase (ALT)_max": -0.00036633890953403653, "WBC_min": -0.0003824278428713271, "Amylase_max": -0.00043384445812224724, "Oxygen Saturation_max": -0.0005116967002486659, "Cortisol_min": -0.0005262695497292213, "Alkaline Phosphatase_min": -0.0005350553433879475, "Urea Nitrogen, Urine_min": -0.0007038100872658412, "Triglycerides_max": -0.0008083995656866181, "Protein_min": -0.000868682418126866, "Tidal Volume_max": -0.0010295874756456249, "Vancomycin_max": -0.0010763675070941548, "Alanine Aminotransferase (ALT)_min": -0.0014063471987701155, "Creatine Kinase, MB Isoenzyme_max": -0.0017479483535368873, "Creatinine, Urine_min": -0.0017720262793136, "Nucleated Red Cells_max": -0.0018097495776759182, "Lipase_min": -0.0018112159542194746, "tacroFK_min": -0.0026236004725180093, "O2 Flow_max": -0.0031195265202957076, "Phosphate_max": -0.0033653721749199216, "Iron_max": -0.0037750480585245203, "PEEP_max": -0.0038408393608027184, "Magnesium_max": -0.003970318702815667, "CK-MB Index_min": -0.004279024474916694, "Sodium, Urine_min": -0.0052282186828184005, "Cholesterol, HDL_min": -0.005732754394203356, "Thyroid Stimulating Hormone_min": -0.005758934102011918, "Creatinine_max": -0.007207176960929895, "Urobilinogen_min": -0.007657191556550871, "Phenytoin_max": -0.011705214869516164, "Chloride, Whole Blood_min": -0.013422083573087835, "Troponin T_min": -0.017698125712357456, "Cholesterol Ratio (Total/HDL)_min": -0.019523715885913593, "Thyroid Stimulating Hormone_max": -0.02021814260043563, "Anion Gap_max": -0.020986841058717096, "Required O2_max": -0.02106339263252523, "Cholesterol Ratio (Total/HDL)_max": -0.02214087974010057, "Osmolality, Measured_min": -0.023656465450199417, "Troponin T_max": -0.025285583840693824, "Protein, Total_max": -0.02539650582173124, "Protein, Total_min": -0.030596369576242604, "Calculated Total CO2_min": -0.03098764919041705, "Sodium, Whole Blood_max": -0.0367439340659408, "tacroFK_max": -0.03695892944643105, "Uric Acid_max": -0.0463594288635578, "Temperature_max": -0.05328701554190808, "Uric Acid_min": -0.056686243340893706, "Bicarbonate_min": -0.060855541318419824, "Calcium, Total_max": -0.06849897136422013, "Creatinine_min": -0.11988233567036666, "Albumin_max": -0.14503419917798138, "Calcium, Total_min": -0.17421183038171326, "Albumin_min": -0.18794427136282513, "Temperature_min": -0.21001212684038875}