{"Lactate_max": 0.15694426394770664, "pH_max": 0.11902659566732514, "Lactate_min": 0.09083218867127749, "Anion Gap_min": 0.07677848606326905, "Sodium_max": 0.06946171142825117, "White Blood Cells_min": 0.06692283909736363, "Phenytoin_min": 0.06114316574934154, "PT_min": 0.05289559969717236, "Bilirubin, Direct_max": 0.044619110009266785, "Bilirubin, Direct_min": 0.04296887919853632, "Atypical Lymphocytes_max": 0.04114279837963149, "pCO2_max": 0.03844216176539376, "Vancomycin_min": 0.03181229298612064, "Osmolality, Measured_max": 0.026909220639234427, "Myelocytes_max": 0.025972259764844966, "Phosphate_max": 0.022186808564395113, "Urea Nitrogen_min": 0.022105450096237697, "RDW_max": 0.0207094019643382, "Bands_min": 0.018779379806934823, "MCV_min": 0.016533103909770034, "CK-MB Index_min": 0.015590983279117607, "Temperature_max": 0.015555488169156294, "Required O2_min": 0.015168504089343688, "Cholesterol, LDL, Calculated_min": 0.014426523052825628, "Glucose_min": 0.013558709037615828, "Atypical Lymphocytes_min": 0.013300068234854974, "Urobilinogen_max": 0.011919481853277823, "Oxygen_max": 0.011730095160322111, "INR(PT)_max": 0.009636561156458775, "Potassium, Urine_max": 0.009210944026902443, "INR(PT)_min": 0.008809788216807493, "PTT_min": 0.008689065047255726, "MCH_min": 0.007956381442192585, "Basophils_max": 0.007914629973789632, "Oxygen_min": 0.007031528201298923, "Sodium, Whole Blood_min": 0.0066937516102071135, "MCV_max": 0.005444264954104516, "Magnesium_min": 0.005439404396080792, "Bands_max": 0.004592289879998905, "Lymphocytes_max": 0.003975053594532132, "Base Excess_min": 0.003229444053911186, "Neutrophils_min": 0.002580210957498728, "Asparate Aminotransferase (AST)_min": 0.0024388408420004475, "pO2_min": 0.0024040540023762165, "PTT_max": 0.0022943707639248327, "Alveolar-arterial Gradient_max": 0.0022624480392193303, "Cortisol_max": 0.0015293018749333454, "Vancomycin_max": 0.001362581673156073, "PT_max": 0.0010836415932308648, "Hematocrit, Calculated_max": 0.0010319512611853265, "Amylase_min": 0.0009131627151184933, "Cortisol_min": 0.0009122310770929848, "Transferrin_min": 0.0007963614597684182, "WBC_max": 0.0007821269726344581, "Epithelial Cells_max": 0.0007518137159934282, "Osmolality, Urine_max": 0.0006315998743209009, "Lactate Dehydrogenase (LD)_min": 0.0006129877072938437, "Osmolality, Urine_min": 0.00045812998761709877, "Fibrinogen, Functional_min": 0.0003665801302286296, "Urea Nitrogen, Urine_max": 0.0002762218444351875, "Specific Gravity_max": 0.0001738979164921764, "Free Calcium_min": 0.00015331042700467859, "Alkaline Phosphatase_max": 0.00015204472148965437, "Lactate Dehydrogenase (LD)_max": 9.209573542949175e-05, "Neutrophils_max": 4.869908208800563e-05, "Asparate Aminotransferase (AST)_max": 4.145113699444897e-05, "Ferritin_min": 6.219017637593452e-06, "Lipase_max": 2.5084062384955655e-06, "Ferritin_max": -4.076813782205865e-06, "Creatine Kinase (CK)_max": -1.5138114413711113e-05, "Specific Gravity_min": -8.88020737678908e-05, "Granulocyte Count_min": -8.959782978202929e-05, "Oxygen Saturation_max": -0.00011448955479700771, "Glucose_max": -0.00012282580608005125, "Alanine Aminotransferase (ALT)_max": -0.00019047618450093924, "Oxygen Saturation_min": -0.0002327377845840825, "Amylase_max": -0.00037164948981719943, "Platelet Count_min": -0.0004184293698634766, "Alkaline Phosphatase_min": -0.0005089364439987499, "Urea Nitrogen, Urine_min": -0.00069882028798468, "Lipase_min": -0.0007727242022410199, "Triglycerides_min": -0.000863618804353573, "pO2_max": -0.0008943001719988627, "Chloride_max": -0.0009618489137459089, "Tidal Volume_max": -0.001079545407778253, "Tidal Volume_min": -0.0011007155396833995, "WBC_min": -0.0011315803105948587, "Alanine Aminotransferase (ALT)_min": -0.0012962331626964587, "Urea Nitrogen_max": -0.0013065361804073467, "Monocytes_max": -0.0016175591674565126, "Iron Binding Capacity, Total_max": -0.001626229578071533, "White Blood Cells_max": -0.0019908726519818477, "Creatinine, Urine_min": -0.002130093548828062, "Platelet Count_max": -0.0021471206066734534, "Alveolar-arterial Gradient_min": -0.002441759521304485, "RDW_min": -0.002580913588342157, "Potassium, Urine_min": -0.0026882622680356955, "Transferrin_max": -0.002879763382282277, "Sodium, Urine_max": -0.0035626616955158875, "Ketone_max": -0.004402341981326727, "Phenytoin_max": -0.005860909531171557, "Creatinine_max": -0.007270166849889134, "Anion Gap_max": -0.009142892671720748, "Required O2_max": -0.009179146645709523, "Free Calcium_max": -0.009333728838803138, "Basophils_min": -0.009636585369632389, "Potassium_max": -0.010658717536598796, "Potassium_min": -0.011189880612502062, "pCO2_min": -0.011623098400018465, "Hematocrit_min": -0.013264766683460832, "Hematocrit_max": -0.01391990901790594, "Calcium, Total_max": -0.015500902764123489, "Chloride, Whole Blood_min": -0.01565297332220181, "Troponin T_min": -0.01567525346108341, "Cholesterol, LDL, Calculated_max": -0.016057718940931085, "Hemoglobin_max": -0.01607387931422655, "Sodium, Whole Blood_max": -0.020218655010884524, "Troponin T_max": -0.02131408695885052, "Bicarbonate_min": -0.022194669136553907, "Chloride_min": -0.025142115901279464, "Bilirubin, Total_min": -0.026869322839698936, "Calculated Total CO2_min": -0.02891281788657879, "Osmolality, Measured_min": -0.029188722353078376, "pH_min": -0.029255898185090102, "Phosphate_min": -0.029952400496316044, "Potassium, Whole Blood_min": -0.03125559247591051, "Eosinophils_max": -0.032731118033954724, "MCH_max": -0.04479544285909698, "Lymphocytes_min": -0.04791981281421925, "Hemoglobin_min": -0.04897314209437418, "MCHC_min": -0.05050193876991568, "MCHC_max": -0.052640233008425685, "Eosinophils_min": -0.059061474622007296, "Bilirubin, Indirect_max": -0.060165046836119465, "Albumin_max": -0.07128483826568612, "Calcium, Total_min": -0.07673507131395206, "Temperature_min": -0.08138222174401243, "Bicarbonate_max": -0.08831208711167847, "Potassium, Whole Blood_max": -0.09146740719081282, "Albumin_min": -0.10437483478065292}