{"Lactate_max": 0.16346479769278746, "Lactate_min": 0.14353071430434186, "Phenytoin_min": 0.11309537858670514, "Anion Gap_min": 0.0962504381658098, "PT_min": 0.06289949290340838, "Bilirubin, Direct_min": 0.06196473638390836, "Sodium_max": 0.056604216868214305, "Vancomycin_min": 0.04260379042161158, "Bilirubin, Direct_max": 0.03790973330824275, "RDW_max": 0.037734553443407766, "Myelocytes_max": 0.03339837139193315, "Urea Nitrogen_min": 0.031557311087065956, "pCO2_max": 0.03095386812310905, "Metamyelocytes_min": 0.02875736908157051, "CK-MB Index_max": 0.025458839808366777, "White Blood Cells_min": 0.02250117947945243, "PTT_min": 0.018411144904720057, "Bands_min": 0.018132330395906046, "Osmolality, Measured_max": 0.017753347038073398, "INR(PT)_min": 0.015101208592982154, "Glucose_min": 0.01448083285232585, "Myelocytes_min": 0.014025865132606534, "Thyroid Stimulating Hormone_min": 0.013644116094095085, "INR(PT)_max": 0.013230962350468473, "Metamyelocytes_max": 0.013213645484396111, "Cholesterol Ratio (Total/HDL)_min": 0.012083336067983464, "Oxygen_max": 0.01164292340007375, "Cholesterol Ratio (Total/HDL)_max": 0.011520268031860214, "Phosphate_max": 0.011395516200394428, "Atypical Lymphocytes_max": 0.010209602355671905, "Oxygen_min": 0.010015551841367881, "CK-MB Index_min": 0.009975935247066949, "PEEP_min": 0.00977491400566178, "Cholesterol, HDL_min": 0.007982485911963974, "Epithelial Cells_max": 0.007575961424037731, "Bands_max": 0.006058234913745839, "Polys_min": 0.0050663840805758205, "White Blood Cells_max": 0.004551868391945356, "Potassium, Urine_max": 0.004416910171112662, "Polys_max": 0.004387862380669006, "Cortisol_min": 0.004088578326661687, "Basophils_max": 0.003799579499669481, "Sodium, Whole Blood_min": 0.0035431313140498262, "Monocytes_max": 0.0033883910438341947, "Base Excess_max": 0.0030138659824454493, "Free Calcium_min": 0.002620926111094218, "Asparate Aminotransferase (AST)_min": 0.002350055474306949, "O2 Flow_min": 0.0021198605881199793, "Alveolar-arterial Gradient_max": 0.0019855284579755306, "Temperature_max": 0.0019521451159057765, "Iron_min": 0.001934032399869189, "Potassium, Urine_min": 0.0018281617314986963, "Osmolality, Urine_max": 0.0012499883992687295, "Amylase_min": 0.0011650581452242149, "PT_max": 0.0011182968307033069, "Creatine Kinase, MB Isoenzyme_min": 0.001048372584998754, "WBC_max": 0.0010062097707049778, "Cholesterol, Total_min": 0.0007991088144208229, "Lactate Dehydrogenase (LD)_min": 0.0007670946052603311, "Vancomycin_max": 0.00047821988180302784, "Fibrinogen, Functional_min": 0.00041375243390251703, "Urea Nitrogen, Urine_max": 0.00030029765577151715, "Oxygen Saturation_max": 0.00028254674247601356, "RBC_min": 0.0002324533063805488, "Creatine Kinase (CK)_min": 9.324483727868287e-05, "Lactate Dehydrogenase (LD)_max": 9.131227878393326e-05, "Alkaline Phosphatase_max": 7.932182245436126e-05, "Asparate Aminotransferase (AST)_max": 5.65482493334964e-05, "Ferritin_min": 7.459648489394735e-06, "Granulocyte Count_max": -1.327869912924148e-06, "Creatine Kinase (CK)_max": -1.529265545632136e-05, "Granulocyte Count_min": -2.6783436829115395e-05, "Triglycerides_min": -8.559551057427743e-05, "Urea Nitrogen_max": -0.00017131537405994449, "WBC_min": -0.00020754735192674532, "Alanine Aminotransferase (ALT)_max": -0.000280338843172761, "Alkaline Phosphatase_min": -0.00047270662849695347, "Amylase_max": -0.00048321905907185647, "Triglycerides_max": -0.0005512610537206212, "Tidal Volume_max": -0.0007051696829292327, "Urea Nitrogen, Urine_min": -0.0008570231511181182, "O2 Flow_max": -0.0010221807919748858, "Protein_min": -0.00103165835889391, "Tidal Volume_min": -0.0010329176713669678, "Alanine Aminotransferase (ALT)_min": -0.0010529606007683538, "Lipase_min": -0.0010671688639889367, "Creatine Kinase, MB Isoenzyme_max": -0.001532606319216204, "PEEP_max": -0.0017768563600690538, "Creatinine, Urine_min": -0.0019774732782662525, "Nucleated Red Cells_max": -0.002442244468258806, "Oxygen Saturation_min": -0.0028872725662175444, "Sodium, Urine_min": -0.0030137654430817096, "Cortisol_max": -0.003117991759151555, "Calculated Total CO2_min": -0.0034991223175797606, "Sodium, Urine_max": -0.0036478861577762425, "Magnesium_max": -0.005964398992079913, "Cholesterol, LDL, Calculated_max": -0.006905465893903067, "Base Excess_min": -0.0071404683471538, "Required O2_max": -0.00773839990090154, "Chloride, Whole Blood_min": -0.007909508721604798, "pCO2_min": -0.013039565875823542, "Troponin T_min": -0.018992988128805247, "Osmolality, Measured_min": -0.01903934512356406, "Phenytoin_max": -0.020062245148119627, "tacroFK_max": -0.022955294026334994, "Anion Gap_max": -0.025699464141689596, "Sodium, Whole Blood_max": -0.026143818205403603, "Uric Acid_max": -0.027306350283472714, "Thyroid Stimulating Hormone_max": -0.02907777076398419, "Protein, Total_min": -0.03290014670323705, "Troponin T_max": -0.04225226766349081, "Epithelial Cells_min": -0.05076594880761532, "Eosinophils_max": -0.07192099276320839, "Uric Acid_min": -0.07391760770235697, "Bicarbonate_min": -0.07656296452017305, "Monocytes_min": -0.07870644084531925, "Calcium, Total_max": -0.08146765516010021, "MCHC_min": -0.12419170300851068, "Temperature_min": -0.1754333419130668, "Potassium, Whole Blood_max": -0.1862730576683654, "Albumin_min": -0.23758303026423996}