{"Lactate_min": 0.20322074070051904, "Lactate_max": 0.15641495102394276, "PT_min": 0.09007340037851717, "Anion Gap_min": 0.07597363100042868, "Sodium_max": 0.05220093424342683, "White Blood Cells_min": 0.043437967536417314, "Phosphate_max": 0.03952182172295444, "Temperature_max": 0.03336614984156644, "pCO2_max": 0.03126129112997772, "Urea Nitrogen_min": 0.022744127328644153, "Oxygen_max": 0.013901799665378555, "Glucose_min": 0.012387902253733341, "pO2_min": 0.0020397055824201826, "Platelet Count_min": -0.0008295109202556793, "pO2_max": -0.0011334879789869333, "Tidal Volume_min": -0.0013545727791820276, "Platelet Count_max": -0.0018516422641179022, "Neutrophils_min": -0.003729477408460258, "Base Excess_min": -0.015719704311683187, "Bilirubin, Total_min": -0.026499853850340847, "Eosinophils_max": -0.06064053046051267, "Lymphocytes_min": -0.06114322622888391, "Bicarbonate_max": -0.0767660526129919, "Temperature_min": -0.30187596073390893, "Albumin_min": -1.0215331700517534}