{"pH_max": 0.5577257760763276, "Lactate_min": 0.22077794875171944, "Lactate_max": 0.11908560866388267, "Sodium_max": 0.09307731063233224, "Anion Gap_min": 0.0925348921212559, "PT_min": 0.06146730874311387, "Calcium, Total_max": 0.052732391210518995, "Magnesium_min": 0.04115832886152316, "White Blood Cells_min": 0.039888863374672484, "pCO2_max": 0.03562487812656319, "INR(PT)_min": 0.03475324267889143, "Urea Nitrogen_min": 0.03318636780158649, "RDW_max": 0.03213886816851164, "Phosphate_max": 0.02805225516479896, "Glucose_min": 0.013621193234998873, "PTT_min": 0.013076585321040854, "Oxygen_min": 0.012572848932802498, "Bands_max": 0.010820943538860959, "Required O2_max": 0.0056188128848401525, "Neutrophils_max": 0.003194190157223877, "pO2_min": 0.0015864461400155615, "Platelet Count_min": 0.0012794633450008773, "Asparate Aminotransferase (AST)_min": 0.0009235739655064241, "Lactate Dehydrogenase (LD)_min": 0.0005535456457647816, "Osmolality, Measured_max": 0.00022502622968991091, "Urea Nitrogen_max": 0.0001974889248077145, "Lactate Dehydrogenase (LD)_max": 2.0344247731500153e-05, "Creatine Kinase (CK)_max": -1.4723231871688014e-05, "Glucose_max": -0.00017178903339565217, "pO2_max": -0.0005338042307974328, "Tidal Volume_min": -0.0008840107911886819, "Tidal Volume_max": -0.0012658249381393575, "Oxygen Saturation_min": -0.0020070566408120862, "Platelet Count_max": -0.0026855021086617603, "Creatinine_max": -0.003185238167938219, "Monocytes_max": -0.003696035548409035, "Base Excess_min": -0.007507291491943086, "pCO2_min": -0.01693620556558259, "Chloride_min": -0.03220782061184693, "Chloride_max": -0.03330531946276349, "Lymphocytes_min": -0.051171509715296326, "Phosphate_min": -0.058941494351678, "Basophils_min": -0.0640361581639051, "Bicarbonate_max": -0.117373123036635, "Calcium, Total_min": -0.219008469861832, "Temperature_min": -0.2813182766486601, "Albumin_max": -0.3154637941645179, "Creatinine_min": -0.34075183939938847, "Red Blood Cells_min": -0.3742521394334593, "Albumin_min": -0.5475287727004357}