{"pH_max": 0.27132535788852524, "Lactate_max": 0.1624595275285464, "Lactate_min": 0.15440591148774913, "Phenytoin_min": 0.11235244304763711, "Anion Gap_min": 0.11171706729512453, "MCH_min": 0.09252751671091011, "Sodium_max": 0.08426997664192401, "Phosphate_max": 0.05115609589555798, "White Blood Cells_min": 0.04868053078146362, "Atypical Lymphocytes_max": 0.04785171314058242, "PT_min": 0.044613336562018, "Temperature_max": 0.03979448845377564, "Hematocrit, Calculated_min": 0.03655063558883899, "Basophils_max": 0.03430101933223258, "CK-MB Index_min": 0.03218694549192002, "pCO2_max": 0.028055712918629825, "RDW_max": 0.02795096935007347, "Urea Nitrogen_min": 0.027820382006003255, "Bilirubin, Total_max": 0.02744290686448645, "Vancomycin_min": 0.0255659232878993, "Magnesium_max": 0.02366905411544444, "Base Excess_max": 0.014249084017010182, "Glucose_min": 0.013910512567214236, "Hematocrit_min": 0.012976092088600844, "Osmolality, Measured_max": 0.01290495710746051, "Oxygen_max": 0.012732860780754834, "INR(PT)_min": 0.012553969908843774, "PTT_min": 0.010822679012034507, "Magnesium_min": 0.010563287398452297, "PEEP_min": 0.010115941033835422, "Bands_max": 0.008232912917978157, "Neutrophils_min": 0.006167224959274097, "Potassium, Urine_max": 0.00565744427725249, "Lymphocytes_max": 0.004429805168294782, "Chloride, Whole Blood_max": 0.0036776639127131775, "PT_max": 0.0027659509701372276, "PTT_max": 0.00235011311699665, "pO2_min": 0.001963069067530266, "Cortisol_min": 0.0018038333137867719, "Creatinine, Urine_max": 0.0017887253091443144, "Osmolality, Urine_max": 0.0015659122215390508, "Asparate Aminotransferase (AST)_min": 0.0015022715834918032, "Alveolar-arterial Gradient_max": 0.0013531080964005887, "Free Calcium_min": 0.00103947800342407, "Specific Gravity_max": 0.0008804962465768996, "Lactate Dehydrogenase (LD)_min": 0.0006410146744029969, "Fibrinogen, Functional_min": 0.0005069003163459131, "White Blood Cells_max": 0.0004985616743382812, "Specific Gravity_min": 0.00037424848003791533, "RBC_max": 0.00030474183740853713, "Alveolar-arterial Gradient_min": 0.00018626687443853667, "Creatine Kinase (CK)_min": 0.00011970619459702672, "Asparate Aminotransferase (AST)_max": 0.00010484652411081947, "Lactate Dehydrogenase (LD)_max": 7.967962114373872e-05, "Glucose_max": 4.181148410704661e-05, "Alkaline Phosphatase_max": 3.2695026918791785e-05, "O2 Flow_max": 6.638615735622787e-06, "Ferritin_max": 4.595802536811822e-06, "Lipase_max": 3.163822620158916e-06, "Creatine Kinase (CK)_max": -1.893914305411371e-05, "Platelet Count_min": -9.636492016841355e-05, "Urea Nitrogen_max": -0.0001048441108843842, "pO2_max": -0.0001979954579729629, "Alkaline Phosphatase_min": -0.0003292182627571976, "Alanine Aminotransferase (ALT)_max": -0.0003494494947470375, "Urea Nitrogen, Urine_max": -0.00039053009873278165, "Osmolality, Urine_min": -0.0004868215658387145, "Alanine Aminotransferase (ALT)_min": -0.0005835239885365138, "Tidal Volume_max": -0.00066092165874838, "Tidal Volume_min": -0.0008157643998502981, "Sodium, Urine_min": -0.0016465896474807623, "Vancomycin_max": -0.0016850167042796553, "Nucleated Red Cells_min": -0.001996680611812886, "Sodium, Urine_max": -0.0020385587522169612, "Platelet Count_max": -0.0021401050193386693, "Creatinine, Urine_min": -0.0023820599975960173, "Neutrophils_max": -0.002743693793453228, "Oxygen Saturation_min": -0.0032219391264058637, "Ketone_max": -0.0037997368132290286, "Transferrin_min": -0.004112029075385593, "Creatinine_max": -0.004685174752020886, "PEEP_max": -0.004916154904327574, "Monocytes_max": -0.004941554317713844, "Chloride, Whole Blood_min": -0.004943350200732851, "pCO2_min": -0.005664913554396796, "Phenytoin_max": -0.008787295521616207, "Bicarbonate_min": -0.011775628149042091, "Osmolality, Measured_min": -0.013352792433078828, "Free Calcium_max": -0.013867795057249246, "Hematocrit_max": -0.013890625166513855, "Chloride_max": -0.015450759569833753, "RDW_min": -0.016099741934873967, "Anion Gap_max": -0.017276991045330963, "Potassium_min": -0.017284484481199586, "Base Excess_min": -0.01785204104013759, "Sodium, Whole Blood_max": -0.019248251208412195, "Thyroid Stimulating Hormone_max": -0.021204765780553966, "Calcium, Total_max": -0.021552124271542763, "Sodium_min": -0.02311233902084565, "Red Blood Cells_min": -0.024440916712498952, "Eosinophils_max": -0.03324263022023463, "Troponin T_max": -0.04211744812568761, "Troponin T_min": -0.04223664699857359, "MCH_max": -0.04438718927055046, "Lymphocytes_min": -0.049615382746983794, "Bilirubin, Total_min": -0.052019270540569575, "% Hemoglobin A1c_max": -0.05557596163471617, "Potassium, Whole Blood_min": -0.058783439238446, "Phosphate_min": -0.058921319648747396, "Hemoglobin_max": -0.06067042537924358, "MCHC_min": -0.07176843600008798, "Bicarbonate_max": -0.07405871381480952, "MCHC_max": -0.11251274290196212, "Hemoglobin_min": -0.12365271663866254, "Albumin_max": -0.1316925596898115, "Temperature_min": -0.14223191145821143, "Calcium, Total_min": -0.16615605001290992, "Potassium, Whole Blood_max": -0.17087076860493117, "Creatinine_min": -0.20778374204721672, "Albumin_min": -0.21893184677537753}