{"Lactate_max": 0.1733023686661889, "pH_max": 0.1282973741221689, "Lactate_min": 0.10849637211614245, "Sodium_max": 0.08656343513958605, "Anion Gap_min": 0.07709527623323482, "Phenytoin_min": 0.06829069637313714, "White Blood Cells_min": 0.05712558631526141, "Hematocrit, Calculated_min": 0.05556264334540365, "PT_min": 0.05417720697410401, "pCO2_max": 0.036708022824944314, "Vancomycin_min": 0.033506764016576464, "Bilirubin, Total_max": 0.028701400795162844, "RDW_max": 0.02512037633300336, "Phosphate_max": 0.02224340372723403, "Atypical Lymphocytes_min": 0.020689659897297534, "Urea Nitrogen_min": 0.020682079143458817, "Base Excess_max": 0.020569224858901496, "Metamyelocytes_max": 0.0160091092615995, "Osmolality, Measured_max": 0.01516334296925881, "Glucose_min": 0.013553047231593092, "PTT_min": 0.01221952132121543, "Red Blood Cells_max": 0.011479738949437981, "Bands_max": 0.011465490922891999, "Oxygen_max": 0.010416819084062404, "Urobilinogen_max": 0.009816862355018717, "Oxygen_min": 0.009728982217187874, "Temperature_max": 0.009289450571678784, "Potassium, Urine_max": 0.008014961394212622, "Lymphocytes_max": 0.005823477366394911, "Alveolar-arterial Gradient_max": 0.003718091696630503, "Neutrophils_min": 0.0031091347514593535, "Basophils_max": 0.0028925971368697857, "PTT_max": 0.0024468847077008422, "Asparate Aminotransferase (AST)_min": 0.0023850857341780464, "pO2_min": 0.002217912005794919, "RDW_min": 0.0018762903576438057, "Magnesium_min": 0.0018105210861505182, "O2 Flow_min": 0.0017244063752595538, "Creatinine, Urine_max": 0.0013248054109871268, "INR(PT)_max": 0.0012712068448829776, "Amylase_min": 0.0010632868971226297, "Urea Nitrogen_max": 0.0010466168815085075, "Creatine Kinase, MB Isoenzyme_min": 0.0010070934951519018, "PT_max": 0.0010002614646468513, "Potassium, Urine_min": 0.0009068561235063867, "WBC_max": 0.0007969511839813105, "Free Calcium_min": 0.0007747479828639964, "Lactate Dehydrogenase (LD)_min": 0.0005469423229694063, "Required O2_min": 0.0005135488782947667, "Fibrinogen, Functional_min": 0.0004045521052021015, "RBC_max": 0.0002849892633157119, "Lactate Dehydrogenase (LD)_max": 0.0001820284497067176, "Alkaline Phosphatase_max": 0.00017647810864843675, "Urea Nitrogen, Urine_max": 0.0001667129448868822, "Creatine Kinase (CK)_min": 7.300639861283721e-05, "Asparate Aminotransferase (AST)_max": 3.3586455491041864e-05, "Lipase_max": 2.613265389672473e-06, "RBC_min": 1.1772516483662266e-06, "Ferritin_max": -3.4805652616960593e-06, "Granulocyte Count_max": -2.4445483054829834e-05, "Fibrinogen, Functional_max": -2.8906531336516476e-05, "Creatine Kinase (CK)_max": -3.236390055448158e-05, "Protein_min": -9.24054351480252e-05, "Glucose_max": -0.00013399705496093417, "Vitamin B12_max": -0.00014634554084793917, "Platelet Count_min": -0.00028797402480428664, "Alanine Aminotransferase (ALT)_max": -0.00031836354068815115, "Specific Gravity_max": -0.00032945668003779024, "WBC_min": -0.00036583599153551045, "Amylase_max": -0.00042264233790153, "Urea Nitrogen, Urine_min": -0.0004692757694953284, "Specific Gravity_min": -0.0005645826446375253, "Alkaline Phosphatase_min": -0.0006396703538759899, "pO2_max": -0.0007143885853420137, "Protein_max": -0.0007599196921531934, "Lipase_min": -0.000787666833993688, "Creatine Kinase, MB Isoenzyme_max": -0.0009937310007905288, "Alveolar-arterial Gradient_min": -0.0011062262076376368, "Alanine Aminotransferase (ALT)_min": -0.0011364937347941027, "White Blood Cells_max": -0.0012208278036180459, "Triglycerides_min": -0.0012259258758930646, "Sodium, Urine_max": -0.0012611097201615086, "Tidal Volume_max": -0.0014631829334035506, "Magnesium_max": -0.0016283782649418328, "Hematocrit_min": -0.0018006135555739351, "Creatinine, Urine_min": -0.0019728734113253926, "Sodium, Urine_min": -0.0020546442040392182, "Platelet Count_max": -0.0020863805488045175, "Oxygen Saturation_min": -0.003002901862753158, "Iron Binding Capacity, Total_min": -0.003272609904614252, "Monocytes_max": -0.004691737207285069, "Creatinine_max": -0.007583051827553449, "Hematocrit_max": -0.007605267461158315, "Calculated Total CO2_min": -0.011122971553479393, "Required O2_max": -0.01344802126109832, "Osmolality, Measured_min": -0.013581649991357208, "Chloride_min": -0.013692272572428393, "Red Blood Cells_min": -0.013700795714926082, "Sodium, Whole Blood_min": -0.01416379092244587, "Anion Gap_max": -0.014364906176608024, "pCO2_min": -0.014624069383419938, "Chloride_max": -0.01488482967514345, "Bicarbonate_min": -0.015641437344608104, "Potassium_min": -0.01644539503509815, "Sodium_min": -0.01721322756903302, "Base Excess_min": -0.01777763695214276, "Thyroid Stimulating Hormone_min": -0.02048759198347966, "Calcium, Total_max": -0.02233082227246002, "Potassium_max": -0.023455945505030953, "Hemoglobin_max": -0.030899130191331933, "pH_min": -0.031971943084466964, "Troponin T_max": -0.03314622530172516, "Hematocrit, Calculated_max": -0.03319063062627741, "Uric Acid_max": -0.03326684074121798, "Phosphate_min": -0.035362874684649326, "Potassium, Whole Blood_min": -0.03543680846764006, "Eosinophils_max": -0.04091953009457372, "Bilirubin, Total_min": -0.042023179609209316, "Lymphocytes_min": -0.0463872856899464, "Uric Acid_min": -0.0524658872360749, "Eosinophils_min": -0.06205594833595085, "Bilirubin, Indirect_max": -0.062136206107150926, "Albumin_max": -0.08048285723687403, "Hemoglobin_min": -0.08478004171615444, "Calcium, Total_min": -0.08503440264935168, "Potassium, Whole Blood_max": -0.08607133564566523, "Bicarbonate_max": -0.09701372523903552, "Temperature_min": -0.10129127017471568, "Albumin_min": -0.11697610108541776, "MCHC_max": -0.12214849066921495}