{"pH_max": 0.2978657396010663, "Lactate_max": 0.17799989504060995, "Phenytoin_min": 0.16458856625456797, "Lactate_min": 0.1553766186792005, "MCH_min": 0.10174956246831292, "Anion Gap_min": 0.09744590443676909, "Bilirubin, Direct_max": 0.08370657923447142, "Sodium_max": 0.073341908819566, "Phosphate_max": 0.05617471600691371, "White Blood Cells_min": 0.049977227461766645, "Atypical Lymphocytes_max": 0.04628190791567215, "CK-MB Index_min": 0.04357799741641463, "Metamyelocytes_max": 0.04215298426356125, "PT_min": 0.04076086072779354, "Hematocrit, Calculated_min": 0.04015726604170525, "pCO2_max": 0.03584392109742852, "RDW_max": 0.03285332733439212, "Magnesium_max": 0.03001286222056606, "Metamyelocytes_min": 0.027035082557569593, "Urea Nitrogen_min": 0.021514016227797122, "Basophils_max": 0.019855787627054276, "Vancomycin_min": 0.019685518010548533, "Bands_min": 0.016512271293994123, "INR(PT)_min": 0.015983968357666314, "Hematocrit_min": 0.015343723902773264, "Glucose_min": 0.013774704124653415, "PTT_min": 0.012642721164630328, "Base Excess_max": 0.011736384345586388, "Oxygen_max": 0.011318495611007328, "Neutrophils_min": 0.01006586126734266, "Oxygen_min": 0.008425133547286209, "Potassium, Urine_max": 0.0070747726496134785, "Epithelial Cells_max": 0.006578800296113122, "Lymphocytes_max": 0.005521272840742856, "Bands_max": 0.005409374970067401, "Magnesium_min": 0.004786616736703449, "Osmolality, Measured_max": 0.003950006545263959, "Calculated Total CO2_min": 0.0034070771413992735, "Vancomycin_max": 0.002991854043879834, "PTT_max": 0.0023777735602699373, "Chloride_max": 0.002196010659005493, "pO2_min": 0.0021816553878779197, "Alveolar-arterial Gradient_max": 0.0018434259632787683, "Asparate Aminotransferase (AST)_min": 0.0018034456146474513, "PT_max": 0.00164126884801873, "Transferrin_min": 0.0013953959876044396, "Iron_min": 0.0011873725704951042, "Osmolality, Urine_max": 0.0011108798374578996, "Hematocrit_max": 0.0010343045846253395, "Specific Gravity_max": 0.0006593418496877256, "Lactate Dehydrogenase (LD)_min": 0.0006563693343747243, "O2 Flow_max": 0.0006301368570835982, "Monocytes_max": 0.0005745367354163587, "Fibrinogen, Functional_min": 0.0005530133337375484, "RBC_max": 0.0004564884593857205, "Amylase_min": 0.00037212403778832704, "Alkaline Phosphatase_max": 0.0002573471702741019, "WBC_max": 0.0002494072485695237, "Creatine Kinase (CK)_min": 0.0001352438680044806, "Lactate Dehydrogenase (LD)_max": 8.012633238178781e-05, "Urea Nitrogen_max": 6.683085845273008e-05, "Lipase_max": 3.27288686861068e-06, "Ferritin_min": 2.3124540211956755e-06, "Creatine Kinase (CK)_max": -1.540191953491646e-05, "Specific Gravity_min": -4.232458769222532e-05, "Fibrinogen, Functional_max": -6.126369748522535e-05, "Asparate Aminotransferase (AST)_max": -6.520347313572871e-05, "Glucose_max": -0.00014607725716619547, "Free Calcium_min": -0.00015165520607076247, "Platelet Count_min": -0.0002706436011316832, "Amylase_max": -0.00027272237366580065, "Triglycerides_max": -0.00034742584188034745, "pO2_max": -0.0003953160973026054, "Urea Nitrogen, Urine_max": -0.00042725524853133654, "Alveolar-arterial Gradient_min": -0.0005371088985691843, "Tidal Volume_min": -0.000603807017897399, "Triglycerides_min": -0.000616561986873231, "Creatine Kinase, MB Isoenzyme_min": -0.0006905211599905021, "White Blood Cells_max": -0.0006978969259720544, "Alkaline Phosphatase_min": -0.0008042860018361694, "Sodium, Whole Blood_min": -0.001011380343676605, "Tidal Volume_max": -0.0010531445405721706, "Creatine Kinase, MB Isoenzyme_max": -0.0010884275596741854, "Sodium, Urine_max": -0.0012526395796037563, "Platelet Count_max": -0.0020936183723124784, "Sodium, Urine_min": -0.002251156343742129, "Potassium, Urine_min": -0.00244999090032516, "Oxygen Saturation_min": -0.002552549602289882, "Neutrophils_max": -0.002768484339309886, "Chloride, Whole Blood_max": -0.0036535206808576436, "Transferrin_max": -0.004600524921505111, "Sodium_min": -0.004908555546560078, "Bilirubin, Total_max": -0.006577001404707415, "INR(PT)_max": -0.007783175138726639, "Creatinine_max": -0.008903154429017738, "Monocytes_min": -0.009721022686740225, "Sodium, Whole Blood_max": -0.010434300016450867, "pCO2_min": -0.011317478257964007, "Base Excess_min": -0.012600883236728871, "Thyroid Stimulating Hormone_max": -0.012768315626014734, "Free Calcium_max": -0.01627727022075459, "Hematocrit, Calculated_max": -0.016770145383232835, "Eosinophils_max": -0.02159542805629209, "Basophils_min": -0.022136048787729627, "Phenytoin_max": -0.023954546244128953, "Potassium_min": -0.025360400787103575, "Cholesterol Ratio (Total/HDL)_max": -0.026003900372242216, "Troponin T_max": -0.026985197614503745, "Potassium_max": -0.029394723766456982, "Chloride_min": -0.03073911924882322, "Anion Gap_max": -0.03186540940233403, "Calcium, Total_max": -0.03653643629219389, "Red Blood Cells_min": -0.03880065191682301, "Bicarbonate_min": -0.03934680354543562, "Lymphocytes_min": -0.042252594724009385, "MCH_max": -0.047352463679059556, "Hemoglobin_max": -0.04987648246954353, "Bilirubin, Total_min": -0.049943064365641096, "pH_min": -0.059766040838705015, "Epithelial Cells_min": -0.0722881243180888, "Potassium, Whole Blood_min": -0.0787858063972203, "Bicarbonate_max": -0.0866260512177246, "Phosphate_min": -0.08983140905074272, "Eosinophils_min": -0.1106196144129153, "Hemoglobin_min": -0.15301574041273822, "Potassium, Whole Blood_max": -0.1749900772136234, "MCHC_max": -0.17841794711526296, "Albumin_max": -0.18084761065240865, "Temperature_min": -0.18333512660693174, "Albumin_min": -0.2657641085993237}