{"pH_max": 0.5090299740970123, "Lactate_min": 0.2178040181153963, "Temperature_max": 0.13754701154467697, "Phenytoin_min": 0.1288899872176943, "Lactate_max": 0.12470802460716326, "Anion Gap_min": 0.11445089553583196, "MCH_min": 0.10352059817607087, "Sodium_max": 0.07525686504368888, "Phosphate_max": 0.07003034258267112, "PT_min": 0.06252694756281257, "Bilirubin, Direct_max": 0.05986359929297193, "RDW_max": 0.055668536394146304, "White Blood Cells_min": 0.04982940322175935, "Hematocrit, Calculated_min": 0.04976989349550437, "Magnesium_max": 0.03965168302424931, "Urobilinogen_max": 0.038966550363129716, "Base Excess_max": 0.03843748473797462, "Atypical Lymphocytes_max": 0.036013492386035385, "Basophils_max": 0.03590241371889862, "Hematocrit_min": 0.03533250408990192, "Vancomycin_min": 0.03333582471687358, "Urea Nitrogen_min": 0.03298091213579486, "pCO2_max": 0.03249032435905136, "Magnesium_min": 0.029814737295480346, "INR(PT)_min": 0.022357148071574778, "Metamyelocytes_max": 0.01940397512898785, "Osmolality, Measured_max": 0.016439080036722734, "Glucose_min": 0.014086992988473865, "Oxygen_min": 0.011243385560106544, "PTT_min": 0.009688486390982203, "Neutrophils_min": 0.009099662952085296, "Oxygen_max": 0.007233285764866485, "Myelocytes_min": 0.006141225889582479, "MCV_max": 0.006129889702583911, "Potassium, Urine_max": 0.005711126148908705, "Alveolar-arterial Gradient_max": 0.005063849179925082, "Free Calcium_min": 0.003969977468783464, "Lymphocytes_max": 0.003763684915910828, "PTT_max": 0.0027399564112006386, "Bands_max": 0.002728147043874033, "Specific Gravity_max": 0.0025309088966956037, "Nucleated Red Cells_min": 0.0019229230355212296, "Asparate Aminotransferase (AST)_min": 0.0017980731139170048, "pO2_min": 0.001715065997245291, "INR(PT)_max": 0.0015817143603584834, "Specific Gravity_min": 0.0015128703205467883, "Polys_max": 0.001422139302643348, "Vitamin B12_min": 0.0013292994670033216, "Creatine Kinase, MB Isoenzyme_min": 0.0012929752292929334, "Platelet Count_min": 0.0007804295769286216, "O2 Flow_max": 0.0007272733239479531, "Creatinine, Urine_max": 0.000604789540162425, "Osmolality, Urine_max": 0.0005740012501969221, "Iron_max": 0.0005144671064334495, "Lactate Dehydrogenase (LD)_min": 0.0005062223234414464, "RBC_max": 0.00037471561033088665, "Alveolar-arterial Gradient_min": 0.00036980058098489343, "Amylase_min": 0.00033508398454469053, "PT_max": 0.00028773225226850254, "WBC_min": 0.0002596324116676599, "Fibrinogen, Functional_min": 0.0002166293927931903, "Alkaline Phosphatase_max": 9.141981191940008e-05, "Asparate Aminotransferase (AST)_max": 6.73900350509985e-05, "Lactate Dehydrogenase (LD)_max": 6.395754007944719e-05, "Creatine Kinase (CK)_min": 3.9997039293918566e-05, "Myelocytes_max": 3.106118011073791e-05, "Creatine Kinase (CK)_max": -1.4552024522493047e-05, "Oxygen Saturation_max": -2.1335727745525888e-05, "WBC_max": -2.7134070845814612e-05, "Fibrinogen, Functional_max": -3.094506997770893e-05, "RBC_min": -0.0001392862439579407, "Glucose_max": -0.00018685134120080627, "Alanine Aminotransferase (ALT)_max": -0.0002192444578220878, "Cortisol_min": -0.00022951155095007983, "Protein_min": -0.00023477620880072174, "Anion Gap_max": -0.00026436892726950094, "Amylase_max": -0.00026889470293995087, "Tidal Volume_min": -0.00042275708380140435, "pO2_max": -0.0004384185377366997, "Alkaline Phosphatase_min": -0.0006238344557080628, "Vancomycin_max": -0.0006765608158232754, "Urea Nitrogen_max": -0.0009880344457424937, "Alanine Aminotransferase (ALT)_min": -0.0009997607177593274, "Tidal Volume_max": -0.0011124685101687045, "Creatine Kinase, MB Isoenzyme_max": -0.0012529377757088285, "Vitamin B12_max": -0.0015398405527157894, "Sodium, Urine_max": -0.0017476479746337697, "Monocytes_max": -0.0017933270107812246, "Chloride, Whole Blood_max": -0.0018819459514108827, "Iron Binding Capacity, Total_min": -0.002282260454309776, "MCV_min": -0.002414900299372886, "Platelet Count_max": -0.0028033795664935725, "White Blood Cells_max": -0.002806563736989014, "Creatinine_max": -0.003054967774562888, "Calculated Total CO2_min": -0.003078481412316162, "Oxygen Saturation_min": -0.0032073084841162816, "Potassium_max": -0.00398258699016584, "Cholesterol, LDL, Calculated_min": -0.004347909816004134, "Atypical Lymphocytes_min": -0.0053255142703847, "Bicarbonate_min": -0.006190392302010942, "Chloride, Whole Blood_min": -0.006972427452981274, "pCO2_min": -0.007696312584320251, "Uric Acid_max": -0.009522916286936916, "Chloride_max": -0.009899403523505238, "Neutrophils_max": -0.011888256286377092, "Sodium, Whole Blood_max": -0.01247907282233151, "Bilirubin, Total_max": -0.013300587808742862, "Hematocrit_max": -0.014765959195053946, "Osmolality, Measured_min": -0.01578339471875387, "Sodium_min": -0.01773262241635316, "Calcium, Total_max": -0.019037885241198833, "Hematocrit, Calculated_max": -0.019892535751628516, "Monocytes_min": -0.02181535109611151, "Troponin T_max": -0.02221264502722657, "Eosinophils_max": -0.023018421443877078, "Chloride_min": -0.023028509351609435, "Potassium_min": -0.023989754472406574, "Urobilinogen_min": -0.030558733914909028, "MCHC_min": -0.03287749784123468, "Required O2_max": -0.0331443897090518, "Red Blood Cells_min": -0.03499807527584453, "Bilirubin, Total_min": -0.03603182251938448, "Base Excess_min": -0.042001967246290135, "Lymphocytes_min": -0.04512260228283489, "RDW_min": -0.046187529785631024, "Free Calcium_max": -0.04804256893028141, "Phenytoin_max": -0.05251726587472502, "MCH_max": -0.08224587413502858, "Phosphate_min": -0.0841714527812301, "pH_min": -0.08589650135695885, "MCHC_max": -0.09002603255972749, "Uric Acid_min": -0.10364408677285479, "Bicarbonate_max": -0.10592572362665843, "Eosinophils_min": -0.13395314419473361, "Hemoglobin_min": -0.20982961484744575, "Temperature_min": -0.21631744051362883, "Potassium, Whole Blood_max": -0.2309241543622317, "Albumin_max": -0.25493787017441905, "Creatinine_min": -0.30110760202202513, "Albumin_min": -0.4364619803765601}