{"Lactate_max": 0.18724595987237166, "pH_max": 0.13213590524595403, "Lactate_min": 0.1063321466146089, "Bilirubin, Direct_max": 0.08009101130573884, "Phenytoin_min": 0.07984518032066944, "Anion Gap_min": 0.07258493550963836, "PT_min": 0.07000209271164526, "Sodium_max": 0.06324963088399091, "Phosphate_max": 0.043802389145462896, "Hematocrit, Calculated_min": 0.043505541717394826, "White Blood Cells_min": 0.04252865452378007, "pCO2_max": 0.035267260585118906, "RDW_max": 0.032367706290178315, "Myelocytes_max": 0.031860213444889915, "Vancomycin_min": 0.030876937479063928, "Urea Nitrogen_min": 0.02545494198867128, "CK-MB Index_max": 0.025256675718055847, "Base Excess_max": 0.021063025425832757, "Required O2_min": 0.018660142772783075, "Atypical Lymphocytes_max": 0.01784176942740659, "Basophils_max": 0.016680051537909097, "Osmolality, Measured_max": 0.015189943026830157, "Oxygen_min": 0.014170523577201171, "Magnesium_max": 0.013442829167531816, "Glucose_min": 0.013351821511861562, "INR(PT)_min": 0.012099240103486992, "Urobilinogen_max": 0.011982676098673588, "MCV_min": 0.011539013366804022, "PTT_min": 0.010491920423927199, "MCV_max": 0.008043042806403196, "Atypical Lymphocytes_min": 0.007784485654994241, "Cholesterol, HDL_max": 0.007078272804974719, "Temperature_max": 0.007050175008653002, "Bands_max": 0.00683080773340585, "Calculated Total CO2_max": 0.006249218997449144, "Neutrophils_min": 0.006060342611448277, "Potassium, Urine_max": 0.005872589888112263, "Bands_min": 0.005370316418790667, "Iron_min": 0.003324768626435069, "MCH_min": 0.003106265355224829, "Lymphocytes_max": 0.0028221651369425356, "PTT_max": 0.002665727702344439, "White Blood Cells_max": 0.002531782510225356, "pO2_min": 0.0023383133020612526, "Vancomycin_max": 0.002318961883189251, "Alveolar-arterial Gradient_max": 0.002262501144210383, "Asparate Aminotransferase (AST)_min": 0.0016504791521725806, "Potassium, Urine_min": 0.001626115654699572, "Creatinine, Urine_max": 0.0015458138820835345, "Cortisol_min": 0.0015084353197420363, "Creatine Kinase, MB Isoenzyme_min": 0.0011408065111719618, "Magnesium_min": 0.0009184123834328779, "Lactate Dehydrogenase (LD)_min": 0.0006971114082382246, "Osmolality, Urine_max": 0.0006109381256596123, "Amylase_min": 0.0005967705427662286, "Fibrinogen, Functional_min": 0.0005615009710100979, "WBC_max": 0.0005273557354307449, "Urea Nitrogen_max": 0.0003822720234603614, "Alkaline Phosphatase_max": 0.00029228655296444, "Chloride_max": 0.00022525312564198032, "Lactate Dehydrogenase (LD)_max": 7.469020260209912e-05, "Creatine Kinase (CK)_min": 6.577131682223135e-05, "Asparate Aminotransferase (AST)_max": 3.343504213168825e-05, "Ferritin_min": 1.0112513983454514e-05, "Lipase_max": 2.2921885971763005e-06, "Granulocyte Count_max": 1.9020255747041785e-06, "Fibrinogen, Functional_max": -3.880645455250302e-06, "Creatine Kinase (CK)_max": -1.0273375366691434e-05, "WBC_min": -1.568052468589315e-05, "Anion Gap_max": -1.629355616957018e-05, "Oxygen Saturation_max": -2.075322701258172e-05, "Vitamin B12_max": -7.364779827454894e-05, "Granulocyte Count_min": -7.56050071951087e-05, "Specific Gravity_max": -0.0001683092679298652, "RDW_min": -0.00019346993344425805, "Amylase_max": -0.00022670034096179415, "Glucose_max": -0.00025207501888726186, "Alanine Aminotransferase (ALT)_max": -0.0002592006115111608, "PEEP_max": -0.00031364151834335373, "Specific Gravity_min": -0.0004426811438811261, "Tidal Volume_max": -0.0005880001438023119, "Triglycerides_max": -0.0005941508515404368, "Nucleated Red Cells_min": -0.000610647637533688, "Free Calcium_min": -0.0006357907507457628, "Monocytes_max": -0.0006703360963190972, "Alkaline Phosphatase_min": -0.0007196750000840308, "Alanine Aminotransferase (ALT)_min": -0.0007280815705225078, "pO2_max": -0.0007465199761950639, "Lipase_min": -0.0009181214131429504, "Platelet Count_min": -0.0010769535063041864, "Tidal Volume_min": -0.0014840473426799923, "Platelet Count_max": -0.0017066870895798586, "Creatine Kinase, MB Isoenzyme_max": -0.0017135655503414029, "Sodium, Urine_max": -0.00197432823492844, "PT_max": -0.002151940850186566, "Cholesterol, Total_max": -0.0024456788527826815, "Iron_max": -0.0025286782382861668, "Creatinine, Urine_min": -0.003133674866037041, "Required O2_max": -0.0032635920326902924, "Urobilinogen_min": -0.0035001329039610818, "Alveolar-arterial Gradient_min": -0.0036329137320623987, "Ketone_max": -0.004608878421829838, "Creatinine_max": -0.00536308152019518, "Chloride_min": -0.005401935925260496, "Neutrophils_max": -0.007825484472811518, "Bilirubin, Total_max": -0.011968017548582493, "Thyroid Stimulating Hormone_min": -0.0120564316960031, "Basophils_min": -0.01258635679711398, "Sodium, Whole Blood_min": -0.013353498999140125, "Osmolality, Measured_min": -0.014659902786397701, "Base Excess_min": -0.014698383685069694, "Potassium_min": -0.016161993557004813, "Troponin T_min": -0.01864089474180516, "Free Calcium_max": -0.019736649913030566, "Troponin T_max": -0.020835997355651153, "pCO2_min": -0.023165763402221637, "Calcium, Total_max": -0.025050654522324994, "Sodium_min": -0.02638827696480793, "Phosphate_min": -0.02672070899786944, "Uric Acid_max": -0.03031533109873489, "Potassium_max": -0.030329302159733573, "Potassium, Whole Blood_min": -0.034651533244790644, "pH_min": -0.03561683979705519, "Eosinophils_max": -0.037990688373290116, "Monocytes_min": -0.040295463253465655, "Hematocrit, Calculated_max": -0.04059629042936044, "Uric Acid_min": -0.043921585229521776, "Bilirubin, Total_min": -0.04578404347760407, "Lymphocytes_min": -0.05216528041376516, "MCH_max": -0.05250872515574858, "MCHC_max": -0.05451853519387036, "Red Blood Cells_max": -0.0606796768877768, "Eosinophils_min": -0.060985498109867996, "MCHC_min": -0.07413911573664636, "Albumin_max": -0.09135516386011389, "Creatinine_min": -0.09982162945985418, "Calcium, Total_min": -0.10023937975208304, "Bicarbonate_max": -0.10448136163869776, "Temperature_min": -0.10489269023771494, "Albumin_min": -0.1264524328133086}