{"Cholesterol, Total_max": -0.9415989802299304, "mca_2": -0.7572878486528497, "Alveolar-arterial Gradient_min": -0.6253276237783726, "Albumin_min": -0.6136574433214086, "mca_5": -0.5462897003804299, "Transferrin_max": -0.5395982279767871, "Osmolality, Measured_min": -0.35626658301409614, "Cholesterol Ratio (Total/HDL)_min": -0.3490939210265089, "Uric Acid_min": -0.3012405112105794, "Alanine Aminotransferase (ALT)_min": -0.2519690523827804, "Temperature_min": -0.22375404123482223, "Tidal Volume_max": -0.22175885016185173, "Calcium, Total_min": -0.21595036340049684, "Protein, Total_min": -0.19985426451105454, "Triglycerides_max": -0.19957942206542553, "Calculated Total CO2_min": -0.19578369245560862, "Thyroid Stimulating Hormone_max": -0.19255516181238017, "Cholesterol, HDL_max": -0.18957914601642784, "Phenytoin_max": -0.18676990831569654, "Urea Nitrogen, Urine_min": -0.17655200292000017, "Sodium, Urine_max": -0.16730583575677685, "Creatinine, Urine_min": -0.1611828237684501, "MCHC_min": -0.15233813974981253, "Amylase_max": -0.147388974588523, "Bicarbonate_min": -0.14616937139692185, "Creatine Kinase, MB Isoenzyme_max": -0.1380122965448301, "Hematocrit, Calculated_max": -0.1315414632871117, "Tidal Volume_min": -0.13083151712319746, "Epithelial Cells_min": -0.11194371754831234, "Granulocyte Count_max": -0.10116115972297898, "Fibrinogen, Functional_max": -0.0953813613120958, "Protein_min": -0.095124117955894, "Lipase_min": -0.0911642533366326, "Chloride, Whole Blood_max": -0.08811881646659074, "Cholesterol, LDL, Calculated_max": -0.08456355549822933, "Nucleated Red Cells_max": -0.08130767078742028, "O2 Flow_max": -0.0773774746089983, "Triglycerides_min": -0.076169193505632, "Granulocyte Count_min": -0.06849693846897335, "Sodium, Urine_min": -0.06498405838099046, "Sodium, Whole Blood_max": -0.06328266544030968, "Troponin T_min": -0.0557053034424912, "Anion Gap_max": -0.05017949750922608, "Asparate Aminotransferase (AST)_max": -0.05013695370974775, "Phosphate_max": -0.04950278422328292, "Albumin_max": -0.04337950436798286, "Alkaline Phosphatase_max": -0.04115827790426144, "Chloride, Whole Blood_min": -0.036327607727126336, "Oxygen Saturation_max": -0.03250108341360829, "PEEP_max": -0.029631370367584363, "Creatine Kinase (CK)_max": -0.02957273659452244, "Urea Nitrogen_max": -0.025233413940646432, "Ferritin_min": -0.02306079501500044, "Osmolality, Urine_min": -0.020348067879319393, "Metamyelocytes_max": -0.017109456374609887, "Bands_max": -0.016413782690153974, "Base Excess_max": -0.01492678941308416, "Sodium, Whole Blood_min": -0.01399911696750278, "WBC_min": -0.013425577080764155, "Base Excess_min": -0.009921270837753557, "Vitamin B12_max": -0.009721100041779115, "tacroFK_min": -0.00876626758284385, "Myelocytes_min": -0.0013187068037880014, "Iron_min": 0.0005482386345267874, "Vancomycin_max": 0.00426622873449298, "Ferritin_max": 0.013643923875979904, "Troponin T_max": 0.016473171831734735, "RBC_min": 0.017393857721538685, "PT_max": 0.020878395802890897, "CK-MB Index_min": 0.023206373666530104, "RBC_max": 0.02409078636816164, "Cortisol_max": 0.025073377759893947, "INR(PT)_max": 0.030805482981331348, "Atypical Lymphocytes_max": 0.034230332268471095, "Urea Nitrogen, Urine_max": 0.0355317431567073, "Thyroid Stimulating Hormone_min": 0.037628376724887225, "WBC_max": 0.03800340356671736, "O2 Flow_min": 0.04573367646671524, "Creatine Kinase, MB Isoenzyme_min": 0.04637799565073719, "Creatine Kinase (CK)_min": 0.052201571331566284, "Potassium, Urine_min": 0.05282309140146409, "Uric Acid_max": 0.053692129934159304, "Myelocytes_max": 0.05405968932100394, "PEEP_min": 0.05701843293269732, "Polys_min": 0.06405514451297668, "Metamyelocytes_min": 0.06681354571718123, "Cortisol_min": 0.0734948410525862, "Potassium, Urine_max": 0.0748449320124652, "Alveolar-arterial Gradient_max": 0.07505655713069753, "Required O2_max": 0.07679901529036313, "Amylase_min": 0.08180502069522685, "Epithelial Cells_max": 0.08186451229778065, "Bands_min": 0.0871226954543072, "Lactate Dehydrogenase (LD)_max": 0.09192865145026077, "Urobilinogen_min": 0.09361703358810677, "Iron_max": 0.10453896486846576, "PT_min": 0.11426940829595723, "INR(PT)_min": 0.11668524465589214, "Bilirubin, Direct_min": 0.11939910775020961, "Fibrinogen, Functional_min": 0.12249516755845793, "pO2_min": 0.12318133940982379, "Creatinine, Urine_max": 0.12629090640896795, "Polys_max": 0.13041340664205606, "Protein, Total_max": 0.13090373791080148, "PTT_min": 0.13563520479146554, "Temperature_max": 0.14491018760759106, "Osmolality, Urine_max": 0.14552325508504627, "White Blood Cells_max": 0.15286386130902457, "Free Calcium_min": 0.16220445002532466, "CK-MB Index_max": 0.20244621917373443, "Vancomycin_min": 0.21041151573969774, "Bilirubin, Direct_max": 0.21289619770857526, "Oxygen_min": 0.24746206278600413, "Lactate_min": 0.24966158180490414, "Oxygen_max": 0.26722290678766547, "Sodium_max": 0.2691372031798105, "Transferrin_min": 0.32567956721665403, "mca_9": 0.3831567408086329, "Cholesterol, HDL_min": 0.38323539597609313, "Osmolality, Measured_max": 0.4034410057792987, "Lactate_max": 0.4096863006114124, "Urea Nitrogen_min": 0.4180087872234404, "Lactate Dehydrogenase (LD)_min": 0.42186744492070233, "Anion Gap_min": 0.4339150638840908, "Cholesterol Ratio (Total/HDL)_max": 0.44428338776844545, "pCO2_max": 0.4914111515786686, "Glucose_min": 0.49177537798404813, "Required O2_min": 0.6116564226468655, "Asparate Aminotransferase (AST)_min": 0.6517004873048864, "Phenytoin_min": 0.6618671565863602, "Cholesterol, Total_min": 0.798839749538213}