{"pH_max": 0.2410606511913468, "Lactate_max": 0.15167115561285396, "Lactate_min": 0.1318106465286316, "Phenytoin_min": 0.10117637416058421, "Anion Gap_min": 0.09728988024488007, "Sodium_max": 0.0831476737127923, "PT_min": 0.06860047496116711, "Phosphate_max": 0.0673439621542105, "White Blood Cells_min": 0.04651979519637568, "RDW_max": 0.046051904447457534, "pCO2_max": 0.03213356098985684, "Atypical Lymphocytes_max": 0.031403853663529525, "MCV_min": 0.0310099368741695, "Calculated Total CO2_max": 0.024583643403565072, "Temperature_max": 0.02222914757520656, "Urea Nitrogen_min": 0.020393505388722737, "Hematocrit, Calculated_max": 0.016736685389285036, "Calcium, Total_max": 0.013799203894424981, "Glucose_min": 0.01222550247364195, "Oxygen_max": 0.011923700136392188, "Red Blood Cells_max": 0.011867228080027018, "INR(PT)_min": 0.011615983384181119, "Magnesium_max": 0.010805608678129928, "PTT_min": 0.010688144945234238, "INR(PT)_max": 0.010026080918378021, "Magnesium_min": 0.007991722060174745, "Urea Nitrogen_max": 0.006018730001069203, "Polys_min": 0.0034756686161634457, "Creatinine, Urine_max": 0.003096704616490263, "Osmolality, Measured_max": 0.003093453399154784, "PTT_max": 0.0026986395346280936, "pO2_min": 0.002381159997008647, "Alveolar-arterial Gradient_max": 0.0023358701791949565, "O2 Flow_min": 0.0017189741929703904, "Lymphocytes_max": 0.001584702043448319, "Asparate Aminotransferase (AST)_min": 0.0011405386931182414, "Creatine Kinase, MB Isoenzyme_min": 0.0011215013358889378, "Nucleated Red Cells_min": 0.0011057360551438103, "Amylase_min": 0.0009473328202046687, "Lactate Dehydrogenase (LD)_min": 0.0006289818282467977, "RBC_min": 0.0004794950210402196, "Fibrinogen, Functional_min": 0.0002535935919846662, "Osmolality, Urine_min": 0.00022344179891531666, "WBC_max": 0.00019336587880550482, "Creatine Kinase (CK)_min": 5.840278076557066e-05, "Fibrinogen, Functional_max": 4.867793346148194e-05, "Lactate Dehydrogenase (LD)_max": 4.3473026723970674e-05, "Lipase_max": 5.355141457391796e-06, "Creatine Kinase (CK)_max": -7.459492163246644e-06, "Glucose_max": -4.03202544245008e-05, "Granulocyte Count_min": -5.748031231987593e-05, "Specific Gravity_max": -6.678380416236312e-05, "Alveolar-arterial Gradient_min": -0.00024044595700177694, "Sodium, Urine_max": -0.0002858515813165542, "Platelet Count_min": -0.00030768340113366735, "Triglycerides_max": -0.00033967509033496683, "Amylase_max": -0.000359960215223901, "Specific Gravity_min": -0.00042618904406525356, "Base Excess_max": -0.0004828248305155569, "Tidal Volume_min": -0.0005025553112745301, "pO2_max": -0.0005784019246284031, "Tidal Volume_max": -0.0010312901266756598, "Creatine Kinase, MB Isoenzyme_max": -0.0010386714116725816, "PT_max": -0.001049128283489817, "Lipase_min": -0.0011198827637691627, "Iron_max": -0.001126333178619602, "Bands_max": -0.0017412351740853588, "Hematocrit_min": -0.0018597242610653537, "Platelet Count_max": -0.0020143988864266935, "Cholesterol, LDL, Calculated_max": -0.002407983176794008, "Neutrophils_max": -0.0029384442348937205, "Sodium, Urine_min": -0.00318241952883701, "Creatinine, Urine_min": -0.0037898554145146483, "pCO2_min": -0.003834329325285897, "PEEP_max": -0.003959526827325564, "Bilirubin, Total_min": -0.005986776813677459, "RDW_min": -0.008332058500716742, "Phenytoin_max": -0.008370718197560904, "Required O2_max": -0.009594771681591363, "Base Excess_min": -0.012343827513872729, "Chloride_max": -0.01723884044101541, "Bicarbonate_min": -0.018079008032405895, "Anion Gap_max": -0.01822587670026808, "Potassium_max": -0.019700953606602473, "Red Blood Cells_min": -0.020603842976966043, "Calculated Total CO2_min": -0.022283399075804892, "Potassium_min": -0.023089340749830645, "Chloride_min": -0.02369440789128416, "Troponin T_max": -0.025740707053975468, "Sodium, Whole Blood_max": -0.02927095223471724, "pH_min": -0.033707245207183746, "Monocytes_min": -0.03682057849222241, "Bilirubin, Indirect_max": -0.04421370757539111, "Epithelial Cells_min": -0.04715389228248132, "Lymphocytes_min": -0.048640158739663625, "Phosphate_min": -0.04959495218234132, "Eosinophils_max": -0.05486288028514639, "MCH_max": -0.06694132973865453, "Uric Acid_min": -0.07242674460602547, "Hemoglobin_max": -0.0730497477617296, "Hemoglobin_min": -0.08156858405778085, "MCHC_max": -0.08346037379301685, "Bicarbonate_max": -0.11212403352171534, "Creatinine_min": -0.11382607481352552, "Creatinine_max": -0.11942930883833609, "Albumin_max": -0.12639781539301997, "Calcium, Total_min": -0.12965352818435766, "Temperature_min": -0.14510136417647562, "Potassium, Whole Blood_max": -0.14993131399251547, "Albumin_min": -0.2170574126738145}