{"pH_max": 0.31409253430294093, "Lactate_min": 0.18231374245401114, "Anion Gap_min": 0.12836996327979897, "Lactate_max": 0.1276802137365093, "Sodium_max": 0.07403048163358157, "Bilirubin, Direct_max": 0.06851015369339408, "Phosphate_max": 0.06680899042250661, "PT_min": 0.057041312838143475, "White Blood Cells_min": 0.05400219325543487, "RDW_max": 0.050708013087257135, "Hematocrit, Calculated_min": 0.035940051915066905, "Red Blood Cells_max": 0.03468377530728893, "pCO2_max": 0.034495053373865166, "MCV_min": 0.03302195856240205, "Temperature_max": 0.030590937661879175, "Vancomycin_min": 0.025949911031653443, "Urea Nitrogen_min": 0.02561628024098756, "Base Excess_max": 0.01795695217264378, "INR(PT)_min": 0.015937781687537247, "Hematocrit_min": 0.015126802217485084, "Glucose_min": 0.013604045687825052, "Magnesium_min": 0.013290617235323907, "PTT_min": 0.01244996965859069, "Bands_max": 0.01108417031456344, "Calculated Total CO2_max": 0.010929884516462748, "Oxygen_min": 0.010089230989928692, "INR(PT)_max": 0.009318289869174668, "Oxygen_max": 0.008784213992125296, "Lymphocytes_max": 0.008239157031891783, "Osmolality, Measured_max": 0.006741204285835333, "Neutrophils_min": 0.004896647437851042, "Potassium, Urine_max": 0.004842102694058399, "Cortisol_min": 0.004358924863651239, "Polys_min": 0.0028395728179299346, "pO2_min": 0.0025401868676475565, "PTT_max": 0.002321341599872355, "Urea Nitrogen_max": 0.001444494908642655, "Asparate Aminotransferase (AST)_min": 0.0013796434826085643, "Vancomycin_max": 0.0013160766576583013, "Alveolar-arterial Gradient_max": 0.000926197680719688, "Lactate Dehydrogenase (LD)_min": 0.0005302088906367662, "Oxygen Saturation_min": 0.0004762956646616206, "Fibrinogen, Functional_max": 0.0002516564095106601, "Specific Gravity_max": 0.00011389720798067753, "WBC_max": 8.342938198779284e-05, "Lactate Dehydrogenase (LD)_max": 5.1772135825159454e-05, "Platelet Count_min": 3.831475968817105e-05, "Sodium, Urine_max": 1.8501361104213085e-05, "Lipase_max": 4.169876097151538e-06, "Creatine Kinase (CK)_max": -7.301047828456905e-06, "Free Calcium_min": -0.00022445382095961482, "Glucose_max": -0.0002368438572447665, "Amylase_max": -0.00029041120454685306, "Specific Gravity_min": -0.0005385777311742794, "Alkaline Phosphatase_min": -0.000636951233201019, "Oxygen Saturation_max": -0.0007363911326922354, "pO2_max": -0.0008636330578375549, "PT_max": -0.0009470609720353266, "Tidal Volume_min": -0.0012340856688934198, "Creatine Kinase, MB Isoenzyme_min": -0.0013509135444079701, "Magnesium_max": -0.0018528104838323482, "Cortisol_max": -0.001945504836484907, "Platelet Count_max": -0.0024908202046739656, "Sodium, Urine_min": -0.0025252079633904623, "Neutrophils_max": -0.0038429878417654316, "Transferrin_max": -0.005166944127728946, "Ketone_max": -0.005496182531906602, "Calcium, Total_max": -0.0075102710604454575, "MCH_min": -0.007991930124937676, "Chloride_max": -0.00913773022285407, "RDW_min": -0.011407773387472087, "pCO2_min": -0.012724306073533947, "Sodium_min": -0.014618880995085216, "MCV_max": -0.014797331641417787, "Chloride, Whole Blood_min": -0.01550760245761993, "Chloride_min": -0.018376815910840616, "Bicarbonate_min": -0.02027484063794852, "Base Excess_min": -0.02089045277630829, "Free Calcium_max": -0.02116950181750263, "Monocytes_min": -0.021657930245374976, "Troponin T_max": -0.022164382875470283, "Sodium, Whole Blood_max": -0.02353859250311597, "Hematocrit_max": -0.026363579362066146, "Potassium_max": -0.026557264459264332, "Bilirubin, Total_max": -0.03369782428634193, "Troponin T_min": -0.040086937575794894, "Eosinophils_max": -0.040369412593297446, "pH_min": -0.04617685555556794, "Lymphocytes_min": -0.04839889978701275, "Phosphate_min": -0.053466977273466484, "Potassium, Whole Blood_min": -0.0832593524379385, "Bicarbonate_max": -0.09679727722273997, "MCHC_min": -0.11147270759332051, "Creatinine_max": -0.1186048216286487, "Hemoglobin_min": -0.1339779650845491, "Albumin_max": -0.1517061565927672, "Calcium, Total_min": -0.15421183696716764, "Creatinine_min": -0.15937410457781168, "Temperature_min": -0.18235215966157137, "Albumin_min": -0.24896881026003378}