{"pH_max": 0.6533375979222519, "Lactate_min": 0.18814470620230309, "Lactate_max": 0.14697379456587414, "PT_min": 0.07571720917192616, "Anion Gap_min": 0.06702232833133367, "Sodium_max": 0.06492198715645994, "pCO2_max": 0.034680053376101194, "White Blood Cells_min": 0.03382756655101806, "Urea Nitrogen_min": 0.025677122703346468, "Glucose_min": 0.014204850230653408, "PTT_min": 0.012111658359336313, "pO2_min": 0.0017142279341336377, "Asparate Aminotransferase (AST)_min": 0.0013639964239092319, "Urea Nitrogen_max": 0.0009736403136425434, "Platelet Count_min": -3.169187858234063e-05, "Glucose_max": -4.4470450639688976e-05, "pO2_max": -0.00048594968740167606, "Tidal Volume_min": -0.0015011390910394389, "Osmolality, Measured_max": -0.0017058567475237312, "Platelet Count_max": -0.002180833727671909, "Creatinine_max": -0.008973234991104721, "Base Excess_min": -0.009251664599513812, "Chloride_min": -0.03556099330516786, "Eosinophils_max": -0.053450229695489654, "Lymphocytes_min": -0.059406395682706864, "Bicarbonate_max": -0.11774631199039652, "Potassium_min": -0.12875229860637352, "Temperature_min": -0.2832319308781692, "Basophils_min": -0.3398446553197636, "Albumin_min": -0.9751664432602661}