{"pH_max": 0.7618635222527245, "Lactate_min": 0.23568989701246346, "Lactate_max": 0.11831086790065533, "Free Calcium_min": 0.09290007611424776, "Anion Gap_min": 0.0905172888185344, "MCH_min": 0.08267785001862843, "Sodium_max": 0.07779329861789823, "PT_min": 0.05741853017837104, "White Blood Cells_min": 0.04262616771209157, "CK-MB Index_min": 0.041673927740232874, "Basophils_max": 0.04114066816233659, "Myelocytes_max": 0.032073070616337615, "pCO2_max": 0.03172535205024062, "Calculated Total CO2_max": 0.03111351689971434, "Phosphate_max": 0.024685343637473166, "RDW_min": 0.02327317614098206, "Urea Nitrogen_min": 0.022591816906058645, "Bilirubin, Total_max": 0.021531622679516648, "Specific Gravity_min": 0.016426206785999813, "INR(PT)_min": 0.015559905443598275, "Glucose_min": 0.014876386695195556, "Oxygen_min": 0.010796819439090824, "PTT_min": 0.009648776126703437, "Oxygen_max": 0.0067330891836228715, "Lymphocytes_max": 0.00570096541012994, "Osmolality, Measured_max": 0.003590506691706986, "Neutrophils_min": 0.002774542416384588, "Required O2_min": 0.0026086669302980646, "pO2_min": 0.0025745346430571018, "PT_max": 0.0022163872790842906, "PTT_max": 0.0015053450442073161, "Sodium, Whole Blood_min": 0.0014654983299885742, "Asparate Aminotransferase (AST)_min": 0.0014406106724452554, "Creatinine, Urine_max": 0.001022445038885121, "Platelet Count_min": 0.0008039327462295419, "Lactate Dehydrogenase (LD)_min": 0.0005965239284002431, "Alveolar-arterial Gradient_max": 0.0005928751291894342, "Fibrinogen, Functional_min": 0.0004336917989737215, "RBC_min": 0.00031322746189813813, "Lactate Dehydrogenase (LD)_max": 9.081821735856542e-05, "Oxygen Saturation_min": 8.259536050383244e-07, "Asparate Aminotransferase (AST)_max": -8.249824778249226e-05, "Glucose_max": -0.00022526367901356474, "Amylase_max": -0.0002874232430969054, "Alkaline Phosphatase_min": -0.00045984144469866695, "pO2_max": -0.0007718256532348036, "Creatine Kinase, MB Isoenzyme_max": -0.0008811189022131374, "Tidal Volume_min": -0.0013055328229087202, "Sodium, Urine_max": -0.0017197453106384418, "Urea Nitrogen_max": -0.0020565180487652564, "Platelet Count_max": -0.0029316512780184654, "Monocytes_max": -0.003638334455605211, "pCO2_min": -0.0036730781608827374, "Chloride_max": -0.004115250274091904, "Neutrophils_max": -0.004698139291287288, "Base Excess_min": -0.004769590002664216, "Creatinine_max": -0.008935021506002266, "Chloride_min": -0.01130074252512504, "Red Blood Cells_max": -0.011533741276480674, "Chloride, Whole Blood_min": -0.017069106580926342, "Troponin T_max": -0.02155260244866404, "Sodium_min": -0.025434270520198678, "Calcium, Total_max": -0.02730586135905542, "MCHC_min": -0.02877191625594692, "Eosinophils_max": -0.03241189399434169, "Calculated Total CO2_min": -0.04024240019570597, "Bilirubin, Total_min": -0.04509937144529775, "Lymphocytes_min": -0.05704221671513201, "Potassium_max": -0.06378973556059973, "Potassium, Whole Blood_min": -0.08395014629485073, "MCHC_max": -0.09284183722120382, "Albumin_max": -0.09302517824429453, "Basophils_min": -0.09440194945653829, "Bicarbonate_max": -0.10265908767665972, "MCH_max": -0.10271293232698242, "Eosinophils_min": -0.1300306479409674, "Temperature_min": -0.1867433763119621, "pH_min": -0.1905808522278005, "Red Blood Cells_min": -0.40107203296776517, "Albumin_min": -0.7386730712443081}