{"Lactate_min": 0.21527966711245677, "Lactate_max": 0.1390769074354257, "Anion Gap_min": 0.11819090271572821, "Sodium_max": 0.0695729032461071, "PT_min": 0.05917329338204903, "Phosphate_max": 0.05142731282334668, "White Blood Cells_min": 0.046815590943457254, "RDW_max": 0.04494379156833833, "Magnesium_max": 0.038283310865273076, "pCO2_max": 0.03655333421683433, "Urea Nitrogen_min": 0.021937767701438085, "PTT_min": 0.013413877776126367, "Glucose_min": 0.012887718549920046, "Bilirubin, Total_max": 0.008004476233369839, "Osmolality, Measured_max": 0.003263894109088738, "pO2_min": 0.0030071687907912465, "Urea Nitrogen_max": 0.002182954366882852, "PTT_max": 0.0016556421004192269, "Alveolar-arterial Gradient_max": 0.0012838336561097337, "Asparate Aminotransferase (AST)_min": 0.0011430128394841923, "Specific Gravity_min": 0.0009649384057124062, "Lactate Dehydrogenase (LD)_min": 0.000634326032240412, "RBC_min": 0.0003367078772300973, "Lactate Dehydrogenase (LD)_max": 1.8258114699789228e-05, "Neutrophils_max": -0.00016616056178605658, "Platelet Count_min": -0.0003243114758240238, "Alkaline Phosphatase_min": -0.00039128971758463544, "Urea Nitrogen, Urine_min": -0.0005395556214859067, "pO2_max": -0.0010719835574793317, "Tidal Volume_min": -0.0012883720009911866, "Platelet Count_max": -0.0019979152337528234, "Sodium, Urine_min": -0.0041105713559791285, "MCV_min": -0.004986216968174777, "Base Excess_min": -0.010769518641841832, "Calcium, Total_max": -0.011076935068998076, "Sodium_min": -0.013370611246610995, "pCO2_min": -0.01819529862159945, "Chloride_min": -0.0202938856862321, "Free Calcium_max": -0.027558433296214546, "Troponin T_max": -0.03159064554710302, "Lymphocytes_min": -0.05555604071324758, "Bilirubin, Total_min": -0.057348452885190374, "Eosinophils_max": -0.05852478816528426, "Albumin_max": -0.06430518817510199, "Bicarbonate_max": -0.0801567612409985, "Creatinine_max": -0.13758870887051713, "Potassium_min": -0.15562819747787598, "Temperature_min": -0.21883038798185403, "Red Blood Cells_max": -0.28215763934753146, "Albumin_min": -0.8534473360823862}