{"pH_max": 0.2364852192757195, "Lactate_min": 0.13120301403291154, "Lactate_max": 0.12641897655271633, "Phenytoin_min": 0.10496397275689412, "Anion Gap_min": 0.08961932454557398, "Sodium_max": 0.0768343972771616, "White Blood Cells_min": 0.05418428477197486, "Bilirubin, Direct_max": 0.05154033272574382, "PT_min": 0.04956816761694445, "Phosphate_max": 0.04688945932416667, "Calculated Total CO2_max": 0.039263226835815075, "Temperature_max": 0.033725010293161245, "Magnesium_max": 0.03240742244094175, "Vancomycin_min": 0.03176160027874412, "pCO2_max": 0.03137343113985689, "Hematocrit, Calculated_min": 0.03108768409311533, "Basophils_max": 0.027339507159773766, "Urea Nitrogen_min": 0.02711000483350872, "Required O2_min": 0.02045959379722889, "Atypical Lymphocytes_min": 0.01946620537946193, "RDW_min": 0.018646739907913875, "MCV_min": 0.015509016389920067, "INR(PT)_max": 0.0145780483140025, "Glucose_min": 0.014054448412158988, "PTT_min": 0.013879767174520125, "Magnesium_min": 0.012584615247347107, "Metamyelocytes_max": 0.011532855370589188, "INR(PT)_min": 0.010610378039217522, "Oxygen_max": 0.009336380090291252, "Oxygen_min": 0.009224440018408697, "Osmolality, Measured_max": 0.0062133677046622305, "MCV_max": 0.006001328531779252, "Potassium, Urine_min": 0.005154555499882015, "Bands_max": 0.004940655553349084, "Lymphocytes_max": 0.003583729358557436, "Base Excess_max": 0.003038834021897855, "Neutrophils_min": 0.002971460499787972, "pO2_min": 0.0023899802335570187, "PTT_max": 0.0022422979884073125, "Free Calcium_min": 0.0022369768079365205, "PT_max": 0.0016326783815145283, "Alveolar-arterial Gradient_max": 0.0012898934504529027, "Asparate Aminotransferase (AST)_min": 0.0010051745857459341, "Vancomycin_max": 0.000858729557806346, "Amylase_min": 0.0007039794142318307, "Lactate Dehydrogenase (LD)_min": 0.0005913407577705098, "Creatinine, Urine_max": 0.0004544615162897545, "Cortisol_min": 0.00041392718998444427, "Platelet Count_min": 0.0003676475778339738, "Specific Gravity_max": 0.0002738545950114811, "WBC_min": 0.00022918567861157922, "RBC_min": 0.00020253568835916204, "Fibrinogen, Functional_min": 0.00017949665521566413, "Lactate Dehydrogenase (LD)_max": 8.615668433391972e-05, "Creatine Kinase (CK)_min": 5.3083996748976345e-05, "Osmolality, Urine_min": 4.5920160775277336e-05, "Lipase_max": 3.33710542757797e-06, "Creatine Kinase (CK)_max": -1.1700651818358902e-05, "Glucose_max": -6.313402249240611e-05, "Asparate Aminotransferase (AST)_max": -7.305120924600959e-05, "Vitamin B12_max": -0.00012894755177986244, "Urea Nitrogen_max": -0.00022292366283725075, "Specific Gravity_min": -0.00023217955687760235, "Amylase_max": -0.0003086352201573482, "Creatine Kinase, MB Isoenzyme_min": -0.0003427640030096895, "O2 Flow_max": -0.0003757665378208524, "Sodium, Urine_max": -0.0003884236268632124, "Alkaline Phosphatase_min": -0.0005086441537767324, "Monocytes_max": -0.0005745521381999836, "pO2_max": -0.0007189341398242349, "Protein_min": -0.0008377423189806041, "Tidal Volume_min": -0.0008831103676666029, "Tidal Volume_max": -0.0009112619855008358, "Platelet Count_max": -0.0024606224310895443, "Urobilinogen_min": -0.002750719893117418, "Creatinine_max": -0.00305903889406266, "Cholesterol, LDL, Calculated_min": -0.0031882458783404257, "Alveolar-arterial Gradient_min": -0.003271064387544163, "White Blood Cells_max": -0.004266481844567503, "pCO2_min": -0.00446576754739839, "Chloride_max": -0.009616267612494641, "Calcium, Total_max": -0.010944765858850326, "Base Excess_min": -0.011664887699068848, "Neutrophils_max": -0.012938056179746648, "Sodium_min": -0.013010332675113315, "Anion Gap_max": -0.013758888611326864, "Basophils_min": -0.013783805668582857, "Sodium, Whole Blood_max": -0.017989494672526835, "Bilirubin, Total_min": -0.018373031490414044, "Sodium, Whole Blood_min": -0.018432652208989635, "Thyroid Stimulating Hormone_max": -0.018654773315098634, "Free Calcium_max": -0.019453307696195327, "Monocytes_min": -0.01970852927590649, "Chloride_min": -0.0198684864396949, "Potassium_max": -0.022726711288446836, "Troponin T_min": -0.02424955272167833, "Eosinophils_max": -0.027222733940586087, "Bicarbonate_min": -0.0279140668844181, "Calculated Total CO2_min": -0.02814023798953924, "Troponin T_max": -0.0292045242267629, "Phenytoin_max": -0.03239920288221341, "Red Blood Cells_max": -0.03441394643542653, "MCHC_min": -0.03697077116302617, "Red Blood Cells_min": -0.03789603518252532, "Epithelial Cells_min": -0.04100266506227519, "MCH_max": -0.041352121413246186, "Phosphate_min": -0.0464007713083571, "Bilirubin, Indirect_max": -0.05002041606360656, "Potassium, Whole Blood_min": -0.053271460113574885, "MCHC_max": -0.057730431381647046, "Lymphocytes_min": -0.0625690295225949, "Eosinophils_min": -0.08406960259087416, "Bicarbonate_max": -0.1044378818810608, "Calcium, Total_min": -0.11710259564608658, "Hemoglobin_min": -0.1207030217959329, "Temperature_min": -0.1342547157569429, "Albumin_max": -0.13954764624451704, "Potassium, Whole Blood_max": -0.14882410419606204, "Creatinine_min": -0.1782849261537476, "Albumin_min": -0.21143362334752594}