{"Lactate_max": 0.18174850538791235, "Lactate_min": 0.1478722141409681, "Phenytoin_min": 0.10558048707077688, "PT_min": 0.06999030117150637, "Sodium_max": 0.06580367578974902, "Bilirubin, Direct_min": 0.05619513908767106, "Anion Gap_min": 0.05163976252987619, "RDW_max": 0.0462598379219984, "Vancomycin_min": 0.0430373378134045, "Bilirubin, Direct_max": 0.04178969713786578, "pCO2_max": 0.03049837161244645, "Metamyelocytes_max": 0.030477072648660918, "Myelocytes_max": 0.027282529427407196, "Bands_min": 0.025172513612970827, "Urea Nitrogen_min": 0.025121660403544615, "Metamyelocytes_min": 0.022502891642107118, "Base Excess_max": 0.020162837164104157, "Osmolality, Measured_max": 0.017655743386843555, "INR(PT)_max": 0.01720854369393044, "Sodium, Whole Blood_min": 0.015874547902329294, "CK-MB Index_min": 0.01555362202865835, "PTT_min": 0.015296501401021905, "Glucose_min": 0.015216297450890266, "Oxygen_max": 0.015186592748847916, "CK-MB Index_max": 0.014028047183208874, "INR(PT)_min": 0.013859786718348971, "White Blood Cells_max": 0.0129701304172646, "PEEP_min": 0.010477278966930993, "Epithelial Cells_max": 0.005837876674281258, "Iron_min": 0.005829002696595773, "Phosphate_max": 0.0058222780404992396, "Polys_min": 0.005342456371681956, "O2 Flow_min": 0.005316701539653056, "Potassium, Urine_min": 0.0043423907856752824, "Myelocytes_min": 0.003531419889331584, "Magnesium_max": 0.003431676525881077, "Cortisol_min": 0.0030032229706753455, "Urea Nitrogen_max": 0.00298418938047985, "Potassium, Urine_max": 0.002950107316818316, "Alveolar-arterial Gradient_max": 0.002595731031579435, "Asparate Aminotransferase (AST)_min": 0.0022626408367486216, "Vancomycin_max": 0.0022535188578766564, "Nucleated Red Cells_min": 0.0020717678705931904, "pO2_min": 0.0019706119202112264, "Polys_max": 0.001360190588374172, "WBC_max": 0.001002967323134026, "Amylase_min": 0.0009211410342810979, "Lactate Dehydrogenase (LD)_min": 0.0008205081538696584, "Fibrinogen, Functional_min": 0.0007235913409277277, "Osmolality, Urine_max": 0.0006881198919037193, "RBC_max": 0.0004536922807870928, "Osmolality, Urine_min": 0.0004168753622794612, "Oxygen Saturation_max": 0.00023256784599301163, "RBC_min": 0.00017625632985566894, "Free Calcium_min": 0.00014856454111156743, "Bands_max": 0.000148519640234044, "Alkaline Phosphatase_max": 0.00012052614740286561, "Fibrinogen, Functional_max": 0.00011449959823571455, "Lactate Dehydrogenase (LD)_max": 0.00010215920300390874, "Creatine Kinase (CK)_min": 8.346914841952894e-05, "Asparate Aminotransferase (AST)_max": 7.266920143508384e-05, "Cortisol_max": 3.120887723556298e-05, "Granulocyte Count_max": -2.9508911045164067e-06, "Ferritin_max": -4.553512421799466e-06, "Ferritin_min": -7.417455648850248e-06, "Creatine Kinase (CK)_max": -1.6710879566415986e-05, "Urea Nitrogen, Urine_max": -4.1068517906362674e-05, "Granulocyte Count_min": -4.172249494138091e-05, "WBC_min": -0.00019733913029126323, "Alanine Aminotransferase (ALT)_max": -0.0003251059342330774, "Amylase_max": -0.00033068471432674064, "Alkaline Phosphatase_min": -0.0005774314198012095, "Thyroid Stimulating Hormone_min": -0.0006595946387940278, "Protein_min": -0.0006934302346149003, "Urea Nitrogen, Urine_min": -0.0006977098586870709, "Monocytes_max": -0.0008059072717679838, "Alanine Aminotransferase (ALT)_min": -0.0009404993201888887, "Creatine Kinase, MB Isoenzyme_min": -0.0010323208261183746, "Triglycerides_min": -0.0010569142689795632, "Tidal Volume_max": -0.0010722957749836328, "Lipase_min": -0.0015771328934848171, "Cholesterol, Total_min": -0.0016905426967155786, "Creatinine, Urine_min": -0.0026091385794209383, "Required O2_min": -0.0027238566680336876, "Nucleated Red Cells_max": -0.0032831072739670838, "PEEP_max": -0.0036179745347918787, "O2 Flow_max": -0.004125422596378719, "Ketone_max": -0.004175353127950286, "Iron_max": -0.004991936060704631, "Sodium, Urine_min": -0.005752874608105503, "Temperature_max": -0.005911231111340838, "Required O2_max": -0.007516440741803675, "Base Excess_min": -0.009955568239699987, "Phenytoin_max": -0.010449107346427162, "Hematocrit, Calculated_max": -0.012043592340917588, "Osmolality, Measured_min": -0.01556009239908995, "Chloride, Whole Blood_min": -0.016908608915079944, "Thyroid Stimulating Hormone_max": -0.018680514868870995, "Troponin T_min": -0.020750962482670242, "Anion Gap_max": -0.0223976093254426, "Protein, Total_max": -0.028392458991303833, "Troponin T_max": -0.030176719316582036, "Cholesterol Ratio (Total/HDL)_max": -0.030418194035978004, "Protein, Total_min": -0.03329794155611885, "Bicarbonate_min": -0.03403707642850731, "Sodium, Whole Blood_max": -0.04226769934008054, "Uric Acid_max": -0.04423789615251143, "Epithelial Cells_min": -0.04565919128988844, "Uric Acid_min": -0.05413327856432028, "Calcium, Total_max": -0.06510980129312642, "Bicarbonate_max": -0.09065939264906443, "Monocytes_min": -0.09910058535122361, "MCHC_min": -0.13228648727595207, "Temperature_min": -0.1674301918915311, "Albumin_min": -0.1998841530799613}