{"Lactate_min": 0.21708738056523816, "Lactate_max": 0.18815813550093605, "Anion Gap_min": 0.09699495828077376, "Temperature_max": 0.09605200928701205, "Phenytoin_min": 0.07804648768320673, "Sodium_max": 0.06313925014149101, "PT_min": 0.061737482058112386, "White Blood Cells_min": 0.051757423834376794, "pCO2_max": 0.03783621808242143, "Urea Nitrogen_min": 0.02094186829291761, "Free Calcium_min": 0.019649265427177272, "PTT_min": 0.013836078542120933, "Glucose_min": 0.012399708017757126, "Chloride_max": 0.010489130242093, "Oxygen_min": 0.009496575343279407, "Lymphocytes_max": 0.006895502736876121, "Oxygen_max": 0.006337694434478514, "Potassium_max": 0.005624455577451267, "pO2_min": 0.0022274352744736017, "Urea Nitrogen_max": 0.0015295599036925453, "PTT_max": 0.0014962360444445335, "Lactate Dehydrogenase (LD)_min": 0.0007049646923606545, "Fibrinogen, Functional_max": 0.00042520331905166934, "Platelet Count_min": 0.0003977013791339053, "White Blood Cells_max": 0.00022612187740437913, "Amylase_min": 0.00016260309770945014, "Lipase_max": 2.644366191904478e-06, "Alveolar-arterial Gradient_max": -4.956142645412009e-06, "Asparate Aminotransferase (AST)_max": -2.047918009532444e-05, "Creatine Kinase (CK)_min": -2.0867059623807755e-05, "Oxygen Saturation_min": -0.0012233681056217016, "pO2_max": -0.0013321929034259485, "Osmolality, Measured_max": -0.0013642560805987823, "Tidal Volume_min": -0.0016453559169598603, "Platelet Count_max": -0.0021517349944998555, "Specific Gravity_min": -0.002306354699673006, "Base Excess_min": -0.002574503012368309, "Neutrophils_max": -0.007337031889145447, "Creatinine_max": -0.00928719711151982, "Calcium, Total_max": -0.013194421540703558, "pCO2_min": -0.01505599459817071, "Hematocrit_max": -0.039384465182270595, "Sodium_min": -0.041287202105872785, "Potassium_min": -0.0715547218277904, "Lymphocytes_min": -0.07334701699917409, "Eosinophils_max": -0.07351018795120015, "Bicarbonate_max": -0.07444929320734923, "Red Blood Cells_min": -0.14774848648575534, "Temperature_min": -0.2666465158755188, "Albumin_min": -0.5787924756188132}