{"Lactate_min": 0.18299266934611705, "Anion Gap_min": 0.14430622907772625, "Lactate_max": 0.14315987412302264, "Phenytoin_min": 0.1035782924747731, "Sodium_max": 0.07804702764747655, "Phosphate_max": 0.07549896845766157, "PT_min": 0.06888480939665337, "White Blood Cells_min": 0.03872945360299251, "Magnesium_min": 0.03859822871401916, "RDW_max": 0.037091315849035834, "pCO2_max": 0.036411941589123316, "Calcium, Total_max": 0.029640039113680523, "Urea Nitrogen_min": 0.028112052000819947, "Vancomycin_min": 0.02219299923655624, "Glucose_min": 0.013746323621657086, "Oxygen_min": 0.010189752112543072, "Free Calcium_min": 0.009034926712581498, "PTT_min": 0.009013037495047851, "Oxygen_max": 0.008615236476579916, "Osmolality, Measured_max": 0.00812437577668507, "Bands_max": 0.006665779963691889, "INR(PT)_max": 0.006177657761716165, "Polys_min": 0.0037242860480793255, "Monocytes_max": 0.002628506922303, "Cortisol_max": 0.0020878558406178874, "PTT_max": 0.001874111832010463, "pO2_min": 0.0015968664977252269, "MCV_min": 0.0012734463658599703, "Asparate Aminotransferase (AST)_min": 0.0012532683079958746, "White Blood Cells_max": 0.0011142957079192692, "Urea Nitrogen_max": 0.0008144935029523537, "Alveolar-arterial Gradient_min": 0.000507965943301851, "PT_max": 0.00037827906679889625, "RBC_min": 0.00027369515110435425, "Lipase_max": 2.6823865208283277e-06, "Creatine Kinase (CK)_max": -1.707116402793956e-05, "Platelet Count_min": -0.000334270619547563, "pO2_max": -0.00044110997017156165, "Sodium, Urine_max": -0.0006557686328131986, "Tidal Volume_min": -0.0007255371738631536, "Tidal Volume_max": -0.0007310829594084077, "Neutrophils_min": -0.0007484607558395281, "Nucleated Red Cells_max": -0.0010443188368274485, "Platelet Count_max": -0.0022156280090164945, "PEEP_max": -0.0027282879440937405, "Neutrophils_max": -0.003945940406554333, "Bicarbonate_min": -0.005121292546503572, "Base Excess_min": -0.008539956826308382, "Bilirubin, Total_max": -0.008798225650998727, "Potassium_max": -0.010940166320399899, "pCO2_min": -0.01548499668893737, "Chloride_max": -0.018969659370200478, "Potassium_min": -0.023066813275956527, "Sodium_min": -0.026451970082259593, "Monocytes_min": -0.03868182275665731, "Basophils_min": -0.04112669098153689, "MCHC_min": -0.04448057757018923, "Phosphate_min": -0.04673775676197849, "Phenytoin_max": -0.046745653229833886, "Lymphocytes_min": -0.04901961477515158, "Eosinophils_max": -0.05173903066786736, "Bicarbonate_max": -0.06124061689323508, "MCHC_max": -0.07833095289760501, "Temperature_min": -0.15025343264175134, "Calcium, Total_min": -0.22637237856996928, "Albumin_max": -0.25584094528190343, "Potassium, Whole Blood_max": -0.27283716705451855, "Red Blood Cells_min": -0.28083880909726266, "Creatinine_min": -0.349569616182491, "Albumin_min": -0.4575888926493876}