{"Lactate_max": 0.16907856313693068, "Lactate_min": 0.11954832955822521, "Anion Gap_min": 0.09377474320364396, "Phenytoin_min": 0.09094586919233355, "PT_min": 0.06515889759870892, "RDW_max": 0.05630909916027794, "Sodium_max": 0.055534245782616745, "Bilirubin, Direct_min": 0.050348210302728416, "Vancomycin_min": 0.04118196721286757, "Bilirubin, Direct_max": 0.03439947912695935, "pCO2_max": 0.031010170423424847, "Urea Nitrogen_min": 0.028951046326182624, "CK-MB Index_min": 0.02738696080317265, "Metamyelocytes_min": 0.02499386269305673, "White Blood Cells_max": 0.02212651005918115, "Bands_min": 0.01782474197469756, "Myelocytes_max": 0.017148960539363354, "PTT_min": 0.016423492985616947, "Glucose_min": 0.016315881553267166, "Osmolality, Measured_max": 0.01565797744608391, "Atypical Lymphocytes_max": 0.015459919875956846, "PEEP_min": 0.013929699481904586, "INR(PT)_min": 0.013705161117775548, "Oxygen_max": 0.013635415672495894, "Magnesium_max": 0.013278540501928397, "INR(PT)_max": 0.012981923726663088, "Polys_max": 0.007383055145048158, "Bands_max": 0.0060189870942546145, "Epithelial Cells_max": 0.0054120673740911274, "Potassium, Urine_max": 0.0047722992556898745, "Iron_min": 0.004154393767103882, "Alveolar-arterial Gradient_max": 0.0036274888256283156, "Cortisol_min": 0.0034582768112687923, "Urea Nitrogen_max": 0.002972849107669021, "Metamyelocytes_max": 0.002938800907213705, "pO2_min": 0.0025222743324331853, "Asparate Aminotransferase (AST)_min": 0.0021591740911572036, "Free Calcium_min": 0.0019315108582124913, "Creatinine, Urine_max": 0.0015366754239020117, "O2 Flow_min": 0.001487259614050351, "Polys_min": 0.0014165795352322407, "Potassium, Urine_min": 0.0010878105836574848, "Amylase_min": 0.0010063773289537557, "Osmolality, Urine_max": 0.0009853102611087333, "PT_max": 0.000796657741893144, "Alveolar-arterial Gradient_min": 0.0007298470700139585, "Lactate Dehydrogenase (LD)_min": 0.000726602645964231, "WBC_max": 0.0007158146145205014, "Fibrinogen, Functional_min": 0.0006401502828056406, "Vancomycin_max": 0.0003786429592757356, "RBC_max": 0.0003467418707727995, "Urea Nitrogen, Urine_max": 0.0003045097497277723, "WBC_min": 0.00017815157830864943, "Alkaline Phosphatase_max": 0.0001242626840716308, "Asparate Aminotransferase (AST)_max": 0.00010945830841590254, "Creatine Kinase (CK)_min": 8.582185395854377e-05, "Lactate Dehydrogenase (LD)_max": 7.482969749509873e-05, "Ferritin_min": 5.9864864766788036e-06, "Ferritin_max": -1.4603414592505822e-06, "Creatine Kinase (CK)_max": -1.4984132482140712e-05, "Granulocyte Count_max": -1.778929964514873e-05, "Vitamin B12_max": -5.134268390668211e-05, "Granulocyte Count_min": -8.536510848846254e-05, "Fibrinogen, Functional_max": -0.0001850229744801315, "Amylase_max": -0.0001885029787008475, "CK-MB Index_max": -0.00019387147318464682, "Oxygen Saturation_max": -0.000196669627196012, "RBC_min": -0.00019990498959010326, "Osmolality, Urine_min": -0.0002579135157340096, "Alkaline Phosphatase_min": -0.00033365529527768607, "Alanine Aminotransferase (ALT)_max": -0.00034745427113436547, "Triglycerides_min": -0.00036218207090976163, "Base Excess_max": -0.0005235653048368223, "Alanine Aminotransferase (ALT)_min": -0.0005445847597791983, "Protein_min": -0.0006462930418602109, "Tidal Volume_min": -0.0006917351434737916, "Triglycerides_max": -0.0007826102996465457, "Urea Nitrogen, Urine_min": -0.0007992247253385506, "Cortisol_max": -0.000989543339009841, "Tidal Volume_max": -0.0010048166449827423, "Lipase_min": -0.0010763291087868385, "Nucleated Red Cells_max": -0.001262540445009279, "Sodium, Urine_min": -0.0014399969649684606, "Cholesterol, Total_min": -0.0014967545994099682, "Creatinine, Urine_min": -0.0017658453610932812, "Base Excess_min": -0.0017712742936723967, "Thyroid Stimulating Hormone_min": -0.0020354486255480075, "tacroFK_min": -0.0021231847346741806, "O2 Flow_max": -0.0022875705926361034, "Creatine Kinase, MB Isoenzyme_min": -0.0023690846426644287, "Iron_max": -0.003176835813862208, "Phosphate_max": -0.003612790676875399, "Required O2_min": -0.0038087330559292186, "Monocytes_max": -0.004035967938593472, "PEEP_max": -0.0051052299366124345, "Sodium, Urine_max": -0.0051661972680505045, "Sodium, Whole Blood_min": -0.006505186444725846, "Calculated Total CO2_min": -0.00753007900080124, "Chloride, Whole Blood_max": -0.010967535001153045, "Cholesterol Ratio (Total/HDL)_min": -0.011228868351175298, "Phenytoin_max": -0.012498033693158796, "Cholesterol Ratio (Total/HDL)_max": -0.012515812344307629, "Thyroid Stimulating Hormone_max": -0.01607898551222627, "Required O2_max": -0.018248672443118084, "pCO2_min": -0.018357649272928662, "Troponin T_min": -0.018440055440851876, "Osmolality, Measured_min": -0.018951290456054558, "Basophils_max": -0.019228444901361615, "Protein, Total_max": -0.019836816423721572, "Anion Gap_max": -0.02109914410839218, "Sodium, Whole Blood_max": -0.02242398681595514, "Protein, Total_min": -0.02517830748597551, "Epithelial Cells_min": -0.03784770483216351, "Troponin T_max": -0.03966005865730023, "Temperature_max": -0.04417045159100035, "Uric Acid_max": -0.044936819389008155, "Uric Acid_min": -0.05458936078738876, "Calcium, Total_max": -0.05509289886892354, "Bicarbonate_min": -0.05892648510606194, "Albumin_max": -0.12286769307334713, "Potassium, Whole Blood_max": -0.14023335030885214, "Calcium, Total_min": -0.15745744745162063, "Temperature_min": -0.17011729930250452, "Albumin_min": -0.17116620248736006}