{"pH_max": 0.26103499327333934, "Lactate_max": 0.22042771836948852, "Lactate_min": 0.15900938909588766, "Phenytoin_min": 0.13470362414594958, "Bilirubin, Direct_max": 0.09671507845738819, "Anion Gap_min": 0.09408395433363965, "Sodium_max": 0.09175816759215324, "Phosphate_max": 0.06389067213071861, "PT_min": 0.0563903033820472, "Hematocrit, Calculated_min": 0.05087933180336078, "White Blood Cells_min": 0.04871147858948256, "Temperature_max": 0.045411695002121874, "CK-MB Index_min": 0.03937677436323965, "pCO2_max": 0.03774104653778176, "MCH_min": 0.028794547981954768, "Magnesium_max": 0.025299148711150875, "Urobilinogen_max": 0.02476136921696379, "MCV_min": 0.024523014671496042, "Myelocytes_max": 0.023918300640524016, "Urea Nitrogen_min": 0.02335289970513918, "Vancomycin_min": 0.020727682310033246, "RDW_max": 0.020114175147879765, "Basophils_max": 0.018117309759611323, "Osmolality, Measured_max": 0.017533420909353135, "Glucose_min": 0.01463006806113767, "PTT_min": 0.011041633097331536, "Oxygen_min": 0.01051789378859685, "INR(PT)_min": 0.01034047199489065, "Oxygen_max": 0.007386736204495877, "Bands_max": 0.006829649170064697, "Sodium, Whole Blood_min": 0.004107546307245459, "Vancomycin_max": 0.003202677435081732, "Lymphocytes_max": 0.003122318160015839, "O2 Flow_max": 0.0031056381054706053, "Epithelial Cells_max": 0.00289630019315886, "Asparate Aminotransferase (AST)_min": 0.002539553371000185, "PT_max": 0.0023623842118838372, "PTT_max": 0.002104341756495539, "Alveolar-arterial Gradient_max": 0.0018393222406593401, "pO2_min": 0.001815200745966156, "Hematocrit_min": 0.0016634366622368143, "Specific Gravity_max": 0.0010649341920333814, "Amylase_min": 0.0010609535643026878, "Lactate Dehydrogenase (LD)_min": 0.0006468907417247788, "Platelet Count_min": 0.0006252654980024547, "Osmolality, Urine_max": 0.0006150114561078488, "Fibrinogen, Functional_min": 0.00046439140498293936, "Osmolality, Urine_min": 0.0003836378978405624, "WBC_max": 0.0003558398903376709, "White Blood Cells_max": 0.00035000428495301827, "Hematocrit_max": 0.00015809698715154997, "Oxygen Saturation_max": 0.00015797276525303107, "Asparate Aminotransferase (AST)_max": 0.00013789091373040348, "Fibrinogen, Functional_max": 3.90631862605854e-05, "Nucleated Red Cells_max": 3.238457203058058e-05, "Alkaline Phosphatase_max": 2.689154455869291e-05, "Lipase_max": 3.420070902853797e-06, "Ferritin_max": -2.0520287981344034e-06, "Urea Nitrogen, Urine_max": -6.671326114818999e-06, "Creatine Kinase (CK)_max": -1.0704018674596584e-05, "Granulocyte Count_min": -6.359469942138347e-05, "Glucose_max": -0.00011022486145226179, "Creatine Kinase, MB Isoenzyme_min": -0.00023029303064659216, "Chloride, Whole Blood_max": -0.00024169420721219763, "Vitamin B12_min": -0.0002883621153107772, "Alkaline Phosphatase_min": -0.0003157236227177109, "Alanine Aminotransferase (ALT)_max": -0.00032818541399456816, "Amylase_max": -0.00044351946230843846, "pO2_max": -0.00046687912303317085, "Urea Nitrogen, Urine_min": -0.000512141048313275, "Protein_max": -0.0005315420371968133, "Triglycerides_min": -0.0005527829336619002, "Protein_min": -0.0005877335115754674, "Triglycerides_max": -0.0006319698202593663, "Alveolar-arterial Gradient_min": -0.0006659695298104649, "WBC_min": -0.0007918477550499332, "Neutrophils_min": -0.0008288649086628502, "Neutrophils_max": -0.0009579135291375649, "Lipase_min": -0.0010926284370243635, "Urea Nitrogen_max": -0.0011444320718285662, "Tidal Volume_min": -0.0011609657940282808, "Alanine Aminotransferase (ALT)_min": -0.0012903505451904464, "Cholesterol, LDL, Calculated_min": -0.0018797712376349416, "Ketone_max": -0.0019922842112511012, "Sodium, Urine_max": -0.002027730026603941, "Platelet Count_max": -0.002325974010811795, "Required O2_max": -0.002338451656231669, "Oxygen Saturation_min": -0.0030131240264618356, "Base Excess_min": -0.003591241265397965, "Sodium, Urine_min": -0.005102308887271586, "Transferrin_max": -0.005355711598371541, "Phenytoin_max": -0.00605665494163493, "INR(PT)_max": -0.0074074731045212835, "Bilirubin, Total_max": -0.007552580535555972, "Thyroid Stimulating Hormone_min": -0.01249939091757875, "Chloride_max": -0.013390491115007022, "Calcium, Total_max": -0.013831933144641826, "Sodium_min": -0.01385545160053983, "Red Blood Cells_min": -0.014027734525029862, "Osmolality, Measured_min": -0.014408298064226612, "pCO2_min": -0.014799620139063748, "MCV_max": -0.015136989635232077, "Potassium_min": -0.01616869927369232, "Basophils_min": -0.022295203005011345, "Sodium, Whole Blood_max": -0.022595322481183528, "Bicarbonate_min": -0.025706258572918163, "Chloride_min": -0.028628090427549248, "Potassium_max": -0.03114342508250803, "Hemoglobin_max": -0.03192910850996073, "Hematocrit, Calculated_max": -0.03343971883321617, "pH_min": -0.03957217244586627, "Monocytes_min": -0.04006676982989249, "Troponin T_min": -0.04021547400356461, "Lymphocytes_min": -0.04223388121295902, "Troponin T_max": -0.042872072939775574, "Bilirubin, Total_min": -0.044105726577750685, "Anion Gap_max": -0.04593198105446141, "Phosphate_min": -0.05555242428729058, "MCHC_max": -0.06255380266302674, "Potassium, Whole Blood_min": -0.06891329366347729, "Eosinophils_max": -0.07220956902851891, "MCHC_min": -0.07470844409535166, "Bilirubin, Indirect_max": -0.086070415652784, "Bicarbonate_max": -0.09886441738603027, "Hemoglobin_min": -0.11607285728919317, "Calcium, Total_min": -0.13369851900385238, "Albumin_max": -0.135930772531616, "Temperature_min": -0.1511579666633896, "Potassium, Whole Blood_max": -0.1576976495249686, "Albumin_min": -0.19967124318925394}