{"Lactate_max": 0.1552034631139504, "Lactate_min": 0.15194229250723257, "Phenytoin_min": 0.1214165927693068, "Anion Gap_min": 0.0948397038233526, "Sodium_max": 0.07750815702751217, "PT_min": 0.05762718272003538, "Phosphate_max": 0.055401857504253076, "White Blood Cells_min": 0.05263647037609287, "pCO2_max": 0.03652832116892811, "Bilirubin, Total_max": 0.036348835251707255, "Red Blood Cells_max": 0.031509442756572484, "Atypical Lymphocytes_max": 0.02650313247007239, "Urea Nitrogen_min": 0.021078046047455598, "INR(PT)_min": 0.016132764472965834, "INR(PT)_max": 0.014246280362564902, "Glucose_min": 0.013847077054153818, "MCV_min": 0.013679353137480348, "PTT_min": 0.011856363773444232, "Oxygen_max": 0.010388624439407778, "Hematocrit, Calculated_max": 0.010145065871740218, "Osmolality, Measured_max": 0.009354224927699627, "Oxygen_min": 0.009029341705977505, "Potassium, Urine_max": 0.007740890135774324, "Magnesium_min": 0.005736025446241608, "Magnesium_max": 0.0036447892842261477, "Nucleated Red Cells_min": 0.0032433412838330376, "PTT_max": 0.0026356125294670785, "Chloride_max": 0.0022794747168701952, "Lymphocytes_max": 0.002200757303506, "pO2_min": 0.0019691046547647643, "Cortisol_min": 0.001624596917993178, "Alveolar-arterial Gradient_max": 0.0015429923358072932, "Sodium, Urine_max": 0.0015065388718219657, "Asparate Aminotransferase (AST)_min": 0.0014800869451987368, "Specific Gravity_max": 0.0013980589650242454, "Specific Gravity_min": 0.0007107651616590587, "Lactate Dehydrogenase (LD)_min": 0.0005725886661548698, "Fibrinogen, Functional_min": 0.000493067751668736, "White Blood Cells_max": 0.00017004176122398218, "O2 Flow_max": 9.415935835881874e-05, "Creatine Kinase (CK)_min": 5.472788999325266e-05, "Lactate Dehydrogenase (LD)_max": 2.7932709991654305e-05, "Lipase_max": 2.3694682727322676e-06, "Creatine Kinase (CK)_max": -1.2893142705744006e-05, "Glucose_max": -5.815025335561807e-05, "Oxygen Saturation_min": -0.00021027105070961255, "Creatinine, Urine_max": -0.00029473601351495313, "pO2_max": -0.0005122218844696705, "Neutrophils_min": -0.0005228615772463418, "Protein_min": -0.0005770455048688568, "Platelet Count_min": -0.000610437213063197, "Tidal Volume_max": -0.0007358601544601535, "Tidal Volume_min": -0.0007967976744282015, "Creatine Kinase, MB Isoenzyme_max": -0.0008445088551397884, "Platelet Count_max": -0.002037559968620928, "PT_max": -0.002044927401035548, "PEEP_max": -0.0026942121304599238, "Ketone_max": -0.003101211737722146, "Monocytes_max": -0.003215249154211333, "Sodium, Urine_min": -0.0046328797925077065, "Creatinine_max": -0.004754589325577159, "Neutrophils_max": -0.005530112253199592, "Chloride_min": -0.006650866651531229, "Base Excess_min": -0.007426523235392551, "Osmolality, Measured_min": -0.010586506775874685, "Potassium_max": -0.011412036675890946, "Sodium, Whole Blood_max": -0.011750810690934395, "Thyroid Stimulating Hormone_min": -0.016580236104318673, "Red Blood Cells_min": -0.01904361007369882, "pCO2_min": -0.020829356197734773, "Sodium_min": -0.021046396346321862, "Free Calcium_max": -0.021601625830411034, "Basophils_min": -0.022176292748773894, "Monocytes_min": -0.022322528305032424, "Potassium_min": -0.02322910082712911, "Eosinophils_max": -0.038168909596050536, "Bilirubin, Indirect_max": -0.04740092299410492, "Troponin T_min": -0.050077109195266006, "Lymphocytes_min": -0.05321645448389199, "Bilirubin, Total_min": -0.055882190848347627, "Hemoglobin_max": -0.07477216457582372, "Bicarbonate_max": -0.07593152271399445, "Phosphate_min": -0.08016251123416561, "Hemoglobin_min": -0.09349616256636466, "Eosinophils_min": -0.09941411057622151, "MCHC_max": -0.13086541071707597, "Temperature_min": -0.15082057724289674, "Albumin_max": -0.17097296117850416, "Potassium, Whole Blood_max": -0.205996648059152, "Albumin_min": -0.26075996875550866}