{"pH_max": 0.2481717153802521, "Lactate_min": 0.15335806587745765, "Lactate_max": 0.14209975647909256, "Phenytoin_min": 0.11260877776946696, "Anion Gap_min": 0.10618185769215019, "Sodium_max": 0.07344953895846269, "Phosphate_max": 0.06993746572651927, "PT_min": 0.05407708992173564, "Atypical Lymphocytes_max": 0.04781766347004928, "Temperature_max": 0.04544117761941237, "White Blood Cells_min": 0.03910835654438157, "pCO2_max": 0.0354860877280999, "Required O2_min": 0.03398812863367736, "Base Excess_max": 0.03336516183919249, "CK-MB Index_min": 0.031984031582949046, "Bilirubin, Total_max": 0.031461679047140007, "MCV_min": 0.028868758777932543, "RDW_max": 0.027161636155650027, "Vancomycin_min": 0.026581117798157236, "Urea Nitrogen_min": 0.025605936995671902, "Magnesium_max": 0.018910872924967584, "Basophils_max": 0.016124374463441275, "Bands_min": 0.014590630591167076, "Glucose_min": 0.013214888631764121, "Atypical Lymphocytes_min": 0.012132214232466354, "Osmolality, Measured_max": 0.012021742953347857, "PTT_min": 0.011352186482810118, "Oxygen_min": 0.009357372992005234, "INR(PT)_min": 0.008825756781968334, "Potassium, Urine_max": 0.008445035520435571, "Sodium, Whole Blood_min": 0.008235563939226701, "Oxygen_max": 0.008018930542925028, "Hematocrit, Calculated_max": 0.007827432636806351, "INR(PT)_max": 0.007610832105024841, "Cholesterol, HDL_min": 0.006791098298842326, "Neutrophils_min": 0.005328109493780021, "Bands_max": 0.005281882926732405, "Calcium, Total_max": 0.00490341181098667, "Free Calcium_min": 0.004864993513903334, "White Blood Cells_max": 0.00451696695156818, "Magnesium_min": 0.003032150430411992, "pO2_min": 0.0028127339006182813, "Asparate Aminotransferase (AST)_min": 0.0024151529054838986, "Urea Nitrogen_max": 0.0022554894345823587, "Cortisol_min": 0.0019489271811107235, "RDW_min": 0.0018830191121602454, "PTT_max": 0.0018481175561372843, "Oxygen Saturation_min": 0.0015808248360685772, "Alveolar-arterial Gradient_max": 0.001350537656091612, "Amylase_min": 0.001146530918129872, "Specific Gravity_max": 0.0007550490289686663, "WBC_max": 0.0007492275177045671, "Osmolality, Urine_min": 0.0007051454746837684, "Lymphocytes_max": 0.0005795859828950842, "Lactate Dehydrogenase (LD)_min": 0.0005756134358851356, "PT_max": 0.00047754187020807867, "Urobilinogen_max": 0.0004634557149775188, "RBC_max": 0.00033022706316052216, "Specific Gravity_min": 0.00025586823363205275, "Fibrinogen, Functional_max": 0.0002451292426564882, "Oxygen Saturation_max": 0.0002291397658371965, "Urea Nitrogen, Urine_max": 0.00012477906994709176, "Platelet Count_min": 0.00012086737363156261, "Vancomycin_max": 8.95561664775826e-05, "Lactate Dehydrogenase (LD)_max": 8.621311731868048e-05, "Creatine Kinase (CK)_min": 6.930710500131067e-05, "Lipase_max": 2.5982886169903682e-06, "Ferritin_max": -1.4845732884526076e-07, "Creatine Kinase (CK)_max": -1.2692480543533449e-05, "Ferritin_min": -4.1117407705022296e-05, "Asparate Aminotransferase (AST)_max": -5.048050187340858e-05, "Glucose_max": -9.132568451506896e-05, "Chloride, Whole Blood_min": -9.234011856223306e-05, "Alkaline Phosphatase_max": -0.0001443631420425009, "Hematocrit_min": -0.0002659296805948558, "Creatinine, Urine_min": -0.0003210512200286311, "Alkaline Phosphatase_min": -0.00036881069070206, "Amylase_max": -0.0003851371254487421, "Sodium, Urine_max": -0.00045609418855417297, "Protein_max": -0.0004818341379776391, "Triglycerides_min": -0.0005596700674628098, "Tidal Volume_min": -0.0006806707051196738, "Urea Nitrogen, Urine_min": -0.0007582405425523099, "Nucleated Red Cells_max": -0.0008227695556989479, "Tidal Volume_max": -0.0009167354108417593, "Creatine Kinase, MB Isoenzyme_max": -0.0010941396520515582, "Cholesterol, LDL, Calculated_min": -0.001105720245181626, "pO2_max": -0.0011854624767414996, "WBC_min": -0.0012369943073088112, "Lipase_min": -0.0012635741230052862, "Alanine Aminotransferase (ALT)_min": -0.0013830663007809762, "Monocytes_max": -0.0015473717820639803, "Platelet Count_max": -0.002405886898912906, "Sodium, Urine_min": -0.002806144959799491, "Iron Binding Capacity, Total_max": -0.003244583998596991, "Required O2_max": -0.0034976815908218228, "Potassium, Urine_min": -0.003909994434814183, "Ketone_max": -0.004420986906997543, "Alveolar-arterial Gradient_min": -0.004658405361162447, "pCO2_min": -0.005271268952862714, "PEEP_max": -0.006732829867931301, "Bicarbonate_min": -0.008950329587298654, "Hematocrit_max": -0.009606992980302102, "Chloride_max": -0.00987870166134101, "Sodium_min": -0.011429736105093227, "Base Excess_min": -0.011800440055963765, "MCV_max": -0.014019829955498764, "Thyroid Stimulating Hormone_max": -0.014324930262247943, "Basophils_min": -0.014399568573953149, "Monocytes_min": -0.016300967665935737, "Anion Gap_max": -0.01666749875785425, "Red Blood Cells_min": -0.016844662261311743, "Chloride, Whole Blood_max": -0.019245840140225255, "Phenytoin_max": -0.01938014863524636, "Protein, Total_min": -0.020412643518850148, "Eosinophils_max": -0.023165007136110558, "Sodium, Whole Blood_max": -0.023378975179962697, "Chloride_min": -0.02445151063664375, "Potassium_min": -0.02588363538302186, "Potassium_max": -0.026209914037910197, "pH_min": -0.03131575490013429, "Hemoglobin_max": -0.03884633102521965, "Lymphocytes_min": -0.039194577605120025, "Calculated Total CO2_min": -0.04293562133345918, "Bilirubin, Total_min": -0.043893719443907325, "Potassium, Whole Blood_min": -0.0510373289257288, "Phosphate_min": -0.05799394748593445, "Eosinophils_min": -0.06893995046190982, "Bilirubin, Indirect_max": -0.06930680014394965, "MCHC_min": -0.07263048639217157, "Hemoglobin_min": -0.07890481224353452, "MCHC_max": -0.08470109557011625, "Uric Acid_min": -0.09008418940627397, "Bicarbonate_max": -0.10193378739000623, "Creatinine_max": -0.10907948923455647, "Creatinine_min": -0.13723795465642577, "Albumin_max": -0.1409322751216851, "Calcium, Total_min": -0.14268344667873045, "Temperature_min": -0.1480346266309519, "Albumin_min": -0.2087926674101008}