{"Alveolar-arterial Gradient_min": -0.7497681251779729, "Transferrin_max": -0.6516353858267111, "Albumin_min": -0.6514527907552156, "Osmolality, Measured_min": -0.4065314130497595, "Cholesterol, Total_max": -0.3972970039017562, "Protein, Total_min": -0.39227614133370303, "Cholesterol, LDL, Calculated_max": -0.34732888829560843, "Phenytoin_max": -0.33251479452893506, "Uric Acid_min": -0.3230197350045656, "mca_8": -0.3177315927378294, "Bicarbonate_min": -0.2610795320374241, "Temperature_min": -0.25887705622900836, "Alanine Aminotransferase (ALT)_min": -0.24395206529243743, "Creatine Kinase, MB Isoenzyme_max": -0.23006299548888962, "Tidal Volume_max": -0.21952124517809732, "Epithelial Cells_min": -0.1965001581842994, "Creatinine, Urine_min": -0.18995187482493706, "Urea Nitrogen, Urine_min": -0.16455803507517136, "Thyroid Stimulating Hormone_max": -0.16023399314715892, "Chloride, Whole Blood_max": -0.15581163979196197, "Tidal Volume_min": -0.14521210996782224, "Sodium, Urine_max": -0.14466082257212787, "Triglycerides_min": -0.12949645290448883, "Granulocyte Count_min": -0.12813626039990342, "O2 Flow_max": -0.12631676476796283, "Amylase_max": -0.12055731175065139, "Hematocrit, Calculated_max": -0.11835597634699217, "Asparate Aminotransferase (AST)_max": -0.11269784012735226, "Cholesterol, HDL_max": -0.10410113063310553, "Calculated Total CO2_min": -0.09912988955902857, "Base Excess_max": -0.09089263500910223, "Monocytes_max": -0.08705382163569568, "Troponin T_min": -0.08514850117585873, "Creatine Kinase (CK)_max": -0.07485490747485186, "Urea Nitrogen_max": -0.07013163116326337, "pCO2_min": -0.06663109028845915, "Fibrinogen, Functional_max": -0.06629971645809643, "Protein_min": -0.06483172721792643, "Lipase_min": -0.06246306190830897, "Urobilinogen_min": -0.05938838191704238, "Nucleated Red Cells_max": -0.05657755183089329, "Sodium, Urine_min": -0.04832412056824264, "Triglycerides_max": -0.04804096086212795, "PEEP_max": -0.047035838122573344, "Vitamin B12_max": -0.0374674819034624, "Oxygen Saturation_min": -0.034209647569575716, "Alveolar-arterial Gradient_max": -0.03038196005719112, "Oxygen Saturation_max": -0.02690634269951421, "Granulocyte Count_max": -0.024960633690942275, "Sodium, Whole Blood_max": -0.022278040193809287, "Alkaline Phosphatase_min": -0.013870535916545718, "Cortisol_max": -0.013051326586516348, "CK-MB Index_min": -0.012767559968568301, "Vancomycin_max": -0.0064509634578248055, "Osmolality, Urine_min": -0.0049974733904352715, "Cholesterol Ratio (Total/HDL)_max": -0.0048243579613692035, "RBC_min": -0.0009299454471386205, "Myelocytes_min": -0.00029805606800270047, "Alkaline Phosphatase_max": 0.000899925709760602, "Sodium, Whole Blood_min": 0.0024367274074255695, "Metamyelocytes_max": 0.0026923539258981973, "Phosphate_max": 0.006198771151593186, "Base Excess_min": 0.007654131554616408, "Magnesium_max": 0.008364739105927619, "Potassium, Urine_min": 0.012535805231340546, "PT_max": 0.013375685834487772, "Ferritin_max": 0.01699103442045231, "Urea Nitrogen, Urine_max": 0.01895482725207905, "Iron_min": 0.020335254379208405, "WBC_min": 0.02095343324798402, "INR(PT)_max": 0.022183898436123436, "Bands_max": 0.030661765921584726, "Metamyelocytes_min": 0.03463028389360951, "RBC_max": 0.035895743575146265, "Iron_max": 0.03868792792995999, "Uric Acid_max": 0.040281403610404526, "WBC_max": 0.0411672826969346, "Atypical Lymphocytes_max": 0.04780461944265084, "Anion Gap_max": 0.04929351336019606, "Myelocytes_max": 0.0525173658826639, "Epithelial Cells_max": 0.05321566074375817, "PT_min": 0.05823087351180378, "Cholesterol Ratio (Total/HDL)_min": 0.06281856841064846, "Thyroid Stimulating Hormone_min": 0.06835653184252441, "PEEP_min": 0.06897285073400679, "Urobilinogen_max": 0.07077777321634506, "Bands_min": 0.0729312262330668, "Free Calcium_min": 0.07328028559236713, "Polys_max": 0.07482502339963708, "Creatine Kinase, MB Isoenzyme_min": 0.0756866996456195, "Amylase_min": 0.08103933217154954, "Cortisol_min": 0.0938423769386071, "RDW_max": 0.09548058826161143, "Creatinine, Urine_max": 0.09591389472215783, "Potassium, Urine_max": 0.09821127317666775, "Creatine Kinase (CK)_min": 0.09885758860656857, "O2 Flow_min": 0.10305706984443738, "Polys_min": 0.1093498060713116, "Bilirubin, Direct_max": 0.11325477027364622, "Osmolality, Urine_max": 0.11748430633966758, "PTT_min": 0.12154538299801186, "Fibrinogen, Functional_min": 0.12852936140841364, "pO2_min": 0.14466578150798226, "Bilirubin, Direct_min": 0.1631646882220254, "Temperature_max": 0.16499901143262632, "Lactate Dehydrogenase (LD)_max": 0.16528406996943826, "White Blood Cells_max": 0.16883525394462917, "CK-MB Index_max": 0.1836159773776215, "INR(PT)_min": 0.1927426026756156, "Vancomycin_min": 0.22014635348782394, "Required O2_max": 0.22037725594510266, "Cholesterol, LDL, Calculated_min": 0.23570360182083241, "Sodium_max": 0.23903772541632623, "mca_1": 0.23980258964038645, "Oxygen_max": 0.25993373289431704, "Oxygen_min": 0.27492341585630165, "Lactate_min": 0.28117236617997987, "Cholesterol, Total_min": 0.2834538400242741, "mca_7": 0.29640517346111817, "Specific Gravity_min": 0.30202386147887306, "Cholesterol, HDL_min": 0.3382379357105906, "Protein, Total_max": 0.3443937880016584, "Lactate_max": 0.38063271682761635, "Lactate Dehydrogenase (LD)_min": 0.388227547388854, "Osmolality, Measured_max": 0.468504696829947, "Transferrin_min": 0.47808933202093284, "Glucose_min": 0.4903131312788497, "pCO2_max": 0.4989792653600576, "Urea Nitrogen_min": 0.5313629880519912, "Asparate Aminotransferase (AST)_min": 0.6615320524038686, "Phenytoin_min": 0.703476990231581, "Required O2_min": 0.7191392058439823}