{"Lactate_min": 0.17691241896941876, "Lactate_max": 0.12861915597892662, "Anion Gap_min": 0.10765416260758957, "Phenytoin_min": 0.0696066563999665, "PT_min": 0.06785719478375567, "Phosphate_max": 0.06480358436128787, "Sodium_max": 0.06292884312605669, "Bilirubin, Direct_max": 0.059404752872861274, "White Blood Cells_min": 0.04967985942221621, "RDW_min": 0.04681242153948004, "pCO2_max": 0.035741768631733006, "Urea Nitrogen_min": 0.03030251329331259, "PTT_min": 0.013144392307004022, "Glucose_min": 0.012456735723807334, "Oxygen_max": 0.012247752067839795, "Bands_max": 0.009115228034050016, "Vancomycin_max": 0.0067712581928546876, "Polys_min": 0.003210437860417907, "pO2_min": 0.002780527122682142, "Lymphocytes_max": 0.0027336297850006183, "Asparate Aminotransferase (AST)_min": 0.0026132530059649675, "Required O2_max": 0.0025044871628589387, "PTT_max": 0.0020490482968109655, "White Blood Cells_max": 0.0006407410902976387, "Lactate Dehydrogenase (LD)_min": 0.0005083949288923591, "Fibrinogen, Functional_max": 0.0002537250044945147, "Lactate Dehydrogenase (LD)_max": 5.977957774353429e-05, "Creatine Kinase (CK)_max": -2.0262072566036208e-05, "Asparate Aminotransferase (AST)_max": -6.345760936605066e-05, "Glucose_max": -9.100334369641787e-05, "Alkaline Phosphatase_min": -0.0003651055912144409, "Oxygen Saturation_min": -0.0006251415946402533, "Tidal Volume_min": -0.0008337333785013714, "Urea Nitrogen_max": -0.0010146409022439929, "Tidal Volume_max": -0.001133964114852917, "pO2_max": -0.0013451432885854253, "Osmolality, Measured_max": -0.0015979200566350292, "Alanine Aminotransferase (ALT)_min": -0.0017084529794913182, "Platelet Count_max": -0.0022340812718591825, "PEEP_max": -0.002265835398992212, "Specific Gravity_max": -0.00268006415913723, "Base Excess_min": -0.0028595010208838775, "Neutrophils_max": -0.0041263736022454775, "Chloride_max": -0.004270870834633491, "Specific Gravity_min": -0.004752234404462695, "pCO2_min": -0.006239256125816984, "Bilirubin, Total_max": -0.016971331408055578, "Calcium, Total_max": -0.02281298889416777, "Calculated Total CO2_min": -0.027902640736476726, "Hematocrit_min": -0.034344031514242306, "Chloride_min": -0.035485778954170155, "Eosinophils_max": -0.03602728166504286, "Bilirubin, Total_min": -0.04003989219308333, "Lymphocytes_min": -0.053918989262770396, "Eosinophils_min": -0.07485450994880755, "Bicarbonate_max": -0.09036908874737837, "Phosphate_min": -0.11532771423931085, "Temperature_min": -0.20712721744667256, "Creatinine_min": -0.26438504291908393, "Albumin_min": -0.5473164897200113}