{"pH_max": 0.4818110612146256, "Lactate_min": 0.21284962412998767, "Lactate_max": 0.13823659068670036, "Temperature_max": 0.13178145098582855, "Anion Gap_min": 0.12236498593120165, "Phenytoin_min": 0.10777488811189886, "MCH_min": 0.08687133731991406, "Sodium_max": 0.07925698496087959, "Phosphate_max": 0.07759690576431486, "PT_min": 0.06207464388590192, "Bilirubin, Direct_max": 0.05123092492602636, "White Blood Cells_min": 0.04886646338110297, "Red Blood Cells_max": 0.0481505974832401, "Magnesium_min": 0.048098550787421146, "RDW_max": 0.04799680583813551, "Metamyelocytes_min": 0.04291665414127226, "pCO2_max": 0.03782313859183594, "Magnesium_max": 0.033997327035513496, "Urea Nitrogen_min": 0.033552708181642854, "Atypical Lymphocytes_max": 0.03247339455856278, "Calcium, Total_max": 0.027729851907923552, "CK-MB Index_min": 0.01857049781070265, "Free Calcium_min": 0.015247306570873772, "Thyroid Stimulating Hormone_min": 0.014944898971184927, "Osmolality, Measured_max": 0.013959993484255638, "Glucose_min": 0.013407047155039625, "PTT_min": 0.013339931880965267, "PEEP_min": 0.012700413525937279, "Oxygen_min": 0.011272802654665112, "INR(PT)_max": 0.008651334879239329, "CK-MB Index_max": 0.008156075366421994, "Oxygen_max": 0.007077110496492098, "Potassium_max": 0.006777166429203341, "Neutrophils_min": 0.005249405192278036, "Bands_max": 0.005240799823727711, "Bilirubin, Total_max": 0.004270245139131333, "Vancomycin_max": 0.0038807136934752933, "O2 Flow_min": 0.002834956000150259, "Specific Gravity_max": 0.002579281816915515, "MCV_min": 0.002357358827871761, "Hematocrit, Calculated_max": 0.0019069520764561933, "pO2_min": 0.001698587368391108, "Monocytes_max": 0.0016923867016454416, "Iron_max": 0.0015352513835851273, "Specific Gravity_min": 0.0014343571613275828, "PTT_max": 0.001393827953959443, "Amylase_min": 0.00120330631545868, "Asparate Aminotransferase (AST)_min": 0.001002370558565034, "Lymphocytes_max": 0.0008189582588239892, "Osmolality, Urine_max": 0.0007093740532373476, "Platelet Count_min": 0.0005596207879189814, "Alveolar-arterial Gradient_max": 0.0005552815421872171, "Lactate Dehydrogenase (LD)_min": 0.0004990743172923707, "WBC_max": 0.000335144543518492, "Fibrinogen, Functional_min": 0.00027727294391122946, "RBC_max": 0.00027218434129410715, "RBC_min": 0.0001286056710006679, "Oxygen Saturation_max": 0.00011921004686808253, "Alveolar-arterial Gradient_min": 9.84308136320348e-05, "Lactate Dehydrogenase (LD)_max": 7.341539329819652e-05, "Alkaline Phosphatase_max": 5.331001748786474e-05, "Creatine Kinase (CK)_min": 2.0089541563430996e-05, "Lipase_max": 2.9614021717425375e-06, "Asparate Aminotransferase (AST)_max": -7.235400104902825e-05, "Glucose_max": -0.00011391945042187393, "Amylase_max": -0.00031456649766450933, "Protein_max": -0.00041863758609665815, "Alkaline Phosphatase_min": -0.0004290709550865023, "Triglycerides_max": -0.0004931138937604632, "pO2_max": -0.0005435639535423651, "Tidal Volume_min": -0.0005943852096336868, "Lipase_min": -0.0008963951327127025, "PT_max": -0.0009456110552281695, "Tidal Volume_max": -0.0010666003255859545, "Oxygen Saturation_min": -0.0016287148369443514, "Urea Nitrogen_max": -0.0017184922230863624, "Creatinine_max": -0.002411569157956743, "Base Excess_min": -0.0024573983171912277, "Iron Binding Capacity, Total_max": -0.00267700259104164, "Platelet Count_max": -0.002685029837068048, "Potassium_min": -0.002685660170350172, "Urobilinogen_min": -0.002806452492443609, "White Blood Cells_max": -0.004211716697048262, "Neutrophils_max": -0.005454094823925859, "pCO2_min": -0.006473213118940369, "PEEP_max": -0.0066087383980099786, "Hematocrit_max": -0.009104329360644163, "Anion Gap_max": -0.010239385900587126, "Bicarbonate_min": -0.011397943833770574, "Eosinophils_max": -0.012813303421172722, "Osmolality, Measured_min": -0.014298415724375901, "MCV_max": -0.01535928410206996, "Free Calcium_max": -0.018238674646408676, "Red Blood Cells_min": -0.01985500108836876, "Chloride_max": -0.024541020944758685, "Thyroid Stimulating Hormone_max": -0.02740203760097546, "Basophils_min": -0.02800687113910016, "Calculated Total CO2_min": -0.029975561789082384, "Chloride_min": -0.030661048748221162, "Monocytes_min": -0.031667879316737396, "RDW_min": -0.036874454665758234, "Bilirubin, Indirect_max": -0.03947549444134948, "Potassium, Whole Blood_min": -0.04048559672405954, "Protein, Total_min": -0.04415199492710553, "Bilirubin, Total_min": -0.04689204827760613, "Lymphocytes_min": -0.04694164696358288, "Hemoglobin_max": -0.0586710137289108, "Phosphate_min": -0.06773038718936905, "MCHC_min": -0.07583670095607371, "Hemoglobin_min": -0.0874563931642049, "Eosinophils_min": -0.08938712734885414, "Bicarbonate_max": -0.09408512797946306, "pH_min": -0.09868230089429092, "MCHC_max": -0.1337844083542289, "Temperature_min": -0.19406919507608827, "Calcium, Total_min": -0.20690798937598537, "Albumin_max": -0.23202232542738996, "Potassium, Whole Blood_max": -0.26272028395755864, "Creatinine_min": -0.35061389590443925, "Albumin_min": -0.3868944785080939}