{"Lactate_min": 0.21073503263911442, "Lactate_max": 0.1821115355868912, "Phenytoin_min": 0.1488704228436838, "Anion Gap_min": 0.09305431184404614, "Sodium_max": 0.06379294996723443, "Bilirubin, Direct_min": 0.06087608652018303, "PT_min": 0.058553982476989265, "Myelocytes_max": 0.05762626439325149, "Vancomycin_min": 0.036488240611874896, "Bilirubin, Direct_max": 0.03419212058717055, "pCO2_max": 0.03230915815771463, "Metamyelocytes_min": 0.028222354389753027, "CK-MB Index_min": 0.02710392970423447, "Urea Nitrogen_min": 0.027009605053836448, "CK-MB Index_max": 0.02331121567647642, "Bands_min": 0.02101973916935395, "PTT_min": 0.01736334807068227, "PEEP_min": 0.016206611576322055, "Magnesium_max": 0.016186796724980572, "INR(PT)_max": 0.015247876232626823, "Osmolality, Measured_max": 0.014944729230944634, "Glucose_min": 0.014814182553804721, "Oxygen_max": 0.014542241916275228, "INR(PT)_min": 0.013870203350057557, "White Blood Cells_min": 0.013464133300149441, "White Blood Cells_max": 0.0123822024434499, "Urobilinogen_min": 0.011944137742756225, "Epithelial Cells_max": 0.008548956442397997, "Potassium, Urine_max": 0.008479539760874963, "Atypical Lymphocytes_max": 0.007382026867032992, "Bands_max": 0.006908973048675735, "Calculated Total CO2_min": 0.0058902837545064856, "Polys_max": 0.004935494739343156, "Urea Nitrogen_max": 0.004329437967113611, "Metamyelocytes_max": 0.0038366508187781764, "Nucleated Red Cells_min": 0.002649471198516895, "Iron_min": 0.002598915824775395, "Polys_min": 0.002298739660055136, "Cortisol_max": 0.002297229815266476, "Alveolar-arterial Gradient_max": 0.0022205766223302175, "O2 Flow_min": 0.002189945415048077, "Asparate Aminotransferase (AST)_min": 0.0019585626714478956, "Cholesterol, HDL_min": 0.0019253525371523493, "pO2_min": 0.001874560784803717, "PT_max": 0.0018586771949920444, "Free Calcium_min": 0.0015001187485773042, "Osmolality, Urine_max": 0.0014646368336957841, "Creatine Kinase, MB Isoenzyme_min": 0.0013288171817762416, "Lactate Dehydrogenase (LD)_min": 0.0007956217242679493, "Amylase_min": 0.0007443102088484731, "Fibrinogen, Functional_min": 0.0006352278412642939, "WBC_max": 0.0006346322902145398, "Required O2_min": 0.0006220715947529043, "RBC_max": 0.00047709709335023786, "Alkaline Phosphatase_max": 0.00016942007075692532, "Asparate Aminotransferase (AST)_max": 0.00014488846303390375, "Urea Nitrogen, Urine_max": 0.00014286134750977648, "Lactate Dehydrogenase (LD)_max": 9.582049836617964e-05, "Fibrinogen, Functional_max": 9.380647520303589e-05, "Osmolality, Urine_min": 6.059385270070508e-05, "Creatine Kinase (CK)_min": 4.760353079683551e-05, "Ferritin_max": 5.731825874837025e-06, "Ferritin_min": 2.666747882655005e-06, "Granulocyte Count_max": -1.5352103255117077e-05, "WBC_min": -4.29817088255559e-05, "Granulocyte Count_min": -5.2135270399561914e-05, "Amylase_max": -0.00020271744847193902, "Triglycerides_max": -0.00030838192759694553, "Vancomycin_max": -0.0003533872057560175, "Alanine Aminotransferase (ALT)_max": -0.00045677723382612313, "Alkaline Phosphatase_min": -0.00046524209633335106, "Oxygen Saturation_max": -0.0008218124961748807, "Tidal Volume_min": -0.000859943429221166, "Alanine Aminotransferase (ALT)_min": -0.0008820126779193755, "Tidal Volume_max": -0.0008868638137178459, "Triglycerides_min": -0.000904404231059809, "Urea Nitrogen, Urine_min": -0.0009862191932493458, "Cortisol_min": -0.0012504404999108007, "Lipase_min": -0.0012617933247856198, "Sodium, Whole Blood_min": -0.0018721417317135015, "Creatinine, Urine_min": -0.0019375861635619156, "Thyroid Stimulating Hormone_min": -0.002060653619930426, "Creatine Kinase, MB Isoenzyme_max": -0.0021314786632316268, "Iron_max": -0.0024416332529775563, "Nucleated Red Cells_max": -0.0032287277543163392, "Potassium, Urine_min": -0.003505713113079964, "O2 Flow_max": -0.003673087855289305, "PEEP_max": -0.0037628430730094423, "Sodium, Urine_max": -0.004013903915667837, "Phosphate_max": -0.004251450786094325, "Sodium, Urine_min": -0.0045484038345562396, "Cholesterol Ratio (Total/HDL)_min": -0.00479813916707832, "Ketone_max": -0.004851972662232693, "Monocytes_max": -0.005248374433954394, "Base Excess_min": -0.005520528775686648, "tacroFK_min": -0.006167830254459353, "Cholesterol Ratio (Total/HDL)_max": -0.00692291535686176, "Required O2_max": -0.007375635102666269, "Base Excess_max": -0.007632025442435978, "Anion Gap_max": -0.009324633165870639, "pCO2_min": -0.01210671202990805, "Osmolality, Measured_min": -0.01533110896880579, "Thyroid Stimulating Hormone_max": -0.02231859971984228, "Troponin T_min": -0.028025728162673014, "Phenytoin_max": -0.02961030491830052, "Troponin T_max": -0.032972623840240266, "Protein, Total_max": -0.03390470811650311, "Sodium, Whole Blood_max": -0.03483841470452544, "Protein, Total_min": -0.04147390266852998, "Potassium, Whole Blood_min": -0.0427128773700821, "Temperature_max": -0.04277591913950123, "Uric Acid_max": -0.047628325232715193, "Bicarbonate_min": -0.06749223665824682, "Epithelial Cells_min": -0.06775407112641434, "Uric Acid_min": -0.08988490679341342, "Calcium, Total_max": -0.1047773514846959, "Temperature_min": -0.21343253061744447, "Albumin_max": -0.21475739774162028, "Potassium, Whole Blood_max": -0.22181066569663932, "Albumin_min": -0.3172150894337477}