{"Lactate_max": 0.16890390277337783, "Lactate_min": 0.15643220803833377, "Anion Gap_min": 0.10411846250285745, "Phenytoin_min": 0.09023780222867361, "Sodium_max": 0.0718819198821031, "PT_min": 0.0695908683853986, "Bilirubin, Direct_min": 0.06182910825725517, "Bilirubin, Direct_max": 0.04438544422077578, "Vancomycin_min": 0.044337652945967435, "pCO2_max": 0.029294615849264096, "CK-MB Index_max": 0.029180283787750814, "Urea Nitrogen_min": 0.027747349019375877, "Myelocytes_max": 0.024919381431540016, "INR(PT)_max": 0.018241287624290232, "White Blood Cells_max": 0.018127509570471535, "Bands_min": 0.018091802467526088, "CK-MB Index_min": 0.018053584987070815, "PTT_min": 0.017328532467926924, "Sodium, Whole Blood_min": 0.017110228484955657, "Osmolality, Measured_max": 0.015321335499789555, "Glucose_min": 0.014430257360852147, "PEEP_min": 0.014277456766206826, "INR(PT)_min": 0.013431929533338478, "Metamyelocytes_min": 0.011906554911950175, "Oxygen_max": 0.010461942083785593, "Bands_max": 0.01036340742836558, "Metamyelocytes_max": 0.009898524851701203, "Oxygen_min": 0.008829571231132713, "Epithelial Cells_max": 0.007730371223102887, "Potassium, Urine_min": 0.006708551407281626, "Polys_max": 0.006544257293882197, "Myelocytes_min": 0.006493153059119738, "Base Excess_max": 0.006005245186498647, "Alveolar-arterial Gradient_max": 0.0041921076600443625, "Phosphate_max": 0.0033104194313819365, "Cortisol_min": 0.003234010800243256, "Iron_min": 0.00313809572738041, "Urea Nitrogen_max": 0.0029940415216681148, "Cholesterol, HDL_min": 0.0025511789392017705, "Asparate Aminotransferase (AST)_min": 0.0023426909050711653, "Creatine Kinase, MB Isoenzyme_min": 0.0021193645479890373, "Nucleated Red Cells_min": 0.002078477490440616, "pO2_min": 0.002065589739785461, "O2 Flow_min": 0.002028068152987604, "Cholesterol, Total_min": 0.002015701799233305, "Creatinine, Urine_max": 0.001803374610844221, "PT_max": 0.000924470001257406, "Osmolality, Urine_max": 0.0008874494999251591, "Fibrinogen, Functional_min": 0.0007829044053974378, "Lactate Dehydrogenase (LD)_min": 0.0007681010290545349, "WBC_max": 0.0006619957949254646, "RBC_max": 0.0006431504601635592, "Amylase_min": 0.0006222178749681934, "Thyroid Stimulating Hormone_min": 9.08645421259483e-05, "Lactate Dehydrogenase (LD)_max": 7.626367254107261e-05, "Asparate Aminotransferase (AST)_max": 7.418045162701547e-05, "Triglycerides_min": 6.280942278481423e-05, "WBC_min": 6.190647612227923e-05, "Alveolar-arterial Gradient_min": 3.520029671137021e-05, "Creatine Kinase (CK)_min": 2.4194518233161268e-05, "Alkaline Phosphatase_max": 1.9390025216469303e-05, "Urea Nitrogen, Urine_max": 1.9127676319440628e-05, "Ferritin_min": 1.7910332244327007e-05, "Ferritin_max": -3.8454982485520516e-07, "Granulocyte Count_min": -9.08106217109006e-06, "Granulocyte Count_max": -2.3380644554238064e-05, "Alanine Aminotransferase (ALT)_max": -0.0002939066956994774, "Amylase_max": -0.0003136637903379137, "Cortisol_max": -0.0003202355101660697, "Urea Nitrogen, Urine_min": -0.000633939662451, "RBC_min": -0.0006834938980386375, "Tidal Volume_max": -0.0006927340710011723, "Lipase_min": -0.0007731319639566524, "Triglycerides_max": -0.001036574444383384, "Nucleated Red Cells_max": -0.001154326497099638, "Alanine Aminotransferase (ALT)_min": -0.0011569949755718882, "Tidal Volume_min": -0.0012458919960864345, "Cholesterol Ratio (Total/HDL)_min": -0.00127620956771719, "Oxygen Saturation_max": -0.0016545872502068098, "Free Calcium_min": -0.001660597409489551, "Potassium, Urine_max": -0.0018667112881221536, "O2 Flow_max": -0.0021361349008891485, "Polys_min": -0.0023112354460692905, "Iron_max": -0.0024228189839314487, "Creatine Kinase, MB Isoenzyme_max": -0.0024360381376547905, "Vancomycin_max": -0.0024520854237129867, "tacroFK_min": -0.0024994341274231736, "Creatinine, Urine_min": -0.002879740808353926, "Chloride, Whole Blood_max": -0.003331955448404064, "Cholesterol Ratio (Total/HDL)_max": -0.004058730166535795, "Sodium, Urine_min": -0.004784763201069076, "PEEP_max": -0.005296158713067701, "Magnesium_max": -0.005471629961124517, "Monocytes_max": -0.00591361784374876, "Cholesterol, LDL, Calculated_max": -0.007221902967126853, "Base Excess_min": -0.00962357941305565, "Creatinine_max": -0.010468144560308944, "pCO2_min": -0.012558516659831891, "Osmolality, Measured_min": -0.016635908446933263, "Thyroid Stimulating Hormone_max": -0.018148022955685603, "Phenytoin_max": -0.019894664598442163, "Required O2_max": -0.019983279808282066, "Anion Gap_max": -0.021065329557536313, "Troponin T_max": -0.02482372668679202, "Sodium_min": -0.026779789584467417, "Temperature_max": -0.03164706631199507, "Troponin T_min": -0.031775230448113936, "Sodium, Whole Blood_max": -0.03721320523496186, "Uric Acid_max": -0.04177681609045728, "Protein, Total_max": -0.04349757295917895, "Protein, Total_min": -0.05137650063961899, "Epithelial Cells_min": -0.0518928689691448, "Eosinophils_max": -0.0564276407938197, "Bicarbonate_min": -0.06231823806286721, "Uric Acid_min": -0.07659509698578694, "Calcium, Total_max": -0.117892122965058, "Temperature_min": -0.2346932883222111, "Albumin_min": -0.3055039271513537}