{"Lactate_max": 0.19262924073792623, "pH_max": 0.17920995048505603, "Lactate_min": 0.12211217628875648, "Bilirubin, Direct_min": 0.10218473698958778, "Phenytoin_min": 0.1008265587797191, "Sodium_max": 0.07874354739870547, "Anion Gap_min": 0.07441750030724616, "White Blood Cells_min": 0.06037313186948832, "PT_min": 0.05476016580649598, "Phosphate_max": 0.03775888302224259, "pCO2_max": 0.032910384578173205, "Hematocrit, Calculated_min": 0.030091719610555394, "RDW_max": 0.029920761253947957, "MCV_max": 0.029894742891797096, "Calculated Total CO2_max": 0.02614775604519432, "Urea Nitrogen_min": 0.020801266767845206, "MCH_min": 0.01699616464786381, "Bands_min": 0.01682443591426547, "Basophils_max": 0.01681018209262027, "Red Blood Cells_max": 0.015677247781430044, "INR(PT)_max": 0.015607199738814822, "Glucose_min": 0.013182256746684152, "PTT_min": 0.012531494120610803, "Oxygen_max": 0.010055598796057726, "Required O2_max": 0.009966194798718533, "Oxygen_min": 0.008945997293064986, "Bicarbonate_min": 0.006758357600350993, "Potassium, Urine_max": 0.005896398610855079, "Osmolality, Measured_max": 0.005176924820006429, "Magnesium_min": 0.004792150810422788, "Lymphocytes_max": 0.0044951803293901684, "Polys_min": 0.004152697646707984, "O2 Flow_min": 0.0028794507168259605, "Sodium, Urine_max": 0.0021408157348566815, "Neutrophils_max": 0.0019707386320698137, "Cortisol_min": 0.0017837054129916726, "pO2_min": 0.0017682675552057, "White Blood Cells_max": 0.001599523955743347, "Bands_max": 0.0015946286889911836, "Asparate Aminotransferase (AST)_min": 0.0013513076396031124, "Osmolality, Urine_max": 0.0006963746920613859, "Urea Nitrogen_max": 0.0005531474148830346, "Alkaline Phosphatase_max": 0.0003503169508805957, "Creatine Kinase, MB Isoenzyme_min": 0.000291645181447006, "Base Excess_min": 0.00028324087034132416, "Fibrinogen, Functional_max": 0.00022737182102174286, "Neutrophils_min": 0.0001862290800718914, "Lactate Dehydrogenase (LD)_max": 0.0001366687611047757, "Free Calcium_min": 0.00011481229603741771, "Creatine Kinase (CK)_min": 3.5536865631027565e-05, "Lipase_max": 1.7623286884484355e-06, "Creatine Kinase (CK)_max": -1.3412162867760138e-05, "Granulocyte Count_min": -8.922398281834408e-05, "Asparate Aminotransferase (AST)_max": -0.00011792917093555316, "Glucose_max": -0.0002619174049505706, "WBC_min": -0.00043936268937949533, "Alkaline Phosphatase_min": -0.00044636059182234317, "Creatinine, Urine_max": -0.0004990053448499628, "Specific Gravity_max": -0.0006026768224980857, "pO2_max": -0.0006677103199134341, "Tidal Volume_min": -0.0007057893977702294, "Lipase_min": -0.000815157961244308, "Tidal Volume_max": -0.0009896883099877402, "Platelet Count_min": -0.001114039968307478, "Platelet Count_max": -0.0018863114526054725, "RDW_min": -0.0026669009627240505, "Oxygen Saturation_min": -0.002924278309365606, "Sodium, Urine_min": -0.005538316535501742, "Monocytes_max": -0.0057723366648482054, "Phenytoin_max": -0.007517940184483015, "pCO2_min": -0.008791360781690584, "Sodium, Whole Blood_min": -0.009088780458272838, "Creatinine_max": -0.010016241124608881, "Calcium, Total_max": -0.012918373076628605, "Chloride, Whole Blood_max": -0.013276156625350801, "Troponin T_max": -0.01342379587298826, "Chloride_min": -0.013745369873184305, "Free Calcium_max": -0.019744971539076495, "Potassium_min": -0.021238165213044242, "Troponin T_min": -0.022462692542882835, "Hematocrit_max": -0.029195281457728952, "Sodium_min": -0.03196589301305638, "Potassium_max": -0.03335795066636258, "Calculated Total CO2_min": -0.038463319273713166, "Eosinophils_max": -0.048172717014718154, "Potassium, Whole Blood_min": -0.048341902372589333, "Phosphate_min": -0.04909373719904021, "Lymphocytes_min": -0.04992968518463201, "pH_min": -0.05041886832963072, "Red Blood Cells_min": -0.054996339865005045, "Hemoglobin_max": -0.05588556027061696, "Bilirubin, Total_min": -0.05755445260605853, "MCH_max": -0.08344153947023632, "Bicarbonate_max": -0.10819152182477201, "MCHC_max": -0.10902845982898816, "Calcium, Total_min": -0.11090118203630678, "Albumin_max": -0.11410404317348782, "Potassium, Whole Blood_max": -0.13752069523942362, "Temperature_min": -0.1470853475166135, "Albumin_min": -0.16602075633213875}