{"pH_max": 0.6599355083967355, "Lactate_min": 0.23609853309999157, "Temperature_max": 0.19061368772075013, "Lactate_max": 0.14606905987567698, "Anion Gap_min": 0.12378142601293718, "Red Blood Cells_max": 0.09392279615118357, "Phenytoin_min": 0.09207396424827054, "Bilirubin, Indirect_min": 0.09195446586022829, "Phosphate_max": 0.08027005286579822, "MCH_min": 0.07460119941923866, "PT_min": 0.05453130242595861, "White Blood Cells_min": 0.051755913424304745, "Sodium_max": 0.04715931353448573, "Magnesium_min": 0.04314836799085359, "Calcium, Total_max": 0.03732758490779065, "pCO2_max": 0.03483926700308844, "Magnesium_max": 0.03466794462043493, "Hematocrit, Calculated_min": 0.03396270763919447, "Urea Nitrogen_min": 0.031169183545913685, "Atypical Lymphocytes_max": 0.029621147271304583, "Bilirubin, Total_max": 0.02528167787385155, "RDW_min": 0.02046717923797939, "Base Excess_max": 0.018869309320986898, "MCV_max": 0.015623371041757393, "INR(PT)_min": 0.014830555815569678, "PTT_min": 0.014574374088347794, "Glucose_min": 0.013227211807030972, "Potassium_max": 0.012890744382916715, "Oxygen_min": 0.011881931741357836, "Osmolality, Measured_max": 0.011462573554933561, "Required O2_max": 0.008181458179341388, "Oxygen_max": 0.007247656212783242, "Chloride_max": 0.006537344804274969, "Potassium, Urine_max": 0.0044279537439678145, "Vancomycin_max": 0.004424267513955258, "Specific Gravity_max": 0.00431379073150112, "Specific Gravity_min": 0.0026794749628349223, "Asparate Aminotransferase (AST)_min": 0.002040763971029613, "pO2_min": 0.0016845532195080752, "Neutrophils_min": 0.001630524590035432, "Urea Nitrogen_max": 0.0013056301782204, "Osmolality, Urine_max": 0.0012950088867962253, "PT_max": 0.0007621136657724241, "Troponin T_max": 0.0006558321042614792, "Cortisol_max": 0.0006221377500640148, "Lactate Dehydrogenase (LD)_min": 0.00043765035868848434, "WBC_max": 0.000111617321100173, "Urea Nitrogen, Urine_max": 0.000101220473156279, "Alveolar-arterial Gradient_max": 9.841699188509721e-05, "Creatine Kinase (CK)_min": 4.957153950041811e-05, "Oxygen Saturation_max": 4.16288083233778e-05, "Lactate Dehydrogenase (LD)_max": 3.0091562461578043e-05, "Lipase_max": 3.312413383893124e-06, "Cortisol_min": -1.5062674976772756e-05, "RBC_max": -5.0159893957446445e-05, "Platelet Count_min": -8.263840187747111e-05, "Glucose_max": -0.00011565300467345453, "Alveolar-arterial Gradient_min": -0.00014221599012077547, "Alkaline Phosphatase_max": -0.00014412881116118142, "PEEP_max": -0.00019555929149291289, "Lymphocytes_max": -0.00025078570202499023, "pO2_max": -0.0003381805431883432, "Amylase_max": -0.00048044601074547416, "Urea Nitrogen, Urine_min": -0.0006517832000092154, "Tidal Volume_min": -0.0008208882297660516, "Triglycerides_min": -0.0010010790447604926, "Creatine Kinase, MB Isoenzyme_max": -0.0011080035811941358, "Tidal Volume_max": -0.0012329569792671783, "Monocytes_max": -0.0013606332278809352, "Alanine Aminotransferase (ALT)_min": -0.0014444352212424911, "Creatinine_max": -0.001575856484680829, "MCV_min": -0.0016160307615925777, "Bands_max": -0.0016270228310576618, "Sodium, Urine_max": -0.001865218096054131, "Sodium, Urine_min": -0.0021434918124410393, "Oxygen Saturation_min": -0.0024138093447454287, "Platelet Count_max": -0.002473618811365993, "Transferrin_min": -0.003062997972233745, "White Blood Cells_max": -0.0033866102647288946, "Sodium_min": -0.008045901736295184, "pCO2_min": -0.008713526719159922, "Osmolality, Measured_min": -0.010649150953478377, "Neutrophils_max": -0.010822670064446734, "Sodium, Whole Blood_max": -0.014701180237829901, "Hematocrit, Calculated_max": -0.014881966198632477, "Free Calcium_max": -0.0184715353754167, "Chloride_min": -0.018788481908740544, "Base Excess_min": -0.021065813229039044, "Basophils_min": -0.034500778042358085, "Hematocrit_max": -0.040091046105700794, "Monocytes_min": -0.04091655493289632, "Phenytoin_max": -0.042551301438835946, "Potassium_min": -0.046466655695940655, "Eosinophils_max": -0.0488157104321611, "Lymphocytes_min": -0.04936357575790847, "Bilirubin, Total_min": -0.05461358598531796, "MCHC_max": -0.0687575683894927, "Phosphate_min": -0.07313183166188812, "MCHC_min": -0.08233447327556338, "Bicarbonate_max": -0.097132194799797, "Eosinophils_min": -0.09792421869485712, "MCH_max": -0.09867815627551386, "Bilirubin, Indirect_max": -0.10299782268038353, "pH_min": -0.11978746724192722, "Red Blood Cells_min": -0.19091453262541594, "Potassium, Whole Blood_max": -0.26213091775942543, "Temperature_min": -0.2685340317387381, "Albumin_max": -0.29147990173373955, "Creatinine_min": -0.36556032256886006, "Albumin_min": -0.497282345944309}