{"INR(PT)_min": 0.5590469077072322, "Lactate_min": 0.1964523860716372, "Lactate_max": 0.1535711928287566, "Anion Gap_min": 0.11002020594922103, "Sodium_max": 0.07029865717557258, "White Blood Cells_min": 0.04862270560487772, "pCO2_max": 0.038421522318040614, "Urea Nitrogen_min": 0.024720511709854977, "Oxygen_min": 0.016118751063133954, "Glucose_min": 0.01410747240345023, "Osmolality, Measured_max": 0.005462838345967479, "PT_max": 0.0040627989982813025, "Lymphocytes_max": 0.0030375411137094107, "Asparate Aminotransferase (AST)_min": 0.0017167988364909146, "pO2_min": 0.0017032086615003598, "Urea Nitrogen_max": -3.8565185063311295e-05, "Platelet Count_min": -0.0007174087522036866, "pO2_max": -0.0012958132690648932, "Tidal Volume_min": -0.0016559816216887393, "Platelet Count_max": -0.0018809961511910974, "Creatinine_max": -0.006977862290247026, "Base Excess_min": -0.007772611572289904, "pCO2_min": -0.019846256160868034, "Sodium_min": -0.03178721755939047, "Lymphocytes_min": -0.06319763511173081, "Bicarbonate_max": -0.06904759422326509, "Potassium_min": -0.15116614139285492, "Temperature_min": -0.22674620950755578, "Red Blood Cells_max": -0.2504676185450573, "Albumin_min": -0.9580649332094725}