{"pH_max": 0.23521937307620677, "Lactate_min": 0.14798382325242085, "Lactate_max": 0.13460874408183626, "Phenytoin_min": 0.10873803691730735, "Anion Gap_min": 0.0884126810835668, "Sodium_max": 0.06876917988210521, "PT_min": 0.06264841024250466, "Bilirubin, Direct_max": 0.042474405983900725, "RDW_max": 0.04101951353687154, "pCO2_max": 0.03751839172508286, "White Blood Cells_min": 0.035493641206636214, "Myelocytes_max": 0.03242164194195288, "Base Excess_max": 0.031213175839178722, "Vancomycin_min": 0.029896598340752784, "Urea Nitrogen_min": 0.02527928333300707, "Hematocrit, Calculated_min": 0.021216909412397456, "CK-MB Index_min": 0.017835389401235392, "INR(PT)_min": 0.016735070337317127, "Glucose_min": 0.013731999072747017, "Bands_max": 0.011916789063092915, "Oxygen_min": 0.011350881617522412, "MCV_max": 0.01050750881993165, "Oxygen_max": 0.009480941493577371, "Basophils_max": 0.008678960781568988, "Magnesium_min": 0.0084091428048748, "PTT_min": 0.007248008402565207, "Required O2_max": 0.005368653153687407, "Osmolality, Measured_max": 0.004869854182726762, "Potassium, Urine_min": 0.004649024155189804, "O2 Flow_min": 0.0025869400337108646, "PTT_max": 0.00202874702457953, "pO2_min": 0.0019060635740847692, "White Blood Cells_max": 0.0017296813748674995, "Vancomycin_max": 0.0013251853087526144, "Neutrophils_min": 0.0012825671359933911, "Asparate Aminotransferase (AST)_min": 0.0008755103149811946, "Lactate Dehydrogenase (LD)_min": 0.0005185899336415663, "Platelet Count_min": 0.0004684584539650071, "Fibrinogen, Functional_min": 0.0003242962551689584, "WBC_max": 0.00030636172167392565, "PT_max": 0.0002459867902413574, "Alkaline Phosphatase_max": 0.00021860462611260182, "RBC_max": 0.00020538165359533633, "Creatine Kinase (CK)_min": 6.034096036299867e-05, "Lactate Dehydrogenase (LD)_max": 5.8969721402266534e-05, "Fibrinogen, Functional_max": 7.69454799469868e-06, "Osmolality, Urine_min": -6.001858941967255e-06, "Granulocyte Count_max": -2.120487310121561e-05, "Creatine Kinase (CK)_max": -2.6000273622240085e-05, "Asparate Aminotransferase (AST)_max": -4.430011405054661e-05, "Amylase_min": -9.81959208418461e-05, "Glucose_max": -0.00026911760172724565, "Alkaline Phosphatase_min": -0.0005629655945105365, "Urea Nitrogen_max": -0.0008770622451008869, "O2 Flow_max": -0.0010175983775636722, "pO2_max": -0.0011348318460170836, "Tidal Volume_min": -0.0014498566977651053, "Chloride_max": -0.0016897498732418822, "Specific Gravity_max": -0.0017096980239222866, "Platelet Count_max": -0.0022622420027727285, "Required O2_min": -0.0023975536460749927, "Cortisol_min": -0.0024001541372081522, "Specific Gravity_min": -0.0024841195774402986, "Bilirubin, Total_max": -0.008014795465065994, "Creatinine_max": -0.009256811482381189, "pCO2_min": -0.010390532005443584, "Base Excess_min": -0.01109464958741107, "Phenytoin_max": -0.01271246893059875, "Chloride_min": -0.012887857693350126, "Sodium, Whole Blood_min": -0.01622856860228126, "Sodium_min": -0.016865305446557944, "Calculated Total CO2_min": -0.02013573915071908, "Free Calcium_max": -0.02111944127566943, "Potassium_min": -0.02321931136569186, "Sodium, Whole Blood_max": -0.024290887560286665, "Temperature_max": -0.02440295646841958, "Bilirubin, Total_min": -0.027881480640746806, "Basophils_min": -0.03106023934974698, "Bicarbonate_min": -0.03563275421287098, "Eosinophils_max": -0.03621858440234171, "Lymphocytes_min": -0.05042556419731182, "MCH_min": -0.051325880905087315, "Potassium_max": -0.051356194576578244, "Phosphate_min": -0.05434128553029773, "Bicarbonate_max": -0.08238049722930026, "Red Blood Cells_max": -0.13924862964132526, "Albumin_max": -0.1643520504136827, "Calcium, Total_min": -0.16588946593518492, "Temperature_min": -0.1728856578575718, "Albumin_min": -0.24232765609361195}