{"Lactate_max": 0.1517775122443591, "pH_max": 0.14508025866994645, "Anion Gap_min": 0.09706858456665259, "Lactate_min": 0.09588729686056319, "Sodium_max": 0.0791080579659809, "Phenytoin_min": 0.07160281048686662, "Bilirubin, Direct_max": 0.04948841460164237, "Phosphate_max": 0.04703850704961795, "PT_min": 0.04148851612241028, "White Blood Cells_min": 0.03989306194198804, "Bilirubin, Direct_min": 0.03510772674895694, "pCO2_max": 0.034037940444160614, "Atypical Lymphocytes_max": 0.03176196386874282, "Calculated Total CO2_max": 0.02884651370752229, "Urea Nitrogen_min": 0.023971511488991088, "Hematocrit, Calculated_min": 0.023155009476992245, "MCH_min": 0.022505683335120034, "RDW_max": 0.02224940042750035, "MCV_min": 0.02004588109877994, "Vancomycin_min": 0.019927779787128997, "Red Blood Cells_max": 0.016485761309728772, "Bands_max": 0.015503952804324905, "Urobilinogen_max": 0.015230068398205347, "Basophils_max": 0.014681722961759057, "CK-MB Index_max": 0.014389623302552243, "Glucose_min": 0.013955394815214328, "PTT_min": 0.01272245500501667, "Neutrophils_min": 0.010970182789278875, "Oxygen_max": 0.01093724787632112, "Required O2_min": 0.009859425932220407, "INR(PT)_min": 0.009221951742529284, "Magnesium_max": 0.009061910444631633, "Oxygen_min": 0.008087547290247072, "White Blood Cells_max": 0.007155100693387205, "Anion Gap_max": 0.007107342591050853, "Potassium, Urine_max": 0.006877522492994283, "Lymphocytes_max": 0.004598920611124898, "Vancomycin_max": 0.004212873647037732, "Temperature_max": 0.004187530907718043, "Asparate Aminotransferase (AST)_min": 0.0032435763531638967, "Osmolality, Measured_max": 0.0028912827781835664, "pO2_min": 0.0027430182892226327, "Magnesium_min": 0.0025784620398711174, "Cortisol_min": 0.0024554473510619615, "Polys_max": 0.0021401514694321224, "PTT_max": 0.0021196219793187623, "PT_max": 0.001590447052424238, "Iron_min": 0.001374351800955204, "Osmolality, Urine_max": 0.0011368412184834822, "Polys_min": 0.0011127442772607815, "Alveolar-arterial Gradient_max": 0.0010651053621957914, "Amylase_min": 0.0008886168974125297, "Free Calcium_min": 0.00063898159237845, "Lactate Dehydrogenase (LD)_min": 0.000568285054192512, "Fibrinogen, Functional_min": 0.0005313741156243441, "Platelet Count_min": 0.000488552084657105, "Nucleated Red Cells_min": 0.000461247104879538, "Chloride_max": 0.00035654568872891797, "RBC_max": 0.00022715730242750266, "WBC_max": 0.0002229901115890136, "Iron Binding Capacity, Total_min": 0.00015456274815017968, "Alkaline Phosphatase_max": 0.00012670029744065063, "Urea Nitrogen, Urine_max": 0.00010602347144499583, "Lactate Dehydrogenase (LD)_max": 9.544098685792072e-05, "Creatine Kinase (CK)_min": 8.123713451399758e-05, "Asparate Aminotransferase (AST)_max": 4.832165664106726e-05, "WBC_min": 3.9763395818343575e-05, "Granulocyte Count_max": 1.5427047914690864e-05, "Ferritin_min": 6.122685392852989e-06, "Lipase_max": 2.4495313227784977e-06, "Ferritin_max": -3.4224083478475263e-06, "Creatine Kinase (CK)_max": -1.2172276057355121e-05, "Urea Nitrogen_max": -4.284600991365821e-05, "Granulocyte Count_min": -8.702190260555415e-05, "Fibrinogen, Functional_max": -0.0001327265101747503, "Specific Gravity_max": -0.0001401968454403303, "Vitamin B12_max": -0.00016702465409317596, "Glucose_max": -0.0001875442630280581, "Alanine Aminotransferase (ALT)_max": -0.0002759718144163473, "Specific Gravity_min": -0.00036638241090768207, "Amylase_max": -0.0004039899560255143, "Creatinine, Urine_max": -0.00041174754194071736, "Alkaline Phosphatase_min": -0.0004674805646948259, "Triglycerides_max": -0.000664155356938103, "Lipase_min": -0.0006939534547259606, "Urea Nitrogen, Urine_min": -0.0008407513023136195, "pO2_max": -0.0009607598027145937, "Ketone_max": -0.0011931090109173954, "Alanine Aminotransferase (ALT)_min": -0.0012900242851570526, "Tidal Volume_min": -0.0013001648641531608, "Oxygen Saturation_min": -0.0013338806126619383, "Base Excess_max": -0.001513891978276204, "Sodium, Urine_max": -0.0015871562314161867, "Alveolar-arterial Gradient_min": -0.0018603796442819853, "Platelet Count_max": -0.0026122926524481172, "Monocytes_max": -0.0034877082161304577, "Sodium, Urine_min": -0.003523147956688396, "Creatine Kinase, MB Isoenzyme_min": -0.0035341495493002146, "Iron Binding Capacity, Total_max": -0.00467067073003366, "Ketone_min": -0.0057828390065161476, "Phenytoin_max": -0.006121690850553682, "Neutrophils_max": -0.006764855360159678, "Hematocrit_max": -0.006819612213626495, "Base Excess_min": -0.007278238548978597, "Sodium_min": -0.007565878181999129, "RDW_min": -0.00810570932487886, "pCO2_min": -0.010051945420562269, "Hematocrit_min": -0.013069226063528873, "Thyroid Stimulating Hormone_min": -0.014287608905593397, "Calcium, Total_max": -0.014577595485717703, "Chloride, Whole Blood_min": -0.01751801969881072, "Eosinophils_max": -0.01777570792115951, "Potassium_min": -0.0178638101405659, "Free Calcium_max": -0.018340553787232372, "Potassium_max": -0.01869025024676108, "Calculated Total CO2_min": -0.022698883038954024, "Chloride_min": -0.02564037864028584, "Monocytes_min": -0.026133384873552757, "Uric Acid_max": -0.030198867809273458, "Phosphate_min": -0.03029244438780572, "pH_min": -0.030329543455988765, "Hemoglobin_max": -0.03140411212317141, "Sodium, Whole Blood_max": -0.03161364053282416, "Bicarbonate_min": -0.032638760947033295, "Bilirubin, Total_min": -0.0388743558834799, "Lymphocytes_min": -0.04279419718197695, "Troponin T_max": -0.04471747497333836, "Eosinophils_min": -0.04619096391799275, "MCH_max": -0.04696902436437162, "Uric Acid_min": -0.05121798734075498, "MCHC_min": -0.05142085327678961, "MCHC_max": -0.06239333304818562, "Hemoglobin_min": -0.06886579789459564, "Bilirubin, Indirect_max": -0.06896546951282748, "Albumin_max": -0.0804507695331983, "Creatinine_min": -0.09177406558427008, "Bicarbonate_max": -0.09948704134904224, "Temperature_min": -0.102647278396525, "Creatinine_max": -0.1050189885100542, "Albumin_min": -0.11989622279589592}