{"pH_max": 0.5246594134219004, "Lactate_min": 0.2634474797116979, "Phenytoin_min": 0.10809995602923345, "Lactate_max": 0.10779545467055535, "Anion Gap_min": 0.09775947447612134, "MCH_min": 0.08651989290754293, "PT_min": 0.06985729471766913, "Sodium_max": 0.06888764846972452, "RDW_max": 0.05752418627881247, "White Blood Cells_min": 0.0502960511139086, "Phosphate_max": 0.04695489735799133, "pCO2_max": 0.03487749695548708, "Basophils_max": 0.033355993742937524, "Urea Nitrogen_min": 0.027780287653901527, "INR(PT)_min": 0.023857518561486817, "Base Excess_max": 0.016992030704297528, "Glucose_min": 0.015332695789415908, "Bands_max": 0.014760935772700785, "Oxygen_min": 0.013831840523852213, "Bilirubin, Total_max": 0.011251607400563005, "Neutrophils_min": 0.00900444441400574, "PTT_min": 0.007120647433333705, "Anion Gap_max": 0.006325279337205943, "Lymphocytes_max": 0.004156444339306065, "Osmolality, Measured_max": 0.0024711166525576, "Alveolar-arterial Gradient_max": 0.0015692718848026588, "PTT_max": 0.0013761249481237532, "Asparate Aminotransferase (AST)_min": 0.0009435331805121, "Fibrinogen, Functional_min": 0.0007123582854203096, "Specific Gravity_max": 0.0006833837739407673, "Lactate Dehydrogenase (LD)_min": 0.0006434628478056274, "Platelet Count_min": 0.0005802345526144271, "Lactate Dehydrogenase (LD)_max": 3.7874631691168093e-05, "Lipase_max": 2.2052184003338507e-06, "Creatine Kinase, MB Isoenzyme_min": -0.00014022196902508508, "Glucose_max": -0.00015906105394044532, "Urea Nitrogen, Urine_min": -0.00022914933385772277, "Alkaline Phosphatase_min": -0.00030043640645714996, "pO2_max": -0.000434767098622061, "Alveolar-arterial Gradient_min": -0.000665351801309387, "PT_max": -0.000701172549389012, "Tidal Volume_max": -0.0007545627158257443, "Lipase_min": -0.0010381544056729632, "Tidal Volume_min": -0.001116731316612897, "Bicarbonate_min": -0.0012549965406429, "pCO2_min": -0.0015229729797836939, "Oxygen Saturation_min": -0.001659174373772225, "Platelet Count_max": -0.0024516759393681917, "Neutrophils_max": -0.002591285318158457, "Urea Nitrogen_max": -0.0029847287954733086, "Hematocrit, Calculated_max": -0.004325827598140988, "Sodium, Urine_min": -0.004377751779076026, "Base Excess_min": -0.014979028685703059, "Calculated Total CO2_min": -0.01940335591677182, "RDW_min": -0.022454656860849617, "MCV_min": -0.025014590193403, "Sodium_min": -0.032370473593183596, "Bilirubin, Indirect_max": -0.03292413865786846, "Bilirubin, Total_min": -0.03334082355978353, "Hematocrit_min": -0.03545952690579722, "Red Blood Cells_max": -0.037584298672914324, "Lymphocytes_min": -0.050635139624303424, "Potassium_min": -0.08844267974230205, "Bicarbonate_max": -0.08849778699622052, "Calcium, Total_max": -0.09527535107338216, "Troponin T_min": -0.0977617320476974, "MCHC_max": -0.14241840885766788, "Phosphate_min": -0.1840369042004731, "Temperature_min": -0.23065700425946276, "Albumin_min": -0.5209633146334497}