{"Lactate_min": 0.215234270701774, "Anion Gap_min": 0.1394390591206536, "Lactate_max": 0.13867362363406563, "Phenytoin_min": 0.08967393927702891, "Phosphate_max": 0.08927592164532346, "Bilirubin, Direct_max": 0.0817242263235603, "PT_min": 0.05544321264034591, "RDW_max": 0.05292719166615629, "Sodium_max": 0.04856793523204139, "White Blood Cells_min": 0.04511549136873834, "pCO2_max": 0.0364005447299687, "Magnesium_max": 0.03521059775392477, "Urea Nitrogen_min": 0.03233942014157135, "MCV_min": 0.03179057461710875, "Glucose_min": 0.013136109135530235, "PTT_min": 0.012474851115821781, "Oxygen_min": 0.010232225070610517, "Oxygen_max": 0.008896009730363873, "Calcium, Total_max": 0.006820564067439378, "Required O2_min": 0.005033886797706991, "Magnesium_min": 0.002606934384073956, "Osmolality, Measured_max": 0.0024010255824330456, "pO2_min": 0.0023154021664525907, "Asparate Aminotransferase (AST)_min": 0.0022242038387282055, "White Blood Cells_max": 0.0019794377290086695, "PTT_max": 0.0016204576704038926, "Basophils_max": 0.0008575827181075408, "Osmolality, Urine_max": 0.0008495058338398788, "Lactate Dehydrogenase (LD)_min": 0.0005769791151206711, "Urea Nitrogen_max": 0.0005191075155483183, "Creatinine_max": 9.720905963822925e-05, "Creatine Kinase (CK)_min": 8.105763347570043e-06, "Lipase_max": 2.0606254897201388e-06, "Platelet Count_min": -0.00021715314351046264, "Alkaline Phosphatase_min": -0.00045216114550541633, "Tidal Volume_max": -0.0007754170628803414, "pO2_max": -0.0012362705661876276, "Tidal Volume_min": -0.001290267918964691, "Alanine Aminotransferase (ALT)_min": -0.001487120240318589, "Platelet Count_max": -0.00221690727467193, "Neutrophils_min": -0.002230244483680012, "Sodium, Urine_min": -0.00335902595105892, "PEEP_max": -0.003466679438986371, "Ketone_max": -0.0035819032115974405, "Base Excess_min": -0.004710247894892927, "Bilirubin, Total_max": -0.015002787938828014, "pCO2_min": -0.021250143569764623, "RDW_min": -0.03479583573269829, "Bilirubin, Total_min": -0.04324296009298906, "Lymphocytes_min": -0.05316147719892969, "MCH_max": -0.05458268413931422, "Bicarbonate_max": -0.06789082879724079, "MCHC_max": -0.10117343258469667, "Potassium_min": -0.1252692413498125, "Hemoglobin_min": -0.13015995892426108, "Phosphate_min": -0.13578730059491378, "Temperature_min": -0.22845710273792605, "Albumin_max": -0.2982083959489892, "Creatinine_min": -0.40482541803327815, "Albumin_min": -0.5265505330517205}