{"Base Excess_min": 0.1384778916835785, "Lymphocytes_min": 0.05825582891702652, "Temperature_min": 0.04803263023495674, "Urea Nitrogen_min": 0.04608539864420891, "Lactate_max": 0.04594156891107559, "Anion Gap_min": 0.02938120998442173, "Glucose_min": 0.027794208377599716, "White Blood Cells_min": 0.026484210044145584, "Sodium_max": 0.025783952325582504, "Albumin_min": 0.02515385113656521, "Lactate_min": 0.02375844679772854, "Bicarbonate_max": 0.02354617416858673, "PT_min": 0.021410344168543816, "Tidal Volume_min": 0.021120430901646614, "Osmolality, Measured_max": 0.020381920039653778, "pCO2_max": 0.02002677135169506, "pCO2_min": 0.019839221611618996, "Temperature_max": 0.01533665880560875, "Platelet Count_max": 0.014833714812994003, "mca_0": 0.014083687216043472, "pO2_min": 0.013901577331125736, "mca_2": 0.013212569989264011, "mca_4": 0.013173439539968967, "Platelet Count_min": 0.011465365998446941, "Creatine Kinase (CK)_max": 0.011343934573233128, "pO2_max": 0.010827387683093548, "Asparate Aminotransferase (AST)_min": 0.010727714747190475, "PTT_min": 0.010657069273293018, "Troponin T_max": 0.010448196902871132, "Chloride_min": 0.010412192903459072, "Albumin_max": 0.010229803621768951, "Base Excess_max": 0.010055381804704666, "mca_5": 0.00926185492426157, "Sodium_min": 0.009013836272060871, "Calcium, Total_max": 0.00893125869333744, "Phosphate_max": 0.00876648910343647, "RDW_max": 0.008728601038455963, "Urea Nitrogen_max": 0.008714285679161549, "mca_3": 0.008582140319049358, "Lactate Dehydrogenase (LD)_min": 0.008459034375846386, "Potassium_max": 0.008219129405915737, "Specific Gravity_min": 0.008163221180438995, "MCHC_max": 0.007897003553807735, "Potassium_min": 0.007550211623311043, "mca_7": 0.007078639697283506, "mca_1": 0.007063737604767084, "Chloride_max": 0.006923588924109936, "Neutrophils_max": 0.006790744606405497, "Lymphocytes_max": 0.006711548659950495, "Phosphate_min": 0.006546653341501951, "Red Blood Cells_max": 0.00651615159586072, "Glucose_max": 0.006062035448849201, "mca_9": 0.005908398423343897, "Alkaline Phosphatase_min": 0.005684865638613701, "MCHC_min": 0.005379416048526764, "mca_8": 0.005222075153142214, "Monocytes_max": 0.005136065650731325, "MCH_max": 0.005059713497757912, "mca_6": 0.0050112660974264145, "Hemoglobin_min": 0.004435393493622541}