{"pH_max": 0.6700721730758608, "Lactate_min": 0.21288964284245543, "Magnesium_min": 0.1469472446965566, "Lactate_max": 0.13174285071302433, "Phenytoin_min": 0.11675446290351256, "Anion Gap_min": 0.1003758382776516, "Free Calcium_min": 0.08961583846705651, "INR(PT)_min": 0.07155681974446666, "Sodium_max": 0.07053221237311046, "PT_min": 0.05920597720293486, "RDW_max": 0.05492601603483752, "Phosphate_max": 0.047676933820956245, "White Blood Cells_min": 0.03696075019928619, "pCO2_max": 0.03474597390033664, "Urea Nitrogen_min": 0.03316324888637112, "Specific Gravity_max": 0.017831856022473346, "Osmolality, Measured_max": 0.017408593886844504, "Glucose_min": 0.013848013667528695, "PTT_min": 0.013050971842638114, "Oxygen_max": 0.012877980966504303, "Required O2_max": 0.006572375849513027, "PT_max": 0.0021927385259014527, "pO2_min": 0.0020919657377366408, "Asparate Aminotransferase (AST)_min": 0.0012632075567787539, "Lactate Dehydrogenase (LD)_min": 0.0004955122585256119, "Fibrinogen, Functional_min": 0.0004811931389367653, "RBC_max": 0.00042098128124336184, "WBC_max": 0.00025798350945704907, "Lactate Dehydrogenase (LD)_max": 0.00012093359288034096, "White Blood Cells_max": 2.9596952411818793e-05, "Asparate Aminotransferase (AST)_max": -0.00010964768420409234, "Platelet Count_min": -0.00023362875523215892, "Glucose_max": -0.00027432849884148706, "Tidal Volume_min": -0.0003495731627177085, "Neutrophils_min": -0.000503581938715348, "pO2_max": -0.0005424991626880566, "Neutrophils_max": -0.0006529148882089033, "Urea Nitrogen_max": -0.0008393012606181061, "Creatine Kinase, MB Isoenzyme_max": -0.0011571238461658593, "Tidal Volume_max": -0.0011606603370095184, "MCV_max": -0.0015984156409435903, "Sodium, Urine_max": -0.0022026759782050676, "Anion Gap_max": -0.0023465549571741857, "Platelet Count_max": -0.00240372545380093, "Creatinine_max": -0.003828992086028155, "Base Excess_min": -0.004661263526982277, "PEEP_max": -0.005099201464988365, "Calcium, Total_max": -0.007576278345565496, "pCO2_min": -0.00857398360787469, "Troponin T_max": -0.011482599027591531, "Chloride_max": -0.013434665457927517, "Sodium_min": -0.01524139634727952, "Chloride_min": -0.01670480108432114, "Potassium_min": -0.017209084006388226, "Osmolality, Measured_min": -0.017804565089333712, "Bicarbonate_min": -0.030130119796671965, "RDW_min": -0.03382342640685466, "Bilirubin, Total_min": -0.03475160827819603, "Potassium_max": -0.0420633444558146, "Albumin_max": -0.04324655699583635, "Eosinophils_max": -0.046872318288121405, "Lymphocytes_min": -0.05787554927334827, "Phosphate_min": -0.06851232238918264, "MCHC_min": -0.06872137345981111, "MCHC_max": -0.0849885429867732, "Bicarbonate_max": -0.09470476417833214, "Potassium, Whole Blood_min": -0.12138142143152628, "Temperature_min": -0.2042602644581117, "Creatinine_min": -0.2657596939499322, "Albumin_min": -0.8528931554297727}