{"Lactate_min": 0.2074625589293213, "Lactate_max": 0.1453638136981524, "Anion Gap_min": 0.10149552930339838, "Phenytoin_min": 0.10107887201941085, "Sodium_max": 0.07666359791043516, "PT_min": 0.06121201148956263, "RDW_max": 0.048956766825079476, "Red Blood Cells_max": 0.04616922232097101, "White Blood Cells_min": 0.04059055908582523, "pCO2_max": 0.03700428795147738, "Free Calcium_min": 0.028637931267674294, "Urea Nitrogen_min": 0.022626253732377578, "Phosphate_max": 0.022443566123819324, "Bilirubin, Total_max": 0.014983952391973684, "Glucose_min": 0.014242278836160105, "Oxygen_min": 0.010430507888422032, "Oxygen_max": 0.009689655428910858, "PTT_min": 0.008768917895972377, "MCV_min": 0.008478263169985458, "Specific Gravity_max": 0.005966613215739578, "Anion Gap_max": 0.005285773110627901, "Lymphocytes_max": 0.0038198056487859858, "White Blood Cells_max": 0.0037496113162599877, "Osmolality, Measured_max": 0.0034389229430163626, "pO2_min": 0.002471214180201234, "PTT_max": 0.0019691222475325407, "Asparate Aminotransferase (AST)_min": 0.0017218985919594282, "O2 Flow_min": 0.0012641862926978892, "PT_max": 0.0009467300729410147, "Alveolar-arterial Gradient_min": 0.0008482825825489956, "Lactate Dehydrogenase (LD)_min": 0.0006117020430683919, "Fibrinogen, Functional_min": 0.0003603687139424627, "Lactate Dehydrogenase (LD)_max": 8.932016427801993e-05, "Creatine Kinase (CK)_min": 3.7233160404335736e-05, "Granulocyte Count_min": -4.67850960379702e-05, "Asparate Aminotransferase (AST)_max": -9.476954764737709e-05, "Urea Nitrogen_max": -0.00010287438462347183, "Glucose_max": -0.00018668145557606863, "Platelet Count_min": -0.00036731987542678137, "Urea Nitrogen, Urine_min": -0.00038212665157046874, "Oxygen Saturation_min": -0.0004953080055906023, "pO2_max": -0.000729646410471173, "Tidal Volume_max": -0.000755625503971877, "Tidal Volume_min": -0.0011105786651893065, "Platelet Count_max": -0.0019521592171556157, "Iron Binding Capacity, Total_max": -0.0021206168459693584, "PEEP_max": -0.0030566652804409097, "Chloride_max": -0.0037504802686359894, "Sodium, Urine_min": -0.004979423307271685, "Base Excess_min": -0.008779271541681443, "Chloride_min": -0.012191407351857713, "Troponin T_max": -0.015008375970528984, "Creatinine_max": -0.01600801662323705, "pCO2_min": -0.020406340426184274, "Sodium_min": -0.025652802229894238, "Potassium_min": -0.03832248649105677, "Bilirubin, Total_min": -0.03992954953057939, "RDW_min": -0.04328907716560914, "Troponin T_min": -0.04360934436947305, "Lymphocytes_min": -0.05306084678878953, "Eosinophils_max": -0.0580861181778529, "Bicarbonate_max": -0.07432914412556431, "Phosphate_min": -0.076574059434051, "MCHC_max": -0.08462361640918094, "Hemoglobin_max": -0.12836988144398864, "Temperature_min": -0.1421680525359566, "Potassium, Whole Blood_min": -0.15477165783359365, "Calcium, Total_min": -0.1781144162551484, "Albumin_max": -0.24015015189290748, "Albumin_min": -0.4987775074875497}