{"Lactate_min": 0.17420678958589672, "Lactate_max": 0.16994812957746522, "Anion Gap_min": 0.09015311955591163, "PT_min": 0.07410590890341963, "Sodium_max": 0.057849015184127, "White Blood Cells_min": 0.04478935264634373, "pCO2_max": 0.033149554314418676, "Urea Nitrogen_min": 0.024922825310573736, "PTT_min": 0.014074313702324147, "Glucose_min": 0.011175768868296427, "pO2_min": 0.0018217885671148219, "Alveolar-arterial Gradient_max": 0.0013152276080505378, "Glucose_max": 0.00011777452300837923, "pO2_max": -0.000582309152658897, "Platelet Count_max": -0.0011927433636021298, "Tidal Volume_min": -0.001702100986854037, "Platelet Count_min": -0.0021715022904575535, "Osmolality, Measured_max": -0.0023310486214142907, "Base Excess_min": -0.0295005901649629, "Eosinophils_max": -0.03957838093667968, "Lymphocytes_min": -0.06819060652456277, "Bicarbonate_max": -0.07586627104508332, "Potassium_min": -0.2279453902727321, "Temperature_min": -0.2721552053338867, "Albumin_max": -0.6660752226854396}