{"Lactate_min": 0.21586343172848377, "Lactate_max": 0.14712162649218685, "Anion Gap_min": 0.09809166264685124, "PT_min": 0.06952974970051537, "Sodium_max": 0.0568215276252548, "White Blood Cells_min": 0.044321181618556416, "RDW_min": 0.039242892359996666, "pCO2_max": 0.038795718327788414, "Urea Nitrogen_min": 0.023615872586219645, "Glucose_min": 0.012679203307129539, "PTT_min": 0.009304243359980705, "Lymphocytes_max": 0.0052578284638443275, "PTT_max": 0.0025206734089007025, "pO2_min": 0.0022562032530949777, "PEEP_max": 0.0010495270826885123, "Glucose_max": 7.19889045279863e-05, "Platelet Count_min": -0.0009132259465144134, "Osmolality, Measured_max": -0.0009808492680946528, "pO2_max": -0.001064948163566479, "Tidal Volume_max": -0.0015178279316042345, "Platelet Count_max": -0.001911886180174666, "Potassium_max": -0.005328205910692983, "Base Excess_min": -0.0062238096850078155, "pCO2_min": -0.02391254518546269, "Bilirubin, Total_min": -0.03633155013065539, "Eosinophils_max": -0.056950444805915934, "Lymphocytes_min": -0.06684594960191627, "Bicarbonate_max": -0.06832235564747832, "Temperature_min": -0.2615895826076645, "Albumin_min": -1.0823331863632766}