{"Lactate_max": 0.22623224883753212, "Lactate_min": 0.2036680395394326, "Phenytoin_min": 0.13285125169894463, "Anion Gap_min": 0.1172994166363628, "PT_min": 0.0838736300170635, "Sodium_max": 0.07921040563069251, "Bilirubin, Direct_min": 0.06886698261173446, "Vancomycin_min": 0.04366668391079813, "CK-MB Index_max": 0.03412480626675172, "pCO2_max": 0.033713213735515495, "Myelocytes_max": 0.03292390333229923, "Bilirubin, Direct_max": 0.02945651837178015, "Urea Nitrogen_min": 0.02808791665339329, "Bands_min": 0.025083483895205035, "INR(PT)_min": 0.021052453399147505, "Cholesterol, Total_min": 0.020476307804749124, "Metamyelocytes_min": 0.019869085816275216, "Osmolality, Measured_max": 0.019805722849901158, "Metamyelocytes_max": 0.01943427965188552, "Calculated Total CO2_min": 0.01799447864079208, "Myelocytes_min": 0.016821928664237124, "PTT_min": 0.01644253972472272, "White Blood Cells_max": 0.016402342943910794, "Glucose_min": 0.015036848083399295, "Urobilinogen_min": 0.014137095387665312, "PEEP_min": 0.010554379472112043, "Cholesterol, HDL_min": 0.009702196353215913, "Epithelial Cells_max": 0.008291601480393096, "Alveolar-arterial Gradient_max": 0.006976623871405313, "Atypical Lymphocytes_max": 0.006754945489107748, "INR(PT)_max": 0.006393230320212061, "Potassium, Urine_max": 0.005207324303302318, "Cholesterol Ratio (Total/HDL)_max": 0.004871011119897072, "Urea Nitrogen_max": 0.004268043483635611, "Bands_max": 0.0042656912952597804, "Cholesterol Ratio (Total/HDL)_min": 0.004178588265408492, "Polys_min": 0.003940034154530503, "Cortisol_max": 0.0037936009671027436, "CK-MB Index_min": 0.0037650477388874604, "Polys_max": 0.0037635075721738575, "Vancomycin_max": 0.00324521485772795, "Nucleated Red Cells_min": 0.002480337476317245, "pO2_min": 0.002383297796935748, "Asparate Aminotransferase (AST)_min": 0.002249201990180037, "Free Calcium_min": 0.0020681148352754784, "Creatinine, Urine_max": 0.0020345823746433043, "O2 Flow_min": 0.001979994025919392, "PT_max": 0.0017569187178322011, "Creatine Kinase, MB Isoenzyme_min": 0.001426883167713677, "Potassium, Urine_min": 0.0010872734220841993, "Amylase_min": 0.000981076992286809, "Lactate Dehydrogenase (LD)_min": 0.0007978720446314201, "Osmolality, Urine_max": 0.0007766743815160838, "Fibrinogen, Functional_max": 0.0006607429798158777, "RBC_max": 0.000613289815865688, "WBC_max": 0.00046195325863971715, "Alveolar-arterial Gradient_min": 0.00042441144525255, "Osmolality, Urine_min": 0.0003981373336751863, "Alkaline Phosphatase_max": 0.0001976140553895873, "Vitamin B12_max": 0.000139478218703152, "Creatine Kinase (CK)_min": 8.764461415502968e-05, "Urea Nitrogen, Urine_max": 8.430452748231081e-05, "Lactate Dehydrogenase (LD)_max": 7.85229350357814e-05, "Iron_max": 7.474896033142698e-05, "Asparate Aminotransferase (AST)_max": 6.262779220722617e-05, "Ferritin_min": 1.5443901918163087e-05, "Ferritin_max": -1.6070485847765175e-06, "Creatine Kinase (CK)_max": -1.0352355860007323e-05, "Granulocyte Count_max": -1.9686761722518914e-05, "Granulocyte Count_min": -2.820313311507714e-05, "WBC_min": -0.00032886225006870324, "Alanine Aminotransferase (ALT)_max": -0.0003611293255933726, "Amylase_max": -0.00043064091483965513, "Required O2_min": -0.0005059463929851162, "Tidal Volume_max": -0.000586474731950501, "RBC_min": -0.0006055523714735445, "Alkaline Phosphatase_min": -0.0006070095054260978, "Urea Nitrogen, Urine_min": -0.0007986001301305045, "Alanine Aminotransferase (ALT)_min": -0.0008556296483910924, "Tidal Volume_min": -0.0009034551986070498, "Protein_min": -0.0009050408008618047, "Triglycerides_min": -0.0009728663068202662, "Oxygen Saturation_max": -0.0012161519710016193, "Creatine Kinase, MB Isoenzyme_max": -0.0012816536933388583, "Lipase_min": -0.0013127190862144674, "Nucleated Red Cells_max": -0.0018411102764485986, "O2 Flow_max": -0.002346885155900765, "Cortisol_min": -0.0024528109677147522, "Base Excess_max": -0.0025873326135275885, "Creatinine, Urine_min": -0.002821958443842588, "Base Excess_min": -0.0032290254247574817, "PEEP_max": -0.003730869671002784, "Thyroid Stimulating Hormone_min": -0.004375303255757182, "Sodium, Urine_min": -0.00487577673766234, "Phosphate_max": -0.00537162026060865, "Chloride, Whole Blood_min": -0.005434161283387994, "Phenytoin_max": -0.011633368606420525, "pCO2_min": -0.016170718985303485, "Osmolality, Measured_min": -0.021425469174895635, "Cholesterol, Total_max": -0.023645349606394514, "Thyroid Stimulating Hormone_max": -0.025188584438308133, "Basophils_max": -0.02978557293721007, "Troponin T_min": -0.030349188348580112, "Sodium, Whole Blood_max": -0.03260251267331319, "Protein, Total_max": -0.03378845977137277, "Troponin T_max": -0.03489549004512946, "Anion Gap_max": -0.03685528674473641, "Protein, Total_min": -0.038155048899718755, "Required O2_max": -0.04122318804134643, "Temperature_max": -0.05315366697478381, "tacroFK_max": -0.05384796616700174, "Uric Acid_max": -0.06446911638861198, "Epithelial Cells_min": -0.06464425650774776, "Bicarbonate_min": -0.08657151921459932, "Uric Acid_min": -0.0919137368164464, "Calcium, Total_max": -0.14813066191112698, "Albumin_max": -0.1985103956792021, "Temperature_min": -0.24824891103870814, "Albumin_min": -0.26770855246730574}