{"Lactate_min": 0.21273716068818316, "Lactate_max": 0.1387643553088383, "Anion Gap_min": 0.09402673949505796, "Sodium_max": 0.0630372211720823, "PT_min": 0.061377524084015825, "Calcium, Total_max": 0.05278680150021663, "White Blood Cells_min": 0.045057553596418734, "RDW_min": 0.042306546563315776, "pCO2_max": 0.033572265980124576, "Vancomycin_min": 0.02772904150745739, "Urea Nitrogen_min": 0.021765071674748185, "Calculated Total CO2_max": 0.018118449642392245, "Osmolality, Measured_max": 0.014617386403121015, "Glucose_min": 0.014021351250057528, "PTT_min": 0.013542363845582776, "Bilirubin, Total_max": 0.012923787355090425, "Oxygen_max": 0.012740873526445488, "Phosphate_max": 0.008960620847682248, "Lymphocytes_max": 0.0037424024105381353, "pO2_min": 0.0030608242080564486, "White Blood Cells_max": 0.0022330859537697968, "PTT_max": 0.0014921249950602894, "Asparate Aminotransferase (AST)_min": 0.0011127807981106705, "Lactate Dehydrogenase (LD)_min": 0.0007905546983358079, "Alveolar-arterial Gradient_max": 0.0006687318993216215, "Platelet Count_min": 0.0004999071837215055, "Lactate Dehydrogenase (LD)_max": 1.9000932269452613e-05, "Glucose_max": -0.00016893828234851096, "Oxygen Saturation_min": -0.00025703309958867313, "Urea Nitrogen_max": -0.0008651199790694999, "Tidal Volume_min": -0.0010643427309529646, "Creatine Kinase, MB Isoenzyme_min": -0.001141917830517315, "pO2_max": -0.001305197620878647, "Platelet Count_max": -0.002371318643851307, "Sodium, Urine_min": -0.005066187977639795, "Base Excess_min": -0.005489475185993436, "pCO2_min": -0.014339213013014215, "Osmolality, Measured_min": -0.0189797903368715, "Chloride_min": -0.021858791450429422, "Eosinophils_max": -0.04483404542130067, "Potassium_min": -0.05250926987903206, "Bilirubin, Total_min": -0.05745356958396635, "Lymphocytes_min": -0.05827820850743863, "Bicarbonate_max": -0.09403813164841952, "Albumin_max": -0.15022912435934224, "Calcium, Total_min": -0.16126020385043038, "Temperature_min": -0.21196832931097964, "Free Calcium_max": -0.2645897869640153, "Red Blood Cells_min": -0.32563796192964223, "Albumin_min": -0.7084081955217989}