{"pH_max": 0.6700531529562889, "Lactate_min": 0.1793404988444414, "Lactate_max": 0.14529771240569594, "Anion Gap_min": 0.11875826253946599, "Sodium_max": 0.07046740096420684, "INR(PT)_min": 0.06503851003274466, "PT_min": 0.06074229837425616, "White Blood Cells_min": 0.043615208673386426, "pCO2_max": 0.03849350711526408, "Phosphate_max": 0.036166079840015235, "Urea Nitrogen_min": 0.033064975900868175, "Magnesium_max": 0.032879081863263805, "Calcium, Total_max": 0.02847244354610016, "PTT_min": 0.013066696301395135, "Glucose_min": 0.012845981112924438, "Hematocrit_max": 0.011952265690258292, "Oxygen_min": 0.01186212517976982, "Anion Gap_max": 0.00986701428141128, "Bilirubin, Total_max": 0.007989959022578338, "Required O2_max": 0.0069347723014196476, "Oxygen_max": 0.006069000611225175, "RDW_max": 0.003805766351995429, "Hematocrit_min": 0.002990039781227624, "Osmolality, Measured_max": 0.002741236192208687, "Asparate Aminotransferase (AST)_min": 0.0024349880396871085, "pO2_min": 0.0017671238012707952, "Lymphocytes_max": 0.0009243061295377252, "Platelet Count_min": 0.0004983985161825127, "Neutrophils_max": 0.0004471530147988364, "White Blood Cells_max": 0.00038079114538020083, "Alveolar-arterial Gradient_min": 0.00015932256447289913, "Lactate Dehydrogenase (LD)_max": 0.00011359296105572875, "Asparate Aminotransferase (AST)_max": -9.774031983981298e-05, "Glucose_max": -0.00011659958582803588, "Amylase_max": -0.00025324645370122513, "pO2_max": -0.00032061933897945883, "Neutrophils_min": -0.0010169583186730481, "Tidal Volume_min": -0.001215700162962225, "Alanine Aminotransferase (ALT)_min": -0.0014625411766163153, "Sodium, Urine_max": -0.0017581881200043736, "Monocytes_max": -0.0024442111847688694, "Platelet Count_max": -0.002922326547427226, "Base Excess_min": -0.012584428565780138, "pCO2_min": -0.017324661541686336, "Sodium, Whole Blood_max": -0.02650526556616221, "Chloride_min": -0.031096971593057715, "Eosinophils_max": -0.04278134921581157, "Bilirubin, Total_min": -0.045595884752993365, "Lymphocytes_min": -0.05116447293721582, "Phosphate_min": -0.07003107194239623, "MCHC_min": -0.07873481855151843, "Bicarbonate_max": -0.10195696890165581, "Basophils_min": -0.10420689382213932, "Hemoglobin_max": -0.12914052517441607, "Albumin_max": -0.14359174902811006, "Red Blood Cells_min": -0.1843594785226952, "Temperature_min": -0.19373371825731323, "Potassium, Whole Blood_max": -0.2773783141626431, "Creatinine_min": -0.3330845995596151, "Albumin_min": -0.7136978150113416}