{"pH_max": 0.33625160235506485, "Lactate_min": 0.18125357020140365, "Lactate_max": 0.15838010803376146, "Phenytoin_min": 0.12744654400508593, "Anion Gap_min": 0.1023585349167351, "Sodium_max": 0.08924390814002757, "Phosphate_max": 0.08819262661267815, "Bilirubin, Direct_max": 0.08054004466007224, "Temperature_max": 0.06847797612872102, "PT_min": 0.06576309571680791, "MCH_min": 0.05234604564085255, "White Blood Cells_min": 0.04569897643842223, "Red Blood Cells_max": 0.04120496907519331, "Required O2_min": 0.03618175885156971, "RDW_max": 0.03147296970910781, "Atypical Lymphocytes_min": 0.03139547698699418, "pCO2_max": 0.02907031887226277, "MCV_min": 0.027433528650074642, "Urobilinogen_max": 0.027153151101645644, "Metamyelocytes_max": 0.02592160854803967, "Base Excess_max": 0.025147418093438734, "Vancomycin_min": 0.023965142723138266, "Urea Nitrogen_min": 0.023515163546217466, "INR(PT)_max": 0.022661964954629254, "Magnesium_max": 0.017471282771739177, "INR(PT)_min": 0.01570134997733368, "Glucose_min": 0.013410087808458475, "Osmolality, Measured_max": 0.013145015506089664, "Bands_max": 0.012455934515232085, "Oxygen_max": 0.010531981294949571, "PTT_min": 0.010470406710335651, "Neutrophils_min": 0.009813423627665132, "Magnesium_min": 0.009605333201387262, "Oxygen_min": 0.007173457343230492, "Potassium, Urine_max": 0.006944196612528972, "Lymphocytes_max": 0.006404721688391756, "Free Calcium_min": 0.006383012067913984, "Urea Nitrogen_max": 0.0048054155242632825, "Polys_min": 0.0033964760999720903, "White Blood Cells_max": 0.002823923287365203, "pCO2_min": 0.0025695747991018305, "PTT_max": 0.0019928067289462937, "Vitamin B12_min": 0.0019870499706812306, "Asparate Aminotransferase (AST)_min": 0.0017452258690988664, "Iron_min": 0.0016320730426969733, "pO2_min": 0.0014442830598948928, "Amylase_min": 0.0010794346307401775, "Specific Gravity_max": 0.0009436300061248966, "Alveolar-arterial Gradient_max": 0.0009330222486013363, "Cortisol_min": 0.0007530896431056328, "Osmolality, Urine_min": 0.000745254927103867, "Fibrinogen, Functional_min": 0.0006336436819932924, "Monocytes_max": 0.0005782795558145461, "Lactate Dehydrogenase (LD)_min": 0.0005650164233976329, "Creatinine, Urine_max": 0.0005641734144929955, "Oxygen Saturation_min": 0.00042522344733099935, "WBC_max": 0.00030606778053388095, "O2 Flow_max": 0.00029924188545458596, "Platelet Count_min": 0.0002901843800267616, "Urea Nitrogen, Urine_max": 0.00022865757908137153, "RBC_max": 0.00018515901874045004, "Alkaline Phosphatase_max": 0.00012086304507004691, "Nucleated Red Cells_min": 0.00011889804959267014, "Lactate Dehydrogenase (LD)_max": 9.554078228990753e-05, "Creatine Kinase (CK)_min": 9.061677209819925e-05, "Asparate Aminotransferase (AST)_max": 8.277777989772275e-05, "Lipase_max": 1.8431749187395655e-06, "Creatine Kinase (CK)_max": -1.9723361325048516e-05, "RBC_min": -4.657632785640317e-05, "Transferrin_min": -8.85538430605412e-05, "Glucose_max": -0.0001839943910438991, "Fibrinogen, Functional_max": -0.00028341599880102845, "Alanine Aminotransferase (ALT)_max": -0.00033357045813148635, "WBC_min": -0.000424187460979438, "pO2_max": -0.0004595341103000793, "Triglycerides_max": -0.0005741754102046492, "Urea Nitrogen, Urine_min": -0.0006141543361147934, "Amylase_max": -0.0006200276765251867, "Anion Gap_max": -0.0006797995756000666, "Alanine Aminotransferase (ALT)_min": -0.0007284407725688334, "Lipase_min": -0.0008703055987780933, "Alkaline Phosphatase_min": -0.0009006607111119182, "Tidal Volume_min": -0.0009059830657509796, "Tidal Volume_max": -0.0009882102999516369, "Creatine Kinase, MB Isoenzyme_max": -0.0010283524744830494, "Calculated Total CO2_max": -0.0013449047583486485, "Hematocrit_max": -0.001692856426146248, "Oxygen Saturation_max": -0.0019936382575507826, "Vitamin B12_max": -0.0020713571453545403, "Potassium, Urine_min": -0.0025135538470786286, "Platelet Count_max": -0.0025848874332632305, "Sodium, Urine_min": -0.004745247360941221, "Alveolar-arterial Gradient_min": -0.00514817963505251, "PT_max": -0.0053857782545021155, "Transferrin_max": -0.005466705487159996, "Potassium_max": -0.005794778067370808, "Neutrophils_max": -0.005830503370081548, "Ketone_min": -0.006111467285327168, "Calcium, Total_max": -0.006694388609642934, "MCV_max": -0.007803276613319063, "Sodium, Whole Blood_min": -0.008112816352576435, "RDW_min": -0.009060789104339195, "Bicarbonate_min": -0.011521214665436468, "Osmolality, Measured_min": -0.013762430669125096, "Free Calcium_max": -0.0149407079814387, "Sodium_min": -0.016301514565486792, "Potassium_min": -0.016476052240637317, "Bilirubin, Total_min": -0.01754364622326781, "Cholesterol Ratio (Total/HDL)_min": -0.01756452138045136, "Chloride_max": -0.019923925297969207, "Monocytes_min": -0.02059005397035125, "Bilirubin, Total_max": -0.02090268161740978, "Phenytoin_max": -0.022532501570863478, "Chloride_min": -0.02523603956818524, "Protein, Total_min": -0.026270246871431334, "Base Excess_min": -0.02827015900721031, "Basophils_min": -0.028393718381272005, "Red Blood Cells_min": -0.028907782452557568, "Potassium, Whole Blood_min": -0.03199523104430695, "Eosinophils_max": -0.0342257273845793, "Troponin T_min": -0.03532432354027522, "Lymphocytes_min": -0.03644449720303021, "Hemoglobin_max": -0.042540421031739134, "pH_min": -0.04418650123129533, "Phosphate_min": -0.06105984445496799, "Bilirubin, Indirect_max": -0.06592927263825045, "% Hemoglobin A1c_min": -0.06671932097498702, "MCHC_max": -0.06798527552738846, "MCH_max": -0.070401199816351, "MCHC_min": -0.08107317416223234, "Hemoglobin_min": -0.09086743690178808, "Eosinophils_min": -0.10020730559254926, "Bicarbonate_max": -0.11264816655148983, "Uric Acid_min": -0.1223945775242104, "Creatinine_min": -0.12857731152446822, "Creatinine_max": -0.13294495781593949, "Albumin_max": -0.1738526034304847, "Temperature_min": -0.17736724843450585, "Potassium, Whole Blood_max": -0.19523915917629167, "Albumin_min": -0.2725995222321512}