{"pH_max": 0.6232402589995619, "Lactate_min": 0.1958572433728842, "Lactate_max": 0.1506728215426531, "Anion Gap_min": 0.08982127481493656, "PT_min": 0.06718263191893582, "White Blood Cells_min": 0.045617667817401855, "Sodium_max": 0.045538581505132146, "pCO2_max": 0.03554222002192959, "Urea Nitrogen_min": 0.022396919474769964, "Glucose_min": 0.013906616454021681, "Oxygen_min": 0.009687257841562333, "Oxygen_max": 0.008573320318109048, "PTT_min": 0.008333408975341804, "Urea Nitrogen_max": 0.0018755877291570023, "Lymphocytes_max": 0.0018440780688772813, "pO2_min": 0.0016572954472513991, "Asparate Aminotransferase (AST)_min": 0.0015313554155589448, "PTT_max": 0.0011355882426966537, "Alveolar-arterial Gradient_max": 0.0009910671319079516, "Creatine Kinase (CK)_max": -8.882166514371484e-06, "Platelet Count_min": -7.780329502037747e-05, "pO2_max": -0.0008062138342577649, "Osmolality, Measured_max": -0.000942574779086581, "Oxygen Saturation_min": -0.0012420596873579078, "Tidal Volume_min": -0.0015312311939029452, "Platelet Count_max": -0.002417009833961264, "PEEP_max": -0.0029205909354568667, "Base Excess_min": -0.0062362451161318, "pCO2_min": -0.018805969757614543, "Troponin T_max": -0.02138018957737312, "Bilirubin, Total_min": -0.02322596901262738, "Lymphocytes_min": -0.05094792901007375, "Bicarbonate_max": -0.0839729630596261, "Eosinophils_min": -0.1314967872870727, "MCHC_min": -0.13551649867783438, "Potassium_min": -0.15963891426460872, "Temperature_min": -0.20684681892677925, "Red Blood Cells_max": -0.2704254751216542, "Albumin_max": -0.28005960415725567, "Albumin_min": -0.632504295421793}