{"Lactate_min": 0.18962336323857865, "Lactate_max": 0.15397676951494146, "Phenytoin_min": 0.09409624205316178, "Anion Gap_min": 0.07855428940640417, "PT_min": 0.07213419311479818, "Sodium_max": 0.058358476977175826, "White Blood Cells_min": 0.04762868930145076, "Phosphate_max": 0.04402654085080308, "pCO2_max": 0.033736547106763624, "Urea Nitrogen_min": 0.02307236849439142, "Temperature_max": 0.01448786042791191, "PTT_min": 0.012503607648568851, "Glucose_min": 0.012327434330151514, "Lymphocytes_max": 0.0068393488887180404, "pO2_min": 0.0020283572757408964, "Asparate Aminotransferase (AST)_min": 0.0016820289053625823, "Alveolar-arterial Gradient_max": 0.0009990787841229454, "pO2_max": -0.0006999583243762889, "Platelet Count_min": -0.0010890857560927314, "Tidal Volume_min": -0.0015745799956948029, "Platelet Count_max": -0.0017957462174166383, "Osmolality, Measured_max": -0.0024111386373134665, "Potassium_max": -0.005083031059365587, "Base Excess_min": -0.009817243185245546, "Bilirubin, Total_min": -0.04510373216197564, "Eosinophils_max": -0.0650399973596992, "Lymphocytes_min": -0.06701441447662951, "Bicarbonate_max": -0.08239996471633418, "Temperature_min": -0.29939853200963507, "Albumin_min": -1.065979449934265}