{"Lactate_min": 0.19393976132577384, "Phenytoin_min": 0.16764608237925552, "Lactate_max": 0.13669405632265524, "Anion Gap_min": 0.11367445625664631, "Bilirubin, Direct_min": 0.053134542135028454, "Sodium_max": 0.05305294305063145, "PT_min": 0.051003165668334786, "Vancomycin_min": 0.045362783160272625, "Urea Nitrogen_min": 0.03323734965356982, "Bilirubin, Direct_max": 0.03151762433914017, "Metamyelocytes_min": 0.029935601982714857, "pCO2_max": 0.02829830731890723, "Myelocytes_max": 0.02748527661943387, "Magnesium_max": 0.022600884986873945, "PTT_min": 0.019103669746597565, "White Blood Cells_min": 0.017614194316934898, "CK-MB Index_max": 0.01665515979121764, "Oxygen_max": 0.01632482525713016, "PEEP_min": 0.01611352577321221, "Osmolality, Measured_max": 0.015324678126184843, "RDW_max": 0.015074814960053801, "Glucose_min": 0.014685856310880407, "Bands_min": 0.014578127468888253, "Thyroid Stimulating Hormone_min": 0.013017161592780876, "Urobilinogen_min": 0.012408390130743508, "Calculated Total CO2_min": 0.011697494340225085, "Bands_max": 0.011457453679667376, "CK-MB Index_min": 0.011112934127713353, "Sodium, Whole Blood_min": 0.01059655579326739, "INR(PT)_min": 0.010152656533201052, "Phosphate_max": 0.009557942983423396, "Epithelial Cells_max": 0.007515477962847284, "Metamyelocytes_max": 0.007185152582958847, "White Blood Cells_max": 0.0067867471792894644, "Atypical Lymphocytes_max": 0.0065999200123912916, "Cortisol_min": 0.005804148739337883, "Iron_min": 0.005499787990270914, "Free Calcium_min": 0.004991583128866472, "Polys_max": 0.0046398039398874305, "O2 Flow_min": 0.004548921088195022, "INR(PT)_max": 0.0044955115519939, "Nucleated Red Cells_min": 0.0035524276339526993, "PT_max": 0.0032788199626142566, "Vancomycin_max": 0.0026059786531119782, "Asparate Aminotransferase (AST)_min": 0.002444867568646798, "Urea Nitrogen_max": 0.002382195999344044, "Alveolar-arterial Gradient_max": 0.0018487904877653328, "Potassium, Urine_min": 0.001760413828715697, "Polys_min": 0.0017366277943160666, "Potassium, Urine_max": 0.0015958555559447162, "Osmolality, Urine_max": 0.0014197967911010172, "Base Excess_max": 0.0012946918470174563, "Amylase_min": 0.0008666602780054644, "Lactate Dehydrogenase (LD)_min": 0.0007975176731864574, "RBC_max": 0.000518368617869885, "Fibrinogen, Functional_min": 0.0004897236291963882, "WBC_max": 0.0004549939472094072, "Urea Nitrogen, Urine_max": 0.0003549482423058347, "Creatine Kinase, MB Isoenzyme_min": 0.00020661524321142469, "Alkaline Phosphatase_max": 0.00014472192243686702, "Triglycerides_min": 0.00012626140487188752, "Lactate Dehydrogenase (LD)_max": 8.596327965415654e-05, "Creatine Kinase (CK)_min": 7.261751049288086e-05, "Oxygen Saturation_max": 5.2987432774428056e-05, "Granulocyte Count_max": 1.1694883800376472e-05, "Ferritin_min": 4.452047821478779e-06, "Creatine Kinase (CK)_max": -2.662711050030027e-06, "WBC_min": -4.131377895828616e-05, "Asparate Aminotransferase (AST)_max": -6.122945457544046e-05, "Granulocyte Count_min": -6.740684086538463e-05, "Alveolar-arterial Gradient_min": -7.337525479452678e-05, "RBC_min": -8.629817787037527e-05, "Fibrinogen, Functional_max": -0.00013463129234613435, "Amylase_max": -0.0002929832847450128, "Creatinine, Urine_min": -0.00033800901557684885, "Osmolality, Urine_min": -0.00039300576240565183, "Protein_min": -0.00039621170740071504, "Urea Nitrogen, Urine_min": -0.0006312420553702902, "Triglycerides_max": -0.0007274382909668844, "Alkaline Phosphatase_min": -0.0008920431743386081, "Lipase_min": -0.0009033702188411314, "Cortisol_max": -0.0009108194540449353, "Temperature_max": -0.000980510205987724, "Tidal Volume_max": -0.0011524809256053155, "Alanine Aminotransferase (ALT)_min": -0.0014197478373822465, "Creatine Kinase, MB Isoenzyme_max": -0.0019244556962972178, "Nucleated Red Cells_max": -0.0029684218402325833, "Cholesterol, HDL_min": -0.003119060708380826, "O2 Flow_max": -0.0032114287858756242, "Iron_max": -0.0034588841851164362, "Anion Gap_max": -0.004132666073929192, "Required O2_max": -0.005509554931620943, "Chloride, Whole Blood_min": -0.00577873763966351, "Sodium, Urine_min": -0.005977146423650271, "Osmolality, Measured_min": -0.009295596418642733, "Base Excess_min": -0.009619750867306636, "PEEP_max": -0.01056123079179626, "Cholesterol Ratio (Total/HDL)_min": -0.012147386224038352, "Cholesterol Ratio (Total/HDL)_max": -0.014667330369179511, "pCO2_min": -0.014871422494577725, "Thyroid Stimulating Hormone_max": -0.024137093422315202, "Protein, Total_max": -0.027061691136915592, "Uric Acid_max": -0.027705658676414002, "Phenytoin_max": -0.029545452200725457, "Protein, Total_min": -0.03621752411835193, "Sodium, Whole Blood_max": -0.03864037521027751, "Troponin T_min": -0.04372842107276679, "Epithelial Cells_min": -0.0534809229776361, "Bicarbonate_min": -0.06629387880666093, "Uric Acid_min": -0.08842825371619316, "MCHC_min": -0.15631640086030904, "Temperature_min": -0.202274276518685, "Creatinine_min": -0.21166540598484, "Albumin_max": -0.2220564764171842, "Potassium, Whole Blood_max": -0.2315699970804253, "Albumin_min": -0.30370312942976563}