{"Lactate_max": 0.15747663332208311, "pH_max": 0.15340413252458562, "Lactate_min": 0.10211154827878313, "Anion Gap_min": 0.1021077375266382, "Bilirubin, Direct_min": 0.08087461569156316, "Sodium_max": 0.07934109591758409, "PT_min": 0.05792641555403865, "Hematocrit, Calculated_min": 0.0433392373070849, "White Blood Cells_min": 0.04310653294371473, "Phosphate_max": 0.03988952055595118, "Vancomycin_min": 0.03317909288119176, "Atypical Lymphocytes_max": 0.03198823280182226, "pCO2_max": 0.031207887145368818, "RDW_max": 0.02852430913771965, "Required O2_min": 0.023453937914871187, "Base Excess_max": 0.023373634712946616, "Urea Nitrogen_min": 0.02264812084458603, "CK-MB Index_max": 0.021296254529152465, "MCV_min": 0.019688894056439605, "Red Blood Cells_max": 0.015225041634725886, "Bilirubin, Total_max": 0.014959896590513324, "Basophils_max": 0.013537167347292522, "INR(PT)_max": 0.01319338837725612, "INR(PT)_min": 0.012461906355856341, "Glucose_min": 0.012380414220777423, "Oxygen_max": 0.01193892666783889, "Bands_max": 0.011483654154841177, "PTT_min": 0.009267288338460371, "Neutrophils_min": 0.00815398019336151, "Osmolality, Measured_max": 0.007214788277930972, "MCH_min": 0.006979583922250727, "Hematocrit_min": 0.004628844161891184, "Phenytoin_max": 0.004411427161564983, "Polys_max": 0.0035555845145778422, "Lymphocytes_max": 0.003399290188143523, "Urea Nitrogen_max": 0.0029203905178664218, "PTT_max": 0.0028124636120605033, "pO2_min": 0.0022714554565381813, "Magnesium_min": 0.002005037191074331, "Creatinine, Urine_max": 0.0017297122580204377, "Vancomycin_max": 0.0016643957705664075, "Atypical Lymphocytes_min": 0.0014671476880513993, "Asparate Aminotransferase (AST)_min": 0.0014297034020677867, "Creatine Kinase, MB Isoenzyme_min": 0.0008589044873649249, "Alveolar-arterial Gradient_max": 0.0008268313619112559, "Osmolality, Urine_max": 0.0007980897379387444, "pCO2_min": 0.0006283111125239755, "Lactate Dehydrogenase (LD)_min": 0.0005784010210863374, "Fibrinogen, Functional_min": 0.000496097403602137, "Amylase_min": 0.00045036033206050064, "WBC_min": 0.00039602761002185337, "Polys_min": 0.0003761276950076593, "Oxygen Saturation_max": 0.0003148092267797465, "RBC_max": 0.0003110468631820755, "Cortisol_min": 0.0002654373427343931, "Platelet Count_min": 0.0002219814745212036, "Alkaline Phosphatase_max": 0.00010088656689508812, "Lactate Dehydrogenase (LD)_max": 8.396097672557722e-05, "Creatine Kinase (CK)_min": 6.351884498185663e-05, "Lipase_max": 3.359351345933619e-06, "Creatine Kinase (CK)_max": -9.064365979642549e-06, "Granulocyte Count_max": -2.137726659555429e-05, "pO2_max": -2.5079761060084604e-05, "Fibrinogen, Functional_max": -2.721623456313412e-05, "Asparate Aminotransferase (AST)_max": -5.394396273611773e-05, "Specific Gravity_max": -6.971944235211371e-05, "Amylase_max": -9.736196472446057e-05, "Sodium, Urine_max": -9.796362818557295e-05, "Glucose_max": -0.00016498018838586104, "Specific Gravity_min": -0.0003624162050652041, "Alkaline Phosphatase_min": -0.0006223634369972368, "Tidal Volume_min": -0.0007159101045668343, "Tidal Volume_max": -0.0007312090416684479, "RDW_min": -0.0007767158080947682, "Ketone_max": -0.0008206734678064305, "Lipase_min": -0.0009836800430503253, "Monocytes_max": -0.0012758691274612258, "PT_max": -0.0016298374227641126, "Free Calcium_min": -0.0016452583301472593, "Creatine Kinase, MB Isoenzyme_max": -0.0016456858959923504, "Creatinine, Urine_min": -0.00209802579563652, "Sodium, Urine_min": -0.0021614292177153196, "Platelet Count_max": -0.002299271477534634, "Cholesterol, Total_min": -0.002336663673888763, "Alveolar-arterial Gradient_min": -0.0026002974846202924, "Bilirubin, Indirect_min": -0.002674055450125864, "Oxygen Saturation_min": -0.0034857617522099666, "Base Excess_min": -0.0038600242630834783, "Ketone_min": -0.006819955556508765, "Anion Gap_max": -0.008443081674569556, "MCV_max": -0.00893743343299237, "Chloride_max": -0.009218878429839292, "Basophils_min": -0.010072487180722733, "Calcium, Total_max": -0.012373781433141384, "Free Calcium_max": -0.013540804315871586, "Red Blood Cells_min": -0.013909257765400005, "Potassium_max": -0.014270527410151147, "Sodium_min": -0.015052317738850164, "Potassium_min": -0.015437987204983655, "Neutrophils_max": -0.018694291368403178, "Protein, Total_min": -0.020146953347242147, "Troponin T_max": -0.02029099868236063, "Chloride, Whole Blood_max": -0.020692640475069753, "Thyroid Stimulating Hormone_max": -0.020772951009740272, "pH_min": -0.0214571566289137, "Chloride_min": -0.024001355847921655, "Troponin T_min": -0.024444902572518537, "Bicarbonate_min": -0.024713422633488174, "Hematocrit_max": -0.025485156626691118, "Hematocrit, Calculated_max": -0.027258628688252066, "Calculated Total CO2_min": -0.027455847310889642, "Monocytes_min": -0.02793901686246939, "Eosinophils_max": -0.02975282420980546, "Phosphate_min": -0.03619823087307881, "Bilirubin, Indirect_max": -0.043013357844802265, "Potassium, Whole Blood_min": -0.04907351519522241, "Eosinophils_min": -0.052900610000368324, "Bilirubin, Total_min": -0.05387900333025125, "Lymphocytes_min": -0.05695720052201432, "MCHC_min": -0.07614179398344116, "MCHC_max": -0.07614842059181637, "Hemoglobin_min": -0.07917181969560208, "Creatinine_min": -0.0895029340415737, "Albumin_max": -0.08992728035440396, "Calcium, Total_min": -0.09381098535591835, "Bicarbonate_max": -0.09452640455678188, "Potassium, Whole Blood_max": -0.09573059754366516, "Temperature_min": -0.10047441046838741, "Creatinine_max": -0.11791925820187009, "Albumin_min": -0.13636053926221028}