{"pH_max": 0.26246283467035425, "Lactate_min": 0.14773800387262012, "Lactate_max": 0.14479378027595183, "Phenytoin_min": 0.1046617975526795, "Anion Gap_min": 0.08098050209959017, "Sodium_max": 0.05949786003379575, "PT_min": 0.052952745677014, "Phosphate_max": 0.04413739930995572, "pCO2_max": 0.036409525951794544, "RDW_max": 0.032205550113460026, "White Blood Cells_min": 0.031695010492197355, "Urea Nitrogen_min": 0.020683883447626582, "MCH_min": 0.018366469895954574, "Bands_max": 0.01808934916520149, "Chloride_max": 0.017170098903026922, "Oxygen_max": 0.014491099564922024, "Glucose_min": 0.013141500536488684, "Temperature_max": 0.012420870747042439, "PTT_min": 0.01035830754593966, "White Blood Cells_max": 0.008549689520823484, "Neutrophils_min": 0.006741786011228575, "Osmolality, Measured_max": 0.004671941063049136, "PTT_max": 0.002590931526172615, "pO2_min": 0.0024927301792059945, "Asparate Aminotransferase (AST)_min": 0.0015545791604566154, "Urea Nitrogen_max": 0.0015158450072344954, "Alveolar-arterial Gradient_max": 0.0010247341161521214, "PT_max": 0.0008140604359056244, "Lactate Dehydrogenase (LD)_min": 0.0007967722641791636, "Lipase_max": 1.6391289332417785e-06, "Creatine Kinase (CK)_max": -1.5400822865531405e-05, "Alkaline Phosphatase_min": -7.932589512638429e-05, "Glucose_max": -0.00014332995167827016, "Specific Gravity_max": -0.0005975214198965584, "Platelet Count_min": -0.0008186154938359114, "Tidal Volume_min": -0.0008360181622671831, "pO2_max": -0.0008694319666715388, "Tidal Volume_max": -0.0008903897304857901, "Platelet Count_max": -0.0018035199272814265, "MCV_min": -0.0020284620678324324, "PEEP_max": -0.003454606173805605, "Ketone_max": -0.004476120145697599, "Base Excess_min": -0.008299839057579765, "Chloride_min": -0.008609873892409307, "Creatinine_max": -0.011392596271852445, "pCO2_min": -0.018651358502179534, "Chloride, Whole Blood_min": -0.02100772977547971, "Hematocrit_max": -0.025065756348407884, "Basophils_min": -0.030425120423224473, "Sodium_min": -0.03344364476395969, "Troponin T_max": -0.036736477645090956, "Potassium_min": -0.04092790474065269, "Lymphocytes_min": -0.04727339001094333, "Hemoglobin_max": -0.058087117836028525, "Phosphate_min": -0.07460388009478726, "Bicarbonate_max": -0.09046254852972196, "MCHC_max": -0.11553979554173832, "Temperature_min": -0.1772231960877038, "Potassium, Whole Blood_max": -0.208020339964482, "Albumin_min": -0.29897617621760614}