{"Albumin_max": -0.6330982087346729, "Temperature_min": -0.256363575753026, "Potassium_min": -0.1800961270870018, "Bicarbonate_max": -0.06929437115400415, "Lymphocytes_min": -0.0645792760418208, "Hematocrit_max": -0.037258106727313674, "Eosinophils_max": -0.02785719718516703, "pCO2_min": -0.025633184101078618, "Base Excess_min": -0.008430863529999715, "Creatinine_max": -0.005420759309471662, "Platelet Count_min": -0.0019505922830347056, "Tidal Volume_max": -0.001432152037149182, "Platelet Count_max": -0.0012435006568202304, "pO2_max": -0.0011872135902389854, "Lactate Dehydrogenase (LD)_max": 0.00010441593119528684, "Glucose_min": 0.012066769182947147, "PTT_min": 0.013651934128579237, "Urea Nitrogen_min": 0.022400780157122123, "pCO2_max": 0.03892779159219724, "White Blood Cells_min": 0.048189372423973725, "Sodium_max": 0.06561428407550385, "PT_min": 0.06907610079746913, "Anion Gap_min": 0.09446824895333825, "Lactate_max": 0.18141060255801847, "Lactate_min": 0.1913077727527885}