{"Lactate_min": 0.19817417088512063, "Lactate_max": 0.1313248587871821, "Magnesium_min": 0.12602700398952738, "Anion Gap_min": 0.09545837944882121, "Sodium_max": 0.07136983813629973, "INR(PT)_min": 0.06537304406186022, "PT_min": 0.059160515934023626, "pCO2_max": 0.03345644669471817, "Urea Nitrogen_min": 0.03086925193182288, "White Blood Cells_min": 0.028262111275048567, "Oxygen_max": 0.012931963606526159, "Glucose_min": 0.012699175648517398, "White Blood Cells_max": 0.006102342809380133, "Calcium, Total_max": 0.005809476676844576, "Required O2_max": 0.00438133998155981, "Osmolality, Measured_max": 0.004360117220254249, "PT_max": 0.003288354291609503, "pO2_min": 0.0026292541231567783, "PTT_max": 0.002401174618613205, "Asparate Aminotransferase (AST)_min": 0.0011358316606390453, "Lactate Dehydrogenase (LD)_min": 0.0006720619519546645, "Urea Nitrogen_max": 0.0004810368836076906, "Lactate Dehydrogenase (LD)_max": 1.9591239366706502e-05, "Glucose_max": -3.6510778472135375e-05, "Platelet Count_min": -0.000796733389582725, "pO2_max": -0.0009849873639078614, "Tidal Volume_min": -0.0009904329463441643, "Neutrophils_min": -0.0013561906665890341, "Platelet Count_max": -0.0023524312469629196, "Base Excess_min": -0.00574101793637326, "pCO2_min": -0.02065864257208724, "Bilirubin, Total_min": -0.03159503550308659, "Albumin_max": -0.034207646991294326, "Chloride_min": -0.034562646611290354, "Lymphocytes_min": -0.058763129521956045, "Bicarbonate_max": -0.09372771166505343, "MCHC_max": -0.13987129629144657, "Temperature_min": -0.1459950220503247, "Creatinine_min": -0.31677811980982895, "Albumin_min": -0.9842353116584175}