{"pH_max": 0.290750627567858, "Lactate_min": 0.1914730276043286, "Phenytoin_min": 0.13372629381992912, "Lactate_max": 0.1262438221120901, "Anion Gap_min": 0.12014691066935172, "Bilirubin, Direct_max": 0.10293071286419105, "Sodium_max": 0.08925933051620358, "PT_min": 0.05711290891278434, "White Blood Cells_min": 0.04948335891023389, "MCV_min": 0.044633956371835516, "Phosphate_max": 0.04111037269431607, "pCO2_max": 0.03379454343757239, "Urea Nitrogen_min": 0.029386730685183073, "Vancomycin_min": 0.02322933487604279, "RDW_max": 0.023013848673831223, "Base Excess_max": 0.022909043749353968, "INR(PT)_min": 0.015457721691390942, "Glucose_min": 0.014633368366341477, "PTT_min": 0.013666946849737712, "Bands_max": 0.011648052564168109, "Oxygen_min": 0.010308959098848203, "Oxygen_max": 0.008455127947606654, "Magnesium_min": 0.007669755525393546, "Potassium, Urine_max": 0.007516260197075898, "Free Calcium_min": 0.005938880578799218, "Osmolality, Measured_max": 0.005516601772891471, "MCH_min": 0.005207396809989914, "Asparate Aminotransferase (AST)_min": 0.0027759724397260505, "pO2_min": 0.0027145322863813457, "Monocytes_max": 0.0017996681317943286, "Neutrophils_max": 0.0015116777184549961, "Alveolar-arterial Gradient_max": 0.0014881176227366049, "PTT_max": 0.0010708723950003144, "Platelet Count_min": 0.0008319150082025751, "White Blood Cells_max": 0.0007821206516531033, "Lactate Dehydrogenase (LD)_min": 0.0006283110763565119, "PT_max": 0.000593628244409726, "Amylase_min": 0.0003652766666885517, "WBC_max": 0.00033928243601266596, "Osmolality, Urine_min": 0.0002869133501059389, "Fibrinogen, Functional_min": 0.0002444372918346237, "Lactate Dehydrogenase (LD)_max": 4.832006073931608e-05, "Creatine Kinase (CK)_min": 4.6442693378621304e-05, "Urea Nitrogen, Urine_max": 3.6691263722531916e-05, "Lipase_max": 2.8672114144138797e-06, "Creatine Kinase (CK)_max": -2.455409925689255e-05, "Alkaline Phosphatase_min": -0.00019250864427827372, "Glucose_max": -0.00025606724457396374, "Tidal Volume_max": -0.000780214609473883, "Creatine Kinase, MB Isoenzyme_min": -0.0008252001449945541, "Tidal Volume_min": -0.0008963626293218471, "Specific Gravity_max": -0.0009299374613710721, "pO2_max": -0.0010154842663003551, "Oxygen Saturation_min": -0.001072002569337492, "Specific Gravity_min": -0.0016745713461358597, "Required O2_min": -0.0016967258886921581, "Alanine Aminotransferase (ALT)_min": -0.002074693368749552, "Neutrophils_min": -0.0024908575790834366, "Platelet Count_max": -0.0025799125538560133, "Creatinine_max": -0.002822574137120481, "PEEP_max": -0.003313745001039819, "Calculated Total CO2_min": -0.004516545528061073, "RDW_min": -0.006570609597860099, "Chloride, Whole Blood_min": -0.010155211512110096, "pCO2_min": -0.015397618102784037, "Chloride_max": -0.019891065167294553, "Base Excess_min": -0.022061116999040477, "Bilirubin, Total_max": -0.024370961977357112, "Eosinophils_max": -0.024986458624770686, "MCV_max": -0.02767587965182724, "Basophils_min": -0.02830745587095313, "Red Blood Cells_max": -0.03300544795087769, "Sodium_min": -0.03476749951642008, "Bilirubin, Total_min": -0.03568493757372283, "Red Blood Cells_min": -0.03919387539829426, "Potassium_min": -0.04098534811196251, "Calcium, Total_max": -0.04107045215210585, "Potassium_max": -0.04739589179299065, "Lymphocytes_min": -0.048766762201119106, "Troponin T_max": -0.05244067156209899, "Phosphate_min": -0.06847906055915036, "pH_min": -0.08634588638877731, "Bicarbonate_max": -0.09076065179492136, "Hemoglobin_min": -0.12538839961601517, "MCHC_min": -0.14334183237708845, "Albumin_max": -0.1784774349526764, "Calcium, Total_min": -0.1852214294703009, "Temperature_min": -0.22489729948917392, "Creatinine_min": -0.23460330630491977, "Albumin_min": -0.2611482051795392}