{"pH_max": 0.6496818382436637, "Lactate_min": 0.2112142224210379, "INR(PT)_min": 0.20728187491032196, "Lactate_max": 0.1378146424664455, "Anion Gap_min": 0.11133216266811552, "Sodium_max": 0.06084810790675967, "PT_min": 0.05340723510334477, "White Blood Cells_min": 0.05243859614199674, "Phosphate_max": 0.037162939962518654, "pCO2_max": 0.034756746783434406, "Urea Nitrogen_min": 0.03327412773047871, "RDW_max": 0.02918419813218591, "Vancomycin_min": 0.027097534332388144, "Glucose_min": 0.013245051116842245, "INR(PT)_max": 0.012260644242350011, "Oxygen_max": 0.01128321697297238, "PTT_min": 0.010352978048512727, "Bilirubin, Total_max": 0.005139556784370245, "Required O2_max": 0.0023788852520118227, "Neutrophils_min": 0.002274766279479971, "pO2_min": 0.0022311164840247855, "Platelet Count_min": 0.0012405175175497476, "Cortisol_min": 0.001222182185465493, "PTT_max": 0.0010842925616238446, "Lactate Dehydrogenase (LD)_min": 0.0008024819568726606, "Osmolality, Measured_max": 0.0003946831931112748, "Lymphocytes_max": 0.0003261450855598524, "Glucose_max": -0.00015580563330774632, "Alkaline Phosphatase_min": -0.00043061509841330026, "pO2_max": -0.001032926615039139, "Tidal Volume_min": -0.0013642817930957672, "Urea Nitrogen_max": -0.00249140815041569, "Platelet Count_max": -0.0030568379525289704, "PEEP_max": -0.003959588937890242, "Base Excess_min": -0.008494581585646152, "Potassium_max": -0.02181917362299925, "Calcium, Total_max": -0.02259104566353669, "Bilirubin, Total_min": -0.03383924137237426, "Chloride_min": -0.03793815415853247, "Hematocrit_min": -0.038384953771506754, "Lymphocytes_min": -0.04985364718741807, "Phosphate_min": -0.05478332396543281, "Albumin_max": -0.08103753724289715, "Specific Gravity_min": -0.10568584825024979, "Potassium_min": -0.1112170954985424, "Bicarbonate_max": -0.11474997966867313, "pH_min": -0.16913561294702126, "Creatinine_min": -0.2737746637295371, "Temperature_min": -0.28206910172106037, "Albumin_min": -0.8592455360696145}