{"pH_max": 0.5100968267686585, "Lactate_min": 0.22213406544260483, "Temperature_max": 0.1375543530292607, "Lactate_max": 0.13270727478017724, "Phenytoin_min": 0.1040077602616796, "Anion Gap_min": 0.09785891246861986, "Sodium_max": 0.0749973059765483, "PT_min": 0.05983596872382453, "Basophils_max": 0.05735654759974478, "MCH_min": 0.05299047034687919, "White Blood Cells_min": 0.04842097568411489, "Phosphate_max": 0.04717481349646211, "Magnesium_min": 0.044866357938110765, "pCO2_max": 0.036592746946143326, "Urea Nitrogen_min": 0.03122721603759109, "Calcium, Total_max": 0.02903049462658649, "Potassium_max": 0.028159868424430603, "Free Calcium_min": 0.02053402421410519, "Bands_min": 0.02044781433078357, "INR(PT)_min": 0.017327501743186972, "Bilirubin, Total_max": 0.016796185711968236, "Osmolality, Measured_max": 0.015656148191987358, "Glucose_min": 0.014043080792245151, "PTT_min": 0.013900522331483752, "Oxygen_min": 0.01200270912041082, "Anion Gap_max": 0.008818555160204376, "Required O2_max": 0.008061816222806223, "Oxygen_max": 0.006575190415545028, "Epithelial Cells_max": 0.005142999018936056, "Vancomycin_max": 0.004026133649411307, "Neutrophils_max": 0.0038811967350297592, "Specific Gravity_max": 0.003791625526329443, "Specific Gravity_min": 0.0021959471816271428, "PTT_max": 0.0020781617085354146, "Urea Nitrogen_max": 0.0018883135966090898, "Cortisol_max": 0.0016264667667589279, "pO2_min": 0.0011517931908854124, "Osmolality, Urine_max": 0.0010829204859971494, "Lymphocytes_max": 0.0010478391036655122, "Asparate Aminotransferase (AST)_min": 0.0007287663400591382, "Lactate Dehydrogenase (LD)_min": 0.0005331927210732159, "Creatinine_max": 0.0004958984682961209, "Neutrophils_min": 0.0002987814196291765, "Fibrinogen, Functional_max": 0.00015252493162082933, "Creatine Kinase (CK)_min": 3.9019771546538274e-05, "Lactate Dehydrogenase (LD)_max": 2.0678587527124436e-05, "Platelet Count_min": 1.51563516897933e-05, "Granulocyte Count_max": -1.005556596685232e-05, "Oxygen Saturation_max": -8.923995403533637e-05, "Alveolar-arterial Gradient_min": -0.00013023935296827165, "pO2_max": -0.00018994150410463326, "Glucose_max": -0.00022751226233693746, "Urea Nitrogen, Urine_max": -0.00026242703699026624, "White Blood Cells_max": -0.00043247590265575833, "Lipase_min": -0.0005987702247493975, "Tidal Volume_min": -0.0007309874577469728, "Tidal Volume_max": -0.0007319667866926922, "Oxygen Saturation_min": -0.000874755035266232, "Triglycerides_min": -0.0012643283556614464, "Platelet Count_max": -0.0026575617216585933, "Monocytes_max": -0.003336097773921998, "Iron Binding Capacity, Total_max": -0.003450084344758856, "MCV_min": -0.0043283119766247685, "Bicarbonate_min": -0.005157192679702568, "Base Excess_min": -0.008204900575523725, "Troponin T_max": -0.010600657929098494, "Sodium_min": -0.013349766989088995, "pCO2_min": -0.013887228245899377, "Thyroid Stimulating Hormone_max": -0.014817492232846351, "Osmolality, Measured_min": -0.01633275587278608, "Chloride_min": -0.017532605700926088, "Hematocrit_min": -0.018613426273861908, "Chloride_max": -0.02084752837351835, "Free Calcium_max": -0.025864283300925196, "Eosinophils_max": -0.027127851935137424, "Troponin T_min": -0.03699920825628854, "Potassium_min": -0.039515842665176354, "Lymphocytes_min": -0.03962203947434481, "Bilirubin, Total_min": -0.04968298250846545, "Eosinophils_min": -0.08354161069329145, "MCHC_min": -0.08587493451396419, "Bicarbonate_max": -0.09952105376634236, "Hemoglobin_max": -0.11427582062992789, "MCHC_max": -0.11746640462721109, "Temperature_min": -0.21259996266952463, "Calcium, Total_min": -0.22430022867640625, "Albumin_max": -0.24668786686894495, "Potassium, Whole Blood_max": -0.31710067327388497, "Creatinine_min": -0.37020863542423205, "Albumin_min": -0.4469735103873847}