{"pH_max": 0.6042483165795245, "Lactate_min": 0.21060984981845823, "Lactate_max": 0.14464404039869064, "Phenytoin_min": 0.10794283945785157, "PT_min": 0.08649381342569094, "Anion Gap_min": 0.0771751511343099, "Sodium_max": 0.06288519225513264, "Magnesium_min": 0.0448964886419916, "White Blood Cells_min": 0.04198591983455418, "pCO2_max": 0.03705694421374034, "Urea Nitrogen_min": 0.027546680049716332, "Glucose_min": 0.013098298634895629, "PTT_min": 0.012428239038297489, "pO2_min": 0.0020060693276650636, "PTT_max": 0.0013766744650324282, "Alveolar-arterial Gradient_max": 0.001210924229263679, "Lactate Dehydrogenase (LD)_max": 7.31287362103592e-05, "Creatine Kinase (CK)_min": 5.617565333592318e-05, "Platelet Count_min": -9.637513879316426e-05, "Tidal Volume_min": -0.0006975980223680055, "pO2_max": -0.0007439324635448012, "Creatine Kinase, MB Isoenzyme_max": -0.0009650398781266759, "Neutrophils_max": -0.0009921995215565515, "Tidal Volume_max": -0.0009996417430027844, "Lymphocytes_max": -0.001035339032869366, "Oxygen Saturation_min": -0.001083894726495535, "PEEP_max": -0.0020519820959728615, "Platelet Count_max": -0.0022605859153977522, "Osmolality, Measured_max": -0.0037343693689714202, "Base Excess_min": -0.007443537993362438, "Specific Gravity_max": -0.007819078220027942, "pCO2_min": -0.012524153989372516, "Chloride_min": -0.03480759053698272, "Potassium_max": -0.03603289435203693, "Bilirubin, Total_min": -0.04160625945150741, "Lymphocytes_min": -0.0607276455395844, "Phosphate_min": -0.10476930924375293, "Bicarbonate_max": -0.11272337623812081, "Temperature_min": -0.2841838180307818, "Albumin_min": -0.9798355269715933}