{"Lactate_max": 0.16863346029662052, "Lactate_min": 0.11469027918458029, "Anion Gap_min": 0.10516577045133997, "Phenytoin_min": 0.08490079829680605, "PT_min": 0.07712219873484251, "Sodium_max": 0.059736815133855974, "Bilirubin, Direct_max": 0.04956944182827212, "Vancomycin_min": 0.04591420932526974, "RDW_max": 0.0443433615886897, "Bilirubin, Direct_min": 0.03947918423040635, "Bands_min": 0.03341782739697924, "pCO2_max": 0.028785887991692363, "Urea Nitrogen_min": 0.02784333394431427, "Urobilinogen_max": 0.024284465794975785, "Osmolality, Measured_max": 0.02163245505476999, "Myelocytes_max": 0.01911238571005985, "Metamyelocytes_min": 0.018925440144183132, "White Blood Cells_max": 0.01670593332789622, "Glucose_min": 0.01629651535305254, "Oxygen_max": 0.015140543492389419, "CK-MB Index_max": 0.014648196813054272, "INR(PT)_min": 0.01407377989537834, "PEEP_min": 0.012884034390332373, "Metamyelocytes_max": 0.012599394794209675, "PTT_min": 0.011378859818583947, "INR(PT)_max": 0.01054162956051429, "CK-MB Index_min": 0.008831395740413759, "Myelocytes_min": 0.006319963939509089, "Iron_min": 0.005852715339645677, "Polys_max": 0.005722892257763047, "Sodium, Whole Blood_min": 0.0055862426779782195, "Potassium, Urine_max": 0.005411849098356348, "Alveolar-arterial Gradient_max": 0.004717192872825008, "Nucleated Red Cells_min": 0.004578886977541534, "O2 Flow_min": 0.002965746663656283, "Atypical Lymphocytes_max": 0.0029283604307001943, "Asparate Aminotransferase (AST)_min": 0.002698983061780688, "Vancomycin_max": 0.0023506197188985795, "Base Excess_min": 0.0017839162614198458, "Bands_max": 0.0017792590412970745, "Urea Nitrogen_max": 0.0014873325377527473, "Cholesterol, HDL_max": 0.0014333408960057249, "Epithelial Cells_max": 0.0014028658514864654, "Polys_min": 0.0013814921312067152, "Free Calcium_min": 0.0012390521330658856, "Fibrinogen, Functional_min": 0.0007785992729765798, "Cortisol_max": 0.0007479671702912206, "Osmolality, Urine_max": 0.0007271341729396284, "Amylase_min": 0.0007266807609974113, "Lactate Dehydrogenase (LD)_min": 0.0006133435748276002, "WBC_max": 0.000598768487324869, "PT_max": 0.00048772158396319924, "RBC_max": 0.0004503782690638081, "Triglycerides_min": 0.0002949158728013597, "Urea Nitrogen, Urine_max": 0.00023081841350325544, "RBC_min": 0.00013623077295112337, "Lactate Dehydrogenase (LD)_max": 0.00010878111425037019, "Alkaline Phosphatase_max": 0.00010094594920274671, "Asparate Aminotransferase (AST)_max": 9.596217567771764e-05, "Creatine Kinase (CK)_min": 8.386386932609059e-05, "Ferritin_min": 6.021313973062187e-06, "Ferritin_max": -7.923898890572904e-07, "Granulocyte Count_max": -9.587120928247694e-06, "Creatine Kinase (CK)_max": -1.282400948714778e-05, "Granulocyte Count_min": -4.227557172055917e-05, "Oxygen Saturation_max": -6.501233917413427e-05, "WBC_min": -0.0002312302456434726, "Amylase_max": -0.0002630765867922867, "Alanine Aminotransferase (ALT)_max": -0.0003552072636156311, "Creatine Kinase, MB Isoenzyme_min": -0.0004067833651014154, "Alkaline Phosphatase_min": -0.0004606986382839817, "Cortisol_min": -0.0005802435072072749, "Protein_min": -0.0007112529345660323, "Lipase_min": -0.0007315543437094568, "Urea Nitrogen, Urine_min": -0.0007417959044701774, "Alanine Aminotransferase (ALT)_min": -0.000915408838145909, "Triglycerides_max": -0.000986261454078106, "Tidal Volume_max": -0.0010712650941032396, "Creatinine, Urine_min": -0.0010764473031729938, "Required O2_min": -0.00241195436814515, "Monocytes_max": -0.00255056829933177, "Nucleated Red Cells_max": -0.002870521542500864, "O2 Flow_max": -0.003217744438330135, "Base Excess_max": -0.0046086286486677255, "Iron_max": -0.004680803071066162, "Sodium, Urine_min": -0.004690986383134319, "PEEP_max": -0.004790580512285773, "Phenytoin_max": -0.004952568841011573, "Cholesterol Ratio (Total/HDL)_min": -0.005808097601413032, "Magnesium_max": -0.0065587259814092365, "Cholesterol Ratio (Total/HDL)_max": -0.006873285870080829, "Thyroid Stimulating Hormone_min": -0.009973875558555162, "Chloride, Whole Blood_min": -0.011106731346016379, "Phosphate_max": -0.014131687305409677, "Troponin T_min": -0.016732865869345265, "Thyroid Stimulating Hormone_max": -0.0176837520529337, "Protein, Total_max": -0.01831949172700684, "Basophils_max": -0.019509074006741883, "Protein, Total_min": -0.02116170517618545, "Osmolality, Measured_min": -0.023312487202458626, "Temperature_max": -0.024244393908190068, "Calculated Total CO2_min": -0.024929358502983005, "tacroFK_max": -0.026122096633280984, "Required O2_max": -0.02695653382975396, "Troponin T_max": -0.032872169957589945, "Uric Acid_max": -0.03457487857508327, "Anion Gap_max": -0.035546823026039814, "Sodium, Whole Blood_max": -0.03583395902762702, "Epithelial Cells_min": -0.03741364450896104, "Uric Acid_min": -0.044540493859366335, "Calcium, Total_max": -0.05438024378617078, "Bicarbonate_min": -0.0718162032925755, "Monocytes_min": -0.09476160412503473, "Albumin_max": -0.099582654021725, "MCHC_min": -0.12925561666813745, "Albumin_min": -0.1356626366778742, "Temperature_min": -0.14004249546364894}