{"pH_max": 0.2650102220026724, "Lactate_min": 0.15154635743036798, "Lactate_max": 0.13739469691926, "Phenytoin_min": 0.10051653150631754, "Anion Gap_min": 0.09833734703725457, "Sodium_max": 0.07179023918766742, "Bilirubin, Direct_min": 0.06322544431086434, "Phosphate_max": 0.0555877476673084, "PT_min": 0.05410958896759133, "Hematocrit, Calculated_min": 0.04719955081804462, "White Blood Cells_min": 0.0468749092915742, "RDW_max": 0.04309888189360752, "Temperature_max": 0.04173766767489209, "Metamyelocytes_min": 0.03931137498898761, "Atypical Lymphocytes_max": 0.03805760620626045, "pCO2_max": 0.03469251822367504, "Red Blood Cells_max": 0.03279601343281216, "Bilirubin, Direct_max": 0.02710405766663116, "Urea Nitrogen_min": 0.02568643757842057, "MCV_min": 0.02441124816739765, "Magnesium_max": 0.021694921254286133, "Base Excess_max": 0.021511693691927094, "Magnesium_min": 0.01965901184050509, "INR(PT)_max": 0.01910919846307217, "Vancomycin_min": 0.018649704623549555, "Bands_min": 0.017154724027470127, "Atypical Lymphocytes_min": 0.015214623158928442, "INR(PT)_min": 0.014752012822098162, "PTT_min": 0.014540434413384214, "Basophils_max": 0.014415656979769936, "Glucose_min": 0.013068314069828606, "CK-MB Index_min": 0.009697958109276662, "Oxygen_min": 0.009562170332011372, "CK-MB Index_max": 0.009083117641263379, "PEEP_min": 0.008598804506837842, "Oxygen_max": 0.00631259892831918, "Hematocrit_min": 0.005419487126047505, "White Blood Cells_max": 0.004676089919117056, "Neutrophils_max": 0.0037564890757814545, "Potassium, Urine_min": 0.0033615603603007653, "Lymphocytes_max": 0.003030478443416305, "Neutrophils_min": 0.002766961129174615, "Bands_max": 0.0021877802637973397, "Monocytes_max": 0.0021660161406158577, "Nucleated Red Cells_min": 0.0021454557420108214, "PTT_max": 0.0019786249343854184, "Iron_max": 0.0018262518723167892, "Epithelial Cells_max": 0.001767836696347028, "pO2_min": 0.0017099575417928736, "Osmolality, Measured_max": 0.001703559173781476, "Asparate Aminotransferase (AST)_min": 0.0016249066883303183, "Alveolar-arterial Gradient_max": 0.0014505699505048375, "Osmolality, Urine_max": 0.0012580022035298055, "Lactate Dehydrogenase (LD)_min": 0.0005277753680649317, "Amylase_min": 0.0005011122412479402, "Fibrinogen, Functional_max": 0.0003344922044945159, "WBC_max": 0.0002761378521112826, "Specific Gravity_max": 0.00025633457591326433, "Oxygen Saturation_max": 0.00019243592822259682, "Lactate Dehydrogenase (LD)_max": 6.322270669339739e-05, "Creatine Kinase (CK)_min": 5.2040643520791976e-05, "RBC_min": 1.3359234885858912e-05, "Lipase_max": 3.2308236243679225e-06, "Creatine Kinase (CK)_max": -1.2490783025534478e-05, "Asparate Aminotransferase (AST)_max": -5.621701260550036e-05, "Glucose_max": -7.818844057078594e-05, "Creatinine, Urine_max": -0.00011136705793779316, "Specific Gravity_min": -0.00018031980547509525, "Platelet Count_min": -0.00019107518588951886, "Protein_min": -0.00021637376107709773, "Amylase_max": -0.00022398549054302632, "Protein_max": -0.00025785193878198186, "Alkaline Phosphatase_min": -0.0003343779810635134, "pO2_max": -0.0003443023319926507, "WBC_min": -0.000548476499984446, "Lipase_min": -0.0005910782551752486, "Urea Nitrogen, Urine_min": -0.0006021901483816178, "Urea Nitrogen_max": -0.0007483459357630794, "Sodium, Urine_max": -0.0008005308743327928, "Tidal Volume_max": -0.000806421140557386, "Triglycerides_min": -0.0008167853158296164, "Tidal Volume_min": -0.001184060896829717, "Anion Gap_max": -0.0021390359566693727, "PEEP_max": -0.0021561317236496384, "Platelet Count_max": -0.002240181996709347, "PT_max": -0.0027611658122427864, "Sodium, Urine_min": -0.0029164289457719304, "Oxygen Saturation_min": -0.0032394077516918955, "Transferrin_max": -0.005557676320642649, "Bilirubin, Total_max": -0.005867071564001729, "pCO2_min": -0.0061784760895687825, "Potassium_min": -0.006526421635027011, "RDW_min": -0.006863348313830377, "Sodium_min": -0.006967439985776394, "Sodium, Whole Blood_max": -0.010317865893576458, "Free Calcium_max": -0.010921454822276598, "Chloride_max": -0.012358645307283745, "Hemoglobin_max": -0.012809709203343273, "Calculated Total CO2_min": -0.013429021474220943, "Bicarbonate_min": -0.015210997887555125, "Chloride_min": -0.015410688418634263, "Monocytes_min": -0.017633432158185993, "Sodium, Whole Blood_min": -0.01799927913443204, "Calcium, Total_max": -0.0185421028463328, "Red Blood Cells_min": -0.019886316496450365, "Base Excess_min": -0.020468658859077758, "Hematocrit_max": -0.022313757587530385, "Hematocrit, Calculated_max": -0.02243241207804929, "Basophils_min": -0.023347322032824646, "Potassium_max": -0.02337213509054149, "Phenytoin_max": -0.023483920429798032, "Thyroid Stimulating Hormone_max": -0.023882931444603028, "MCH_max": -0.03537040807265652, "Lymphocytes_min": -0.036037119036221046, "Phosphate_min": -0.04014912728030612, "Eosinophils_max": -0.0410251255257479, "Troponin T_max": -0.04365011060031505, "Potassium, Whole Blood_min": -0.05373634102228501, "MCHC_max": -0.05408942038202497, "pH_min": -0.05471216594281551, "Bilirubin, Total_min": -0.056280473677826695, "MCHC_min": -0.07075211454290224, "Hemoglobin_min": -0.09579483651875478, "Bicarbonate_max": -0.09876320372346704, "Albumin_max": -0.13124588442849608, "Temperature_min": -0.13548295221076287, "Calcium, Total_min": -0.14741201417943847, "Potassium, Whole Blood_max": -0.16922047932137635, "Creatinine_min": -0.21248792978560205, "Albumin_min": -0.22547689774211313}