{"pH_max": 0.6281801229875665, "Lactate_min": 0.18697965287163687, "INR(PT)_min": 0.15562365520984933, "Lactate_max": 0.14449290396605655, "Anion Gap_min": 0.09453945224711584, "Sodium_max": 0.059094211154954016, "Temperature_max": 0.055203951044592664, "White Blood Cells_min": 0.052038888751772976, "PT_min": 0.0485880909031305, "pCO2_max": 0.033695338201407715, "Urea Nitrogen_min": 0.023226747850780376, "Glucose_min": 0.014736515039261502, "PTT_min": 0.012679189810725583, "Oxygen_max": 0.012412840155205274, "Calcium, Total_max": 0.005766610597161622, "PT_max": 0.003585204108818749, "pO2_min": 0.002018744157411906, "Osmolality, Measured_max": 0.0016468381695560958, "Lactate Dehydrogenase (LD)_min": 0.0008320565443641565, "Platelet Count_min": 0.0006373762732678731, "Alveolar-arterial Gradient_max": 0.0006170337829460606, "Creatine Kinase (CK)_min": 3.5523937740089395e-05, "Glucose_max": -0.00010801016476659703, "pO2_max": -0.0008069770777137363, "Tidal Volume_min": -0.0011489255377712592, "Phosphate_max": -0.0012461590393062659, "Albumin_max": -0.002898091599244344, "Platelet Count_max": -0.002972487644106137, "Base Excess_min": -0.010409490415945858, "pCO2_min": -0.010914791001978877, "Bilirubin, Total_min": -0.01845974310969153, "Sodium_min": -0.03388366333337359, "Hematocrit_min": -0.03863911134871928, "Lymphocytes_min": -0.04881337156464983, "Bicarbonate_max": -0.08881232851835227, "Eosinophils_min": -0.12543096293596598, "MCHC_max": -0.16207309143294976, "Potassium_min": -0.18414225260936368, "Temperature_min": -0.19512902305299643, "Albumin_min": -0.8679187469426263}