{"Lactate_max": 0.2039607485944751, "Lactate_min": 0.170053677853119, "Phenytoin_min": 0.1315267684220029, "PT_min": 0.06561302746485156, "Sodium_max": 0.0605827510992941, "Bilirubin, Direct_min": 0.04056437128931084, "Vancomycin_min": 0.03804556673099763, "Anion Gap_min": 0.036439077634451936, "RDW_max": 0.03333505641367242, "Bands_min": 0.03171244776621259, "pCO2_max": 0.030490501143569732, "Urea Nitrogen_min": 0.030256757827837388, "Myelocytes_max": 0.027423940879749954, "Bilirubin, Direct_max": 0.024487045631638622, "Metamyelocytes_min": 0.02344408199171412, "CK-MB Index_min": 0.022389362808582253, "Phosphate_max": 0.020094730642949133, "Metamyelocytes_max": 0.019089454272764202, "Osmolality, Measured_max": 0.01804327779778041, "Oxygen_max": 0.01683261216696037, "PTT_min": 0.01489645839739293, "Glucose_min": 0.014889588812536311, "INR(PT)_min": 0.012564174029966242, "White Blood Cells_max": 0.011576043384261474, "PEEP_min": 0.011322846479081217, "Cholesterol Ratio (Total/HDL)_min": 0.010600496925373584, "Potassium, Urine_max": 0.009546263956429171, "Cholesterol Ratio (Total/HDL)_max": 0.009455596899094231, "CK-MB Index_max": 0.008844183152913479, "Cholesterol, HDL_min": 0.00846443567206668, "Thyroid Stimulating Hormone_min": 0.008257656650547764, "Epithelial Cells_max": 0.006202278347130813, "INR(PT)_max": 0.005705373121924767, "O2 Flow_min": 0.005443672638873151, "Polys_min": 0.0049932902965922656, "Sodium, Whole Blood_min": 0.00427083398274954, "Polys_max": 0.004135763931169536, "Required O2_min": 0.002903323870741266, "Asparate Aminotransferase (AST)_min": 0.0028382263438653946, "Alveolar-arterial Gradient_max": 0.0016490502788576316, "Cortisol_max": 0.0013685026085307154, "PT_max": 0.0011670563085288141, "Iron_min": 0.0009252144373596632, "Urea Nitrogen_max": 0.0008861708933580754, "Amylase_min": 0.0008660596327701985, "Fibrinogen, Functional_min": 0.000793188183338104, "Osmolality, Urine_max": 0.0006664869718369159, "Lactate Dehydrogenase (LD)_min": 0.0006634075847374415, "Triglycerides_min": 0.0005066351250970166, "Bands_max": 0.0004299772517768569, "tacroFK_min": 0.00038953815149835876, "Urea Nitrogen, Urine_max": 0.00038272156601575633, "RBC_max": 0.0003681866562817635, "WBC_min": 0.0003635604913141876, "Osmolality, Urine_min": 0.0002459585900444201, "Alkaline Phosphatase_max": 0.00023575145053674485, "WBC_max": 0.00021346332664040336, "Cortisol_min": 0.00015591319385435245, "Monocytes_max": 0.00010965006164344711, "Lactate Dehydrogenase (LD)_max": 9.920399790966012e-05, "Asparate Aminotransferase (AST)_max": 8.155414289807235e-05, "Oxygen Saturation_max": 7.749761660479685e-05, "Base Excess_max": 7.350835964543183e-05, "Creatine Kinase (CK)_min": 5.874949758970192e-05, "Free Calcium_min": 5.5080845060287156e-05, "Ferritin_max": 9.814246027343756e-07, "Granulocyte Count_min": -7.1246616290529465e-06, "Creatine Kinase (CK)_max": -1.5877555838853345e-05, "Granulocyte Count_max": -3.0237837111789276e-05, "Fibrinogen, Functional_max": -5.295790608600836e-05, "RBC_min": -0.00011180638768505449, "Amylase_max": -0.00025927588908142545, "Alanine Aminotransferase (ALT)_max": -0.0003235962739427724, "Protein_min": -0.0004994110806062775, "Specific Gravity_min": -0.0005177648380432583, "Alkaline Phosphatase_min": -0.0005514640811353484, "Tidal Volume_min": -0.0006868893323452855, "Creatine Kinase, MB Isoenzyme_min": -0.0008289723712858776, "Cholesterol, Total_min": -0.0008609239546833999, "Tidal Volume_max": -0.0008753733438454435, "Urea Nitrogen, Urine_min": -0.000898795117751643, "Lipase_min": -0.0009885251068925305, "Triglycerides_max": -0.001062146267526037, "Alanine Aminotransferase (ALT)_min": -0.001565466008358632, "Potassium, Urine_min": -0.001684970383406892, "Vancomycin_max": -0.0017186668457826165, "Base Excess_min": -0.0023158971765510944, "Creatinine, Urine_min": -0.0023261436426700306, "Sodium, Urine_min": -0.0026224601679050432, "Nucleated Red Cells_max": -0.0028018755124084188, "Sodium, Urine_max": -0.003238107622805659, "O2 Flow_max": -0.0036296134306231355, "PEEP_max": -0.004142456643684968, "Magnesium_max": -0.004544207423656457, "Calculated Total CO2_min": -0.0055219330884159505, "Required O2_max": -0.005945291921770044, "pCO2_min": -0.011689774715388221, "Anion Gap_max": -0.013096954721497337, "Chloride, Whole Blood_max": -0.014337541800208275, "Phenytoin_max": -0.017107395902178666, "Bicarbonate_min": -0.017183429671489864, "Temperature_max": -0.017403928330065134, "Osmolality, Measured_min": -0.01887533760238693, "Protein, Total_max": -0.022013072053850474, "Thyroid Stimulating Hormone_max": -0.02248049602660677, "Sodium, Whole Blood_max": -0.02584243651087322, "Protein, Total_min": -0.02828097613176632, "Uric Acid_max": -0.02978153388439117, "Epithelial Cells_min": -0.04847947913522876, "Troponin T_max": -0.051450283358895996, "Uric Acid_min": -0.06470117514138463, "Bicarbonate_max": -0.08373190795013775, "Monocytes_min": -0.08906724942777745, "Temperature_min": -0.1369266770434583, "Potassium, Whole Blood_max": -0.14485303350711207, "MCHC_min": -0.16154082513771736, "Albumin_min": -0.2019697608445496}