{"pH_max": 0.3711815003149813, "Lactate_min": 0.2064615932337199, "Lactate_max": 0.13467032832780568, "Phenytoin_min": 0.12552026060748336, "Anion Gap_min": 0.11305471181510875, "Phosphate_max": 0.10944068157392911, "Sodium_max": 0.07406311885204561, "PT_min": 0.062110455416293, "RDW_max": 0.06143255863940996, "White Blood Cells_min": 0.058324774897976245, "Calculated Total CO2_max": 0.042295957613136544, "Magnesium_max": 0.04149764717035081, "Temperature_max": 0.03746522586021286, "MCH_min": 0.0369675433739879, "Red Blood Cells_max": 0.03505809440547114, "Urea Nitrogen_min": 0.029827809662688477, "pCO2_max": 0.02919872156482576, "Bilirubin, Total_max": 0.026238473564540368, "MCV_min": 0.025231234617144254, "Myelocytes_max": 0.01861546644396819, "Anion Gap_max": 0.015761217855260648, "Bands_max": 0.013889837486485595, "Glucose_min": 0.013379283377540591, "Myelocytes_min": 0.012904001700699762, "PTT_min": 0.011439156317946118, "Oxygen_min": 0.00908396815924712, "Hematocrit, Calculated_max": 0.008647086376826025, "PEEP_min": 0.008607363390094542, "Neutrophils_min": 0.007826797631567028, "Oxygen_max": 0.007647429757153107, "INR(PT)_max": 0.0070633694610159874, "MCV_max": 0.0069355785764430335, "Free Calcium_min": 0.0068090275948340315, "Lymphocytes_max": 0.006080051428552016, "Chloride_max": 0.005949814632662749, "Magnesium_min": 0.0047579708353739855, "Osmolality, Measured_max": 0.0035471769821258737, "Potassium, Urine_min": 0.00342494195961878, "pO2_min": 0.0025384309612927996, "Creatine Kinase, MB Isoenzyme_min": 0.0021462945449617563, "Nucleated Red Cells_min": 0.0019685711752324914, "Required O2_min": 0.0016735167887786556, "Asparate Aminotransferase (AST)_min": 0.0013770079432162358, "PTT_max": 0.0013709211844888695, "Osmolality, Urine_max": 0.0012746261850773261, "Amylase_min": 0.0009614668841607929, "Lactate Dehydrogenase (LD)_min": 0.000666201547156567, "Monocytes_max": 0.0006599340998705404, "Cortisol_max": 0.0006340273874629609, "Platelet Count_min": 0.0005930761327777967, "Alveolar-arterial Gradient_max": 0.00041277843393089066, "Alkaline Phosphatase_max": 0.0004108279908417791, "Fibrinogen, Functional_min": 0.00037169777407074147, "Creatinine, Urine_max": 0.00034327902491878236, "WBC_max": 0.0002562941586755509, "PT_max": 0.00021133917351810757, "Urea Nitrogen_max": 8.511022348805546e-05, "Creatine Kinase (CK)_min": 6.265377139642216e-05, "Creatine Kinase (CK)_max": -9.223548640922474e-06, "Granulocyte Count_max": -2.187953230486972e-05, "RBC_max": -5.3947383283637966e-05, "Alanine Aminotransferase (ALT)_max": -0.00015554511789840457, "WBC_min": -0.00022019687797254485, "O2 Flow_max": -0.0002827075146778988, "Glucose_max": -0.00028879457060675064, "Osmolality, Urine_min": -0.0003922410066420307, "Amylase_max": -0.0004254847829393327, "Urea Nitrogen, Urine_min": -0.0005882713581462337, "Lipase_min": -0.0006156755672244463, "Oxygen Saturation_max": -0.000777853230776351, "Tidal Volume_min": -0.0008620272444937415, "Tidal Volume_max": -0.0009291113264803894, "pO2_max": -0.0009391443198168392, "Alkaline Phosphatase_min": -0.0013463625398107987, "Base Excess_min": -0.0017519698513220139, "Creatine Kinase, MB Isoenzyme_max": -0.002024475274191595, "Sodium, Urine_min": -0.002412836810024639, "pCO2_min": -0.0026239509299915884, "Platelet Count_max": -0.00262597274879265, "White Blood Cells_max": -0.0038703208184046683, "Sodium_min": -0.00428751420324227, "Hematocrit_max": -0.009559176390344332, "Neutrophils_max": -0.010854500228534958, "Thyroid Stimulating Hormone_min": -0.018245422194413382, "Monocytes_min": -0.023717461196680705, "Hemoglobin_max": -0.024226825452320192, "Basophils_min": -0.026030789990643222, "Chloride_min": -0.02845180212233017, "Sodium, Whole Blood_max": -0.03356483092255829, "Eosinophils_max": -0.03583328675915438, "Calculated Total CO2_min": -0.03817596748345621, "Bilirubin, Total_min": -0.04615515984557293, "RDW_min": -0.0501172468447947, "Troponin T_min": -0.05082636473460709, "Bilirubin, Indirect_max": -0.05492784130478432, "Lymphocytes_min": -0.05978495758065284, "Potassium_min": -0.06180945208753487, "Calcium, Total_max": -0.06727194474413682, "MCH_max": -0.0886366797426987, "pH_min": -0.09025883841519505, "MCHC_max": -0.09151221615398789, "Phosphate_min": -0.10069386386235114, "Potassium, Whole Blood_min": -0.10538663306937485, "Bicarbonate_max": -0.11451900077918224, "Creatinine_max": -0.11840410131131497, "Hemoglobin_min": -0.13788077396761567, "Creatinine_min": -0.16545137556011416, "Temperature_min": -0.21373954333931675, "Albumin_max": -0.22355794328447542, "Albumin_min": -0.34112286731633457}