{"pH_max": 0.3430750369382158, "Lactate_min": 0.19398598860446253, "Bilirubin, Direct_min": 0.12836102729668314, "Phenytoin_min": 0.12724889664937683, "Lactate_max": 0.12378686732581914, "MCH_min": 0.10367668968479754, "Sodium_max": 0.08177848162618329, "Anion Gap_min": 0.08025693277928925, "Temperature_max": 0.07759308665611833, "White Blood Cells_min": 0.06265935711177392, "PT_min": 0.05362547861836613, "Phosphate_max": 0.052935180783685046, "RDW_max": 0.05155067254206391, "Calculated Total CO2_max": 0.0479406118111528, "Red Blood Cells_max": 0.04053889907888965, "Required O2_min": 0.039529388773311504, "CK-MB Index_min": 0.03942187956502202, "pCO2_max": 0.030162709571529254, "Sodium, Whole Blood_min": 0.025226184536897612, "PEEP_min": 0.024717996906568514, "Magnesium_max": 0.024131772108442785, "Atypical Lymphocytes_min": 0.021793397043953663, "Urea Nitrogen_min": 0.021278643600588933, "Atypical Lymphocytes_max": 0.019841966634087507, "Osmolality, Measured_max": 0.01746011409792876, "Magnesium_min": 0.015988564728743788, "Hematocrit_min": 0.015143765700732816, "Glucose_min": 0.015123254054087399, "INR(PT)_min": 0.014407237004187461, "PTT_min": 0.014135413745474465, "Basophils_max": 0.014044426386679553, "Oxygen_min": 0.010306925169288429, "Oxygen_max": 0.010260035338291153, "Free Calcium_min": 0.009479106279333266, "Nucleated Red Cells_min": 0.007633619198906445, "Bilirubin, Total_max": 0.005458526621019024, "Lymphocytes_max": 0.003835658489485982, "Vancomycin_max": 0.003188058390194607, "pO2_min": 0.0026156056630172115, "Specific Gravity_max": 0.0018416874419450633, "PT_max": 0.0016781115442856189, "Alveolar-arterial Gradient_max": 0.001424651521378469, "O2 Flow_min": 0.0011945900944666553, "Specific Gravity_min": 0.0010104046425878552, "Asparate Aminotransferase (AST)_min": 0.0009685472752970991, "MCV_max": 0.0008751802228928776, "Transferrin_min": 0.0007986766297984395, "Lactate Dehydrogenase (LD)_min": 0.0007486431275142665, "Amylase_min": 0.00045963284733718877, "Urea Nitrogen_max": 0.0003420126217154364, "WBC_max": 0.0001996883086493633, "Platelet Count_min": 0.0001970395273274892, "RBC_max": 0.00017512937226214477, "Sodium, Urine_max": 0.00010764816018007985, "Creatinine, Urine_min": 8.657165942501485e-05, "Lactate Dehydrogenase (LD)_max": 7.393052687600758e-05, "Creatine Kinase (CK)_min": 6.112400878462185e-05, "Lipase_max": 2.6548662535519377e-06, "Creatine Kinase (CK)_max": -9.293239758314418e-06, "RBC_min": -3.657722045493541e-05, "Asparate Aminotransferase (AST)_max": -6.0884697267097896e-05, "Oxygen Saturation_min": -8.325277851584398e-05, "Glucose_max": -0.0002030934190983533, "Urea Nitrogen, Urine_min": -0.00026144734122411146, "Nucleated Red Cells_max": -0.0005159638353111856, "Creatine Kinase, MB Isoenzyme_min": -0.0007095424601448298, "pO2_max": -0.0007355080953323716, "Creatine Kinase, MB Isoenzyme_max": -0.0007447836776125855, "Triglycerides_min": -0.000992695501551818, "Tidal Volume_min": -0.0013363811899941307, "Oxygen Saturation_max": -0.001419466526793076, "Monocytes_max": -0.0024014999094505037, "Platelet Count_max": -0.002413705642807558, "Required O2_max": -0.0025797911122129257, "Transferrin_max": -0.004300145481890911, "Chloride, Whole Blood_max": -0.00452655800330776, "Sodium, Urine_min": -0.004694100357251026, "Alveolar-arterial Gradient_min": -0.005557442060100293, "Base Excess_max": -0.006565071264944856, "Neutrophils_max": -0.007501627887634293, "Sodium_min": -0.00757010361011492, "Base Excess_min": -0.007872764193550742, "RDW_min": -0.007933912645593367, "White Blood Cells_max": -0.009031304894739831, "pCO2_min": -0.01022524176949076, "PEEP_max": -0.01043250912994289, "Hematocrit_max": -0.012523182797157226, "Chloride_max": -0.016172974024780337, "Osmolality, Measured_min": -0.017878001415882118, "Thyroid Stimulating Hormone_max": -0.019324252718265968, "Anion Gap_max": -0.019930027623449902, "Red Blood Cells_min": -0.02115940834454211, "Chloride_min": -0.02228129011167194, "Calcium, Total_max": -0.022507428083236726, "Cholesterol Ratio (Total/HDL)_max": -0.023330570759289987, "Eosinophils_max": -0.02513965820117868, "Monocytes_min": -0.025990647434920192, "Potassium_max": -0.02725556112325128, "Potassium_min": -0.027554580384128464, "Creatinine_max": -0.02770375993687471, "Calculated Total CO2_min": -0.03303552379887891, "Bicarbonate_min": -0.035694085404348715, "Sodium, Whole Blood_max": -0.04263016093858603, "Phenytoin_max": -0.0476589964629236, "Hemoglobin_max": -0.055543048206420254, "Lymphocytes_min": -0.05673444986110458, "MCHC_min": -0.06595576802125575, "MCH_max": -0.06843842987610324, "pH_min": -0.06983703140363627, "MCHC_max": -0.07075789719069342, "Bilirubin, Total_min": -0.07773556009865329, "Eosinophils_min": -0.08159281638097098, "Hemoglobin_min": -0.08584859775411721, "Phosphate_min": -0.0882378299731523, "Potassium, Whole Blood_min": -0.09062947655409792, "Bicarbonate_max": -0.09454703580136019, "Temperature_min": -0.14947092795791425, "Calcium, Total_min": -0.1783033270829879, "Albumin_max": -0.185749570882464, "Albumin_min": -0.2942803943773408}