{"Lactate_max": 0.16857881745583758, "pH_max": 0.13605908474362527, "Lactate_min": 0.11185791766913054, "Anion Gap_min": 0.09066628803086756, "Sodium_max": 0.07747260587807188, "PT_min": 0.06036334145898975, "White Blood Cells_min": 0.053088909791037274, "Bilirubin, Direct_min": 0.05214499391230277, "Bilirubin, Direct_max": 0.05134197656442777, "pCO2_max": 0.034077567678656814, "Vancomycin_min": 0.02716073353552779, "Phosphate_max": 0.026613434470590756, "Urea Nitrogen_min": 0.023540824717757435, "RDW_max": 0.022028439638579485, "Bands_min": 0.02097959715419797, "MCV_min": 0.01962269940294906, "Base Excess_max": 0.018234166264757865, "MCH_min": 0.0168633201811541, "Red Blood Cells_max": 0.01413837041127922, "Glucose_min": 0.012858470566798213, "PTT_min": 0.011835060677098667, "CK-MB Index_max": 0.010991666752706417, "Oxygen_max": 0.009900269252434682, "INR(PT)_min": 0.009608795393809827, "Oxygen_min": 0.009264015324459767, "Potassium, Urine_min": 0.005976766930287663, "Temperature_max": 0.005520314024013453, "Polys_min": 0.005473934690592032, "Vancomycin_max": 0.004128433389871601, "Lymphocytes_max": 0.003985147735583901, "Cortisol_max": 0.0035985596677440353, "MCV_max": 0.0034567652779103346, "Creatinine, Urine_max": 0.0034333937628250317, "Osmolality, Measured_max": 0.002537011405259597, "pO2_min": 0.002157430174461738, "Asparate Aminotransferase (AST)_min": 0.0019042334587578908, "PT_max": 0.0017151907395617303, "Alveolar-arterial Gradient_max": 0.0015429550026608756, "PTT_max": 0.0015018076818684417, "Nucleated Red Cells_min": 0.0014792832731259828, "O2 Flow_min": 0.0014643687466828156, "Free Calcium_min": 0.0013326191045352678, "Cholesterol Ratio (Total/HDL)_min": 0.001127614113216359, "Fibrinogen, Functional_max": 0.0005597556714931383, "Lactate Dehydrogenase (LD)_min": 0.0005178589809782405, "Monocytes_max": 0.00048196046233133405, "Alkaline Phosphatase_max": 0.00029879011584211347, "Amylase_min": 0.00029268610980647555, "Lactate Dehydrogenase (LD)_max": 0.00011433414756637868, "Creatine Kinase (CK)_min": 4.3727665197532273e-05, "Asparate Aminotransferase (AST)_max": 3.675266140042815e-05, "Lipase_max": 2.6814932645503603e-06, "Ferritin_max": 4.952771863524381e-07, "Creatine Kinase (CK)_max": -1.984512956162805e-05, "Platelet Count_min": -5.194110134926427e-05, "Fibrinogen, Functional_min": -6.0356514874065294e-05, "Granulocyte Count_min": -7.981780738216577e-05, "Oxygen Saturation_min": -0.0001359383521943152, "Glucose_max": -0.0001879980539243235, "White Blood Cells_max": -0.00019119125013512844, "Urea Nitrogen, Urine_max": -0.00022892031797962678, "Alanine Aminotransferase (ALT)_max": -0.0002696268984569431, "Neutrophils_min": -0.0003526212840375794, "Specific Gravity_max": -0.00037777061773539087, "Triglycerides_max": -0.00046488218954991527, "Alkaline Phosphatase_min": -0.0006456805446985676, "Lipase_min": -0.0008890908410504893, "pO2_max": -0.000948324951973284, "Tidal Volume_max": -0.0009529520566471274, "Tidal Volume_min": -0.0011404289905588602, "Cholesterol, Total_max": -0.0012921574459826715, "PEEP_max": -0.0015343443745002609, "Platelet Count_max": -0.0024349861464241693, "Sodium, Urine_max": -0.002691721177864492, "Hematocrit, Calculated_max": -0.003035595068747115, "Creatinine, Urine_min": -0.004114078747770047, "Chloride_max": -0.00489439482060469, "Required O2_max": -0.005650664630651978, "Creatinine_max": -0.010271160150098286, "Bilirubin, Total_max": -0.011132515414086152, "Basophils_min": -0.012226500552707157, "Sodium, Whole Blood_min": -0.01283846573645894, "Base Excess_min": -0.01664126375305661, "Anion Gap_max": -0.016714493121225908, "pCO2_min": -0.016980373556175064, "Potassium_min": -0.017600184336755326, "Hemoglobin_max": -0.018171273100303118, "Sodium_min": -0.018193332825531063, "Calcium, Total_max": -0.018312842989133483, "Hematocrit_max": -0.018376572921571264, "Potassium_max": -0.018732586810906813, "Chloride_min": -0.02358894399189704, "Hematocrit_min": -0.026344447960765842, "Bicarbonate_min": -0.02766338356552093, "Phosphate_min": -0.032471705770552514, "Troponin T_min": -0.0326484826025969, "Bilirubin, Indirect_min": -0.036486319396045776, "Bilirubin, Total_min": -0.040239955122513715, "Eosinophils_max": -0.04444277666465849, "MCH_max": -0.04815100183405856, "Lymphocytes_min": -0.0492303372829013, "MCHC_min": -0.06349098144428776, "MCHC_max": -0.06400883480193514, "Bicarbonate_max": -0.085456060693217, "Albumin_max": -0.08708915398169502, "Calcium, Total_min": -0.09789320484306673, "Temperature_min": -0.10835374059982639, "Potassium, Whole Blood_max": -0.11495038468509948, "Creatinine_min": -0.11540146463212776, "Albumin_min": -0.12981087596330987}