{"pH_max": 0.3436356625983015, "Lactate_min": 0.176948227180809, "Phenytoin_min": 0.1383007657311537, "Lactate_max": 0.09147746902066102, "MCH_min": 0.07669323933906814, "Anion Gap_min": 0.07631576327244514, "Temperature_max": 0.07153814677024244, "Sodium_max": 0.06986775347496225, "Phosphate_max": 0.06359974514993849, "RDW_max": 0.05408028607034913, "Basophils_max": 0.04968150591034166, "PT_min": 0.048731331394846325, "White Blood Cells_min": 0.046519015274712, "pCO2_max": 0.03411109628347686, "CK-MB Index_min": 0.03392977935128797, "Urea Nitrogen_min": 0.031982182446244393, "Metamyelocytes_max": 0.024132760157416614, "Vancomycin_min": 0.022409275095183073, "Calculated Total CO2_max": 0.02125801697070687, "Hematocrit, Calculated_max": 0.020052562822071743, "Magnesium_min": 0.018903997727263835, "Bilirubin, Total_max": 0.017630725794239643, "Magnesium_max": 0.016774946444236213, "PTT_min": 0.01590038549821645, "Osmolality, Measured_max": 0.014065046855178296, "Glucose_min": 0.013490067143195984, "Oxygen_min": 0.011274275530684927, "PEEP_min": 0.011062033843911074, "Oxygen_max": 0.00737685857942633, "Sodium_min": 0.0049639331390229436, "Free Calcium_min": 0.004937477524705985, "INR(PT)_max": 0.004229221174369158, "Bands_max": 0.003629726830370101, "Lymphocytes_max": 0.0029434182619464556, "Neutrophils_min": 0.0025159538210057816, "Cortisol_min": 0.0023406459779462536, "pO2_min": 0.002246291572634209, "PTT_max": 0.001456802457212557, "PT_max": 0.001363737756063804, "Asparate Aminotransferase (AST)_min": 0.0011944974229073097, "Osmolality, Urine_max": 0.0009712579316874317, "Alveolar-arterial Gradient_max": 0.0007988152808737931, "Lactate Dehydrogenase (LD)_min": 0.000614422516068248, "Nucleated Red Cells_min": 0.0005868918780027164, "WBC_max": 0.000539657534969168, "Platelet Count_min": 0.0003881764017674952, "Fibrinogen, Functional_min": 0.0003576023806632117, "Alveolar-arterial Gradient_min": 0.00027879164581566925, "Creatinine, Urine_max": 0.00024355721414665707, "Lactate Dehydrogenase (LD)_max": 9.189499035374081e-05, "Creatine Kinase (CK)_min": 8.413578035211078e-05, "Oxygen Saturation_max": 6.0866680747168715e-05, "Urea Nitrogen_max": 4.116309804076997e-05, "Glucose_max": 1.0449765392534994e-05, "Alkaline Phosphatase_max": 9.40418016413424e-06, "Creatine Kinase (CK)_max": -3.0590361688858975e-06, "White Blood Cells_max": -1.2911112551071858e-05, "Granulocyte Count_max": -2.2915720903528205e-05, "Asparate Aminotransferase (AST)_max": -6.558976816712168e-05, "Fibrinogen, Functional_max": -0.0001439162477907745, "Amylase_max": -0.0002326702428475186, "Alkaline Phosphatase_min": -0.00030839215285464306, "Osmolality, Urine_min": -0.0003581085111842953, "RDW_min": -0.00043453121001821754, "Lipase_min": -0.0006883066072154151, "pO2_max": -0.0007939087911000373, "Tidal Volume_min": -0.00104387601852031, "Creatine Kinase, MB Isoenzyme_max": -0.0011059585438600763, "Hematocrit_max": -0.0014956425508653526, "Ketone_max": -0.0020524939447698607, "Sodium, Urine_max": -0.002265642708644924, "Neutrophils_max": -0.002269244389327501, "Platelet Count_max": -0.0023591090009797916, "Transferrin_min": -0.004106002938123363, "PEEP_max": -0.004438408103490789, "Base Excess_min": -0.00528000427603926, "Chloride, Whole Blood_max": -0.007237696810575492, "Potassium_max": -0.009592443893811553, "Monocytes_min": -0.01021575856435214, "Anion Gap_max": -0.01082380373059729, "Chloride, Whole Blood_min": -0.012491507992972203, "MCV_max": -0.01301140968526725, "pCO2_min": -0.013595751364954597, "Osmolality, Measured_min": -0.014619780224903687, "Chloride_min": -0.019296781284026832, "Red Blood Cells_min": -0.01956060393136468, "Free Calcium_max": -0.02071026874583884, "Chloride_max": -0.020865350897721853, "Calculated Total CO2_min": -0.0222883998252878, "Eosinophils_max": -0.024481906225427404, "Calcium, Total_max": -0.026991951386299146, "Phenytoin_max": -0.0292748969087696, "Hemoglobin_max": -0.04230032502636726, "Bicarbonate_min": -0.04453355822560552, "Troponin T_min": -0.04618431364901834, "Bilirubin, Total_min": -0.04703955572769385, "Lymphocytes_min": -0.051202758818602735, "Epithelial Cells_min": -0.05638958127268388, "MCHC_min": -0.0572693944857936, "Potassium, Whole Blood_min": -0.06502773971923746, "Phosphate_min": -0.08105789078727664, "Bicarbonate_max": -0.0920568908004063, "Hemoglobin_min": -0.09216950182203373, "MCHC_max": -0.10627456308344518, "Temperature_min": -0.1700963644402468, "Albumin_max": -0.17043195965128197, "Calcium, Total_min": -0.17636342198545849, "Potassium, Whole Blood_max": -0.2040559690967858, "Albumin_min": -0.2707725072211754, "Creatinine_min": -0.2779620634840146}