{"Lactate_min": 0.188043483679268, "Magnesium_min": 0.1729334102641381, "Lactate_max": 0.14609095531011626, "Temperature_max": 0.14120893940512697, "Anion Gap_min": 0.11690897224261168, "Phenytoin_min": 0.11514907694075041, "Sodium_max": 0.0743771055800864, "PT_min": 0.06146910353735824, "Potassium, Whole Blood_min": 0.05398470826127783, "White Blood Cells_min": 0.05039461002897754, "MCH_min": 0.04098720245496123, "Phosphate_max": 0.04023148751294088, "pCO2_max": 0.036675260568969366, "INR(PT)_min": 0.034178682380253615, "Urea Nitrogen_min": 0.024577770382629174, "Bilirubin, Total_max": 0.020235981625376903, "MCV_min": 0.020201456811104274, "Osmolality, Measured_max": 0.014969135071530656, "Specific Gravity_max": 0.013936408804948983, "Glucose_min": 0.013582959118029758, "Potassium_min": 0.013296465266067705, "Oxygen_max": 0.01226271844363972, "PTT_min": 0.008182767624748108, "Calcium, Total_max": 0.006963926761095093, "Base Excess_max": 0.006510813626228359, "Vancomycin_max": 0.004545897057338738, "Cortisol_min": 0.0024248228330759542, "Required O2_min": 0.002305001317419125, "pO2_min": 0.0022468409179501585, "PTT_max": 0.0021361964716359694, "Lymphocytes_max": 0.001415061752658284, "Asparate Aminotransferase (AST)_min": 0.0010321355198991697, "Chloride_max": 0.0009042962758604322, "Osmolality, Urine_max": 0.0008703876049204815, "PT_max": 0.0007389874090780174, "Alveolar-arterial Gradient_max": 0.0006897882198381297, "Lactate Dehydrogenase (LD)_min": 0.0005681817114240808, "Creatinine, Urine_min": 0.0003976440553207396, "RBC_max": 0.0003352800163544521, "White Blood Cells_max": 0.00026268533508483046, "Creatine Kinase (CK)_min": 3.5803587778378476e-05, "Lactate Dehydrogenase (LD)_max": 1.1539784515425586e-05, "Alkaline Phosphatase_max": -7.233971081916408e-05, "Platelet Count_min": -0.00014379591171463248, "Alkaline Phosphatase_min": -0.0002764372351010557, "Tidal Volume_min": -0.0003053812600200409, "Urea Nitrogen, Urine_min": -0.0004858239274605323, "Lipase_min": -0.0007004596838999277, "pO2_max": -0.0007104263532868556, "Protein_min": -0.0008782288476621432, "Tidal Volume_max": -0.0014871046810214228, "Urea Nitrogen_max": -0.0019153313034985487, "Platelet Count_max": -0.002375746427791281, "Anion Gap_max": -0.003902852767692939, "Neutrophils_max": -0.005749577387034191, "pCO2_min": -0.007547181417266888, "Base Excess_min": -0.007639005706213511, "Creatinine_max": -0.009034406156438543, "Bicarbonate_min": -0.0103924638424535, "Hematocrit_min": -0.011886987369462478, "Free Calcium_max": -0.01577019204233869, "Osmolality, Measured_min": -0.016400397963516552, "Sodium_min": -0.016447531611015587, "Calculated Total CO2_min": -0.01875017079753979, "Chloride_min": -0.01921092769144618, "Sodium, Whole Blood_max": -0.02182179939018119, "Hematocrit_max": -0.024518057441720496, "Cholesterol Ratio (Total/HDL)_min": -0.038497759675361704, "Eosinophils_max": -0.04261178916541646, "Bilirubin, Total_min": -0.045080894823277616, "Lymphocytes_min": -0.0522408607134581, "MCHC_min": -0.06652806214672599, "Bicarbonate_max": -0.07821013286773391, "Eosinophils_min": -0.09721438193835531, "Phosphate_min": -0.09825159680203088, "MCH_max": -0.10335077699868969, "Red Blood Cells_min": -0.15463784646357195, "Temperature_min": -0.18790934228432304, "Potassium, Whole Blood_max": -0.322570427290419, "Albumin_min": -0.9393628724388159}