{"pH_max": 0.67081501724261, "Lactate_min": 0.19425631628138093, "Lactate_max": 0.1278316091330801, "Anion Gap_min": 0.11427100657727891, "Temperature_max": 0.10115856358723001, "Magnesium_min": 0.07153666030160609, "PT_min": 0.06742227581009066, "Sodium_max": 0.0643815465038284, "Phosphate_max": 0.04808884732367903, "White Blood Cells_min": 0.04022944674555709, "Calcium, Total_max": 0.03727275057043785, "pCO2_max": 0.03534163508637804, "Urea Nitrogen_min": 0.030653771034634826, "INR(PT)_min": 0.017245638237655892, "Anion Gap_max": 0.01706901695499608, "Glucose_min": 0.013034652682931807, "Oxygen_min": 0.00917175642244322, "PTT_min": 0.009168483554183303, "Potassium, Urine_max": 0.00814744259299848, "Oxygen_max": 0.007208437123659185, "Lymphocytes_max": 0.0035484679849530363, "MCV_max": 0.002840615886206317, "pO2_min": 0.002130278185060672, "MCV_min": 0.001514075624164287, "PTT_max": 0.0011379846594496317, "Alveolar-arterial Gradient_max": 0.001049708361799341, "Asparate Aminotransferase (AST)_min": 0.0010300981082468407, "Lactate Dehydrogenase (LD)_min": 0.0005253519393219097, "Platelet Count_min": 0.0003746191064218713, "Fibrinogen, Functional_max": 0.00017230005266674164, "Neutrophils_min": 1.3619283179914484e-05, "Creatine Kinase (CK)_max": -1.3724121539162623e-05, "Asparate Aminotransferase (AST)_max": -2.5455874034250353e-05, "Urea Nitrogen_max": -0.00011290862762939202, "pO2_max": -0.0006437995304114737, "Monocytes_max": -0.0010283701332380528, "Oxygen Saturation_min": -0.0013180313838303005, "Tidal Volume_min": -0.0013578755127318348, "Platelet Count_max": -0.002683692596309191, "Osmolality, Measured_max": -0.0030105612690676945, "Iron Binding Capacity, Total_max": -0.0031774295324375284, "Ketone_max": -0.0036508231249479765, "Bilirubin, Total_max": -0.0037965979871605335, "Required O2_max": -0.0046738261237870265, "Base Excess_min": -0.008815771882753643, "pCO2_min": -0.013674985553618178, "Bicarbonate_min": -0.01487456196206927, "Chloride_max": -0.027419702683242796, "Eosinophils_max": -0.03645904484456278, "Lymphocytes_min": -0.05131096292049274, "Red Blood Cells_max": -0.061549511148688854, "Bicarbonate_max": -0.08861268661073976, "Phosphate_min": -0.11118265648333926, "Hemoglobin_min": -0.13031388547617961, "pH_min": -0.13324373046440868, "MCHC_max": -0.16352339807792862, "Temperature_min": -0.2494409402686471, "Albumin_max": -0.2917125631601556, "Creatinine_min": -0.37615679742902336, "Albumin_min": -0.6003969350257617}