{"pH_max": 0.20455563813958744, "Lactate_max": 0.19595365548991342, "Lactate_min": 0.13477013963890452, "Anion Gap_min": 0.11765775923302779, "Phenytoin_min": 0.11594527938119567, "Sodium_max": 0.0814828658362574, "Bilirubin, Direct_min": 0.07392121540015795, "White Blood Cells_min": 0.06522923644735097, "PT_min": 0.06519399214978674, "Bilirubin, Direct_max": 0.06514847617929947, "Phosphate_max": 0.059559899707544606, "Hematocrit, Calculated_min": 0.04411949136292938, "Calculated Total CO2_max": 0.03890672358190584, "Atypical Lymphocytes_max": 0.03646598910562035, "Temperature_max": 0.035574481377188966, "pCO2_max": 0.03315216838738288, "MCH_min": 0.029026027978737996, "RDW_max": 0.02648989762790644, "Urea Nitrogen_min": 0.026036638605140588, "Vancomycin_min": 0.025569959914998178, "Magnesium_max": 0.02300748477141806, "CK-MB Index_max": 0.022032193343345614, "Red Blood Cells_max": 0.020938488447837106, "INR(PT)_max": 0.020929029798296177, "Myelocytes_max": 0.020460065565147276, "Osmolality, Measured_max": 0.019679092234468495, "Bands_min": 0.019676602983069603, "MCV_min": 0.018456087292528327, "Basophils_max": 0.018023458076611275, "Metamyelocytes_max": 0.016710529405767467, "Cholesterol Ratio (Total/HDL)_min": 0.014653966106732755, "Cholesterol, Total_min": 0.01462817674865004, "Glucose_min": 0.01353977122310422, "Urobilinogen_max": 0.013440288883572585, "Cholesterol Ratio (Total/HDL)_max": 0.013220404409478942, "INR(PT)_min": 0.012774712299243813, "PEEP_min": 0.012637820140836245, "Atypical Lymphocytes_min": 0.012570006460892864, "Metamyelocytes_min": 0.01077578565819918, "PTT_min": 0.010774374894865824, "Required O2_min": 0.009671350770975879, "Cholesterol, HDL_min": 0.008870185023603106, "Oxygen_max": 0.008527883882544664, "Oxygen_min": 0.008491597066110995, "Magnesium_min": 0.007946048709357398, "MCV_max": 0.007833569190917497, "Neutrophils_min": 0.007525133701628815, "CK-MB Index_min": 0.0062480797829206815, "Cholesterol, LDL, Calculated_max": 0.006223673277451039, "tacroFK_min": 0.004973047058299339, "Lymphocytes_max": 0.004430587895314541, "Vancomycin_max": 0.004255861174062691, "Iron_min": 0.003988307419192363, "Epithelial Cells_max": 0.003914341903044259, "Polys_min": 0.003638680668774938, "Thyroid Stimulating Hormone_min": 0.0031301873451411695, "O2 Flow_min": 0.0029127431127299497, "Alveolar-arterial Gradient_max": 0.0026470748239022734, "Bands_max": 0.0025758602568317283, "pO2_min": 0.0025208620524320726, "Myelocytes_min": 0.002479186174698498, "PTT_max": 0.002368412733810252, "Asparate Aminotransferase (AST)_min": 0.0022411001916957034, "Creatinine, Urine_max": 0.0019301896738027795, "Cortisol_max": 0.0017773641728235452, "Potassium, Urine_max": 0.0015758883909711204, "Base Excess_min": 0.0013303012985097667, "Amylase_min": 0.0012946329680846485, "Sodium, Whole Blood_min": 0.001157438148004153, "Polys_max": 0.0010021508180299845, "Chloride, Whole Blood_min": 0.0008085577401652015, "Osmolality, Urine_min": 0.0007292023097325148, "Base Excess_max": 0.000675998182760879, "Osmolality, Urine_max": 0.0006616934741311288, "Creatine Kinase, MB Isoenzyme_min": 0.0006591052508226118, "Lactate Dehydrogenase (LD)_min": 0.0006506888945009123, "Vitamin B12_min": 0.0006057050535767154, "Fibrinogen, Functional_min": 0.0005430220658404677, "Specific Gravity_max": 0.0005286695904293695, "Monocytes_max": 0.0004070084118344988, "WBC_max": 0.0003581570089589283, "WBC_min": 0.00034793191034981024, "Iron Binding Capacity, Total_min": 0.0002714631444365956, "RBC_max": 0.0002714169958274258, "Platelet Count_min": 0.0002506686344804577, "Specific Gravity_min": 0.0002216305164101595, "Oxygen Saturation_max": 0.00018314023042641293, "Free Calcium_min": 0.0001517850489841369, "Alkaline Phosphatase_max": 0.00012005356531438551, "Creatine Kinase (CK)_min": 8.860407054598828e-05, "Lactate Dehydrogenase (LD)_max": 8.39000105717598e-05, "Asparate Aminotransferase (AST)_max": 5.485896040470874e-05, "Urea Nitrogen, Urine_max": 3.271332536215876e-05, "Granulocyte Count_max": 1.5425565655488902e-05, "Lipase_max": 4.041882452282979e-06, "Ferritin_min": -1.3084085209087113e-05, "Creatine Kinase (CK)_max": -1.4984676964401815e-05, "Ferritin_max": -2.3727736074431653e-05, "Granulocyte Count_min": -7.889899982582591e-05, "Iron Binding Capacity, Total_max": -0.00017192497834164004, "Glucose_max": -0.00019089302947585113, "Fibrinogen, Functional_max": -0.00019829349664056702, "Alanine Aminotransferase (ALT)_max": -0.0002660982282672994, "Triglycerides_max": -0.0003429180368338674, "Protein_max": -0.00035639282815737923, "Amylase_max": -0.0003892899028880014, "Alkaline Phosphatase_min": -0.00042574905512929686, "RBC_min": -0.0005071254580210491, "Urea Nitrogen, Urine_min": -0.0005202100817983964, "Nucleated Red Cells_max": -0.0005953679604541637, "pO2_max": -0.0006142060624967966, "Tidal Volume_max": -0.0006718989848219313, "Triglycerides_min": -0.0006720580350905415, "Protein_min": -0.0006874103708647763, "Vitamin B12_max": -0.0007711861686508569, "Potassium, Urine_min": -0.0008118758131724356, "Tidal Volume_min": -0.0008218269316339668, "Urea Nitrogen_max": -0.0009579210685633478, "Lipase_min": -0.0009745351549651884, "Ketone_max": -0.0011169477668310536, "Transferrin_min": -0.0011189758984576255, "Alveolar-arterial Gradient_min": -0.0012546892506800178, "Alanine Aminotransferase (ALT)_min": -0.0013590180535052396, "O2 Flow_max": -0.0015846772571190394, "Hematocrit_min": -0.0016803348469004123, "Creatine Kinase, MB Isoenzyme_max": -0.0017727671168618453, "Sodium, Urine_max": -0.0017951147317728127, "Sodium, Urine_min": -0.0019996116886486916, "Chloride, Whole Blood_max": -0.002209665101685452, "Cortisol_min": -0.0022134893301219154, "Nucleated Red Cells_min": -0.0022556832712593666, "Platelet Count_max": -0.0023367233108674474, "Bilirubin, Indirect_min": -0.002714714431824952, "Iron_max": -0.0027389040246549663, "PEEP_max": -0.002910853559883781, "Transferrin_max": -0.003033819823127855, "White Blood Cells_max": -0.0030420588275346296, "Creatinine, Urine_min": -0.0032073164819599914, "Neutrophils_max": -0.003503942066275934, "Oxygen Saturation_min": -0.004894552422387272, "Cholesterol, HDL_max": -0.005232917167123989, "PT_max": -0.00540228330785016, "Ketone_min": -0.00571734968012561, "Creatinine_max": -0.0057265693772147585, "pCO2_min": -0.007298797275465585, "Sodium_min": -0.008091442645796124, "Calcium, Total_max": -0.008753840104030604, "Chloride_max": -0.008964888911938416, "Protein, Total_max": -0.009541826694973757, "Urobilinogen_min": -0.010341418293024804, "Protein, Total_min": -0.011704292333480172, "Required O2_max": -0.011835376369359957, "Cholesterol, Total_max": -0.011991452092944329, "Cholesterol, LDL, Calculated_min": -0.01209999200284659, "Potassium_min": -0.012207981232639257, "Phenytoin_max": -0.012811820848893816, "tacroFK_max": -0.013062835457780241, "RDW_min": -0.013440837596982563, "Free Calcium_max": -0.014155259577663332, "Red Blood Cells_min": -0.01488889932088889, "Basophils_min": -0.015044995778110517, "Hematocrit_max": -0.015185170107207874, "Potassium_max": -0.015323862969152302, "Bilirubin, Total_max": -0.016130215898744114, "Troponin T_max": -0.016866164446277313, "Hemoglobin_max": -0.019118213954355485, "Thyroid Stimulating Hormone_max": -0.019507445464343232, "Sodium, Whole Blood_max": -0.020626486910119694, "Anion Gap_max": -0.02074242291243741, "Chloride_min": -0.021259002420745333, "Osmolality, Measured_min": -0.021390303212995742, "Troponin T_min": -0.022513094220523392, "Uric Acid_max": -0.024684309110975883, "Hematocrit, Calculated_max": -0.025422926041773066, "Calculated Total CO2_min": -0.025524002574498533, "Eosinophils_max": -0.025562239503963486, "Monocytes_min": -0.02588003324487583, "Bicarbonate_min": -0.030067382497147476, "% Hemoglobin A1c_max": -0.04013638122959623, "% Hemoglobin A1c_min": -0.04035868232039406, "Potassium, Whole Blood_min": -0.04408603433356022, "pH_min": -0.04507142439670204,