{"pH_max": 0.5825309190374383, "Lactate_min": 0.20659179819974494, "Lactate_max": 0.14182578522716138, "Phenytoin_min": 0.09772277875446035, "Anion Gap_min": 0.08137047919184708, "Sodium_max": 0.07780457638302021, "PT_min": 0.06180579751719228, "INR(PT)_min": 0.04763797628541234, "White Blood Cells_min": 0.0470623911392837, "pCO2_max": 0.03612332088504251, "Urea Nitrogen_min": 0.024015074594354615, "RDW_min": 0.02266960320574356, "Hematocrit_min": 0.02028959395363659, "Bilirubin, Total_max": 0.015167030823739948, "Glucose_min": 0.014472499903624222, "Oxygen_max": 0.010954282032579464, "PTT_min": 0.009298313937119908, "INR(PT)_max": 0.0078729352065433, "MCV_max": 0.00335166730586957, "PT_max": 0.002579810920416414, "pO2_min": 0.002343038001341529, "Lymphocytes_max": 0.0022640671634411498, "Platelet Count_min": 0.0011644829800306702, "Asparate Aminotransferase (AST)_min": 0.0011319725238078937, "Osmolality, Urine_max": 0.0008490276612308892, "Lactate Dehydrogenase (LD)_min": 0.0005566959245458454, "WBC_max": 0.000348050698006795, "White Blood Cells_max": 0.000337800118163157, "Lactate Dehydrogenase (LD)_max": 6.547471148691782e-05, "Asparate Aminotransferase (AST)_max": -5.96885407463636e-05, "Glucose_max": -0.00014935124937199236, "Urea Nitrogen_max": -0.0006907760541836937, "pO2_max": -0.0010212690887926228, "Tidal Volume_min": -0.001318342372387937, "Osmolality, Measured_max": -0.0014752342826907922, "Neutrophils_min": -0.001930300138274872, "Oxygen Saturation_min": -0.002425429569028869, "Platelet Count_max": -0.002716669696788505, "Sodium, Urine_max": -0.0035842491160089467, "Specific Gravity_max": -0.004068364622497026, "PEEP_max": -0.004612701835234753, "Phosphate_max": -0.005896814455527439, "Base Excess_min": -0.00802211708942921, "pCO2_min": -0.01247425307333813, "Chloride_max": -0.016099682377040694, "Chloride_min": -0.01724071499082036, "Sodium_min": -0.021465489390352827, "Troponin T_max": -0.029674719160084125, "Potassium_max": -0.041217798809933266, "Bilirubin, Total_min": -0.04417403132797214, "Eosinophils_max": -0.05347440156472201, "Lymphocytes_min": -0.05493651392209623, "Red Blood Cells_max": -0.06615179252551004, "Potassium_min": -0.09284352400865131, "Bicarbonate_max": -0.10065816523740549, "Calcium, Total_min": -0.14409702783959016, "Albumin_max": -0.15246034950661305, "Hemoglobin_min": -0.161389499455178, "Temperature_min": -0.2558877783898466, "Albumin_min": -0.668909954184977}