{"Lactate_max": 0.16998371091690528, "pH_max": 0.1566665725904351, "Lactate_min": 0.1274449954226834, "Phenytoin_min": 0.09900028698977036, "Anion Gap_min": 0.08129117508010622, "Sodium_max": 0.07459735422397368, "PT_min": 0.042860620757364146, "Atypical Lymphocytes_max": 0.04263276864449979, "White Blood Cells_min": 0.039573931461842404, "pCO2_max": 0.03660090213563692, "Bilirubin, Total_max": 0.03020027493568018, "MCV_min": 0.029962408061658893, "CK-MB Index_min": 0.024424509424255444, "Urea Nitrogen_min": 0.02436244174155786, "Phosphate_max": 0.023415001989485533, "RDW_min": 0.02322015344021013, "Base Excess_max": 0.018315316723351342, "PTT_min": 0.017036106981013547, "Magnesium_max": 0.016725083499534665, "Bands_min": 0.016426633613673667, "Osmolality, Measured_max": 0.015240943390113188, "Glucose_min": 0.014815189464360855, "Vancomycin_min": 0.014429992483106356, "Bands_max": 0.014209364756387463, "Basophils_max": 0.013898229887829624, "Atypical Lymphocytes_min": 0.013567122190444349, "Thyroid Stimulating Hormone_min": 0.010563529484931269, "Oxygen_max": 0.010281738168969656, "INR(PT)_min": 0.009557564411119759, "Oxygen_min": 0.009494211793347425, "Neutrophils_min": 0.008036783695023541, "Neutrophils_max": 0.007668542569144018, "Lymphocytes_max": 0.0075103105062130195, "Potassium, Urine_max": 0.005595029518967413, "Polys_min": 0.005004441714067765, "Temperature_max": 0.004108672961209874, "Magnesium_min": 0.0036377445224820937, "Sodium, Urine_max": 0.0032977642901387, "Vancomycin_max": 0.0031645729276659155, "Alveolar-arterial Gradient_max": 0.002980228691007182, "White Blood Cells_max": 0.0027234571128654742, "Asparate Aminotransferase (AST)_min": 0.002404956338109338, "Iron Binding Capacity, Total_min": 0.0022983337732827183, "pO2_min": 0.0022506428391207787, "O2 Flow_min": 0.0020929231526532243, "Iron_min": 0.0020652237430021023, "PTT_max": 0.001528399560988273, "Epithelial Cells_max": 0.0014328554876159546, "Cortisol_min": 0.0011076848636881365, "PT_max": 0.001056009032132738, "Oxygen Saturation_min": 0.0009218049334307814, "Amylase_min": 0.0007255535952213243, "Osmolality, Urine_max": 0.0006731127569550228, "Lactate Dehydrogenase (LD)_min": 0.0006280678080838076, "Fibrinogen, Functional_min": 0.0006083526919857451, "RBC_max": 0.0002431668982226807, "Monocytes_max": 0.00024127324156469584, "Alkaline Phosphatase_max": 0.00021260127995886632, "WBC_max": 0.00016190331708867086, "Alveolar-arterial Gradient_min": 0.00013933220722135554, "Lactate Dehydrogenase (LD)_max": 0.00012246460482698003, "Asparate Aminotransferase (AST)_max": 5.796961420670273e-05, "Granulocyte Count_max": 1.7347172683622625e-05, "Ferritin_min": 3.6766945837074235e-06, "Lipase_max": 3.050962319004566e-06, "Platelet Count_min": -5.654948586861116e-09, "Ferritin_max": -4.067290783664989e-06, "Creatine Kinase (CK)_max": -1.3881464420456266e-05, "Vitamin B12_min": -4.371026893528271e-05, "Granulocyte Count_min": -5.684248361236932e-05, "Polys_max": -8.495481708077774e-05, "Creatine Kinase, MB Isoenzyme_min": -0.00014653059461196356, "Specific Gravity_max": -0.00016949075583293967, "Glucose_max": -0.0002210725327543835, "Alanine Aminotransferase (ALT)_max": -0.00026055785661330174, "WBC_min": -0.00027111549239222036, "Creatinine, Urine_max": -0.0002833200697799417, "Amylase_max": -0.0003464500222884651, "Alkaline Phosphatase_min": -0.000377309660493343, "Nucleated Red Cells_max": -0.00038638135462192664, "Protein_max": -0.0004465273287857997, "Urea Nitrogen_max": -0.000484932754173826, "Protein_min": -0.0005010553999874049, "Specific Gravity_min": -0.000503783827821558, "Tidal Volume_max": -0.000742243929616009, "Lipase_min": -0.0007588968975330837, "Tidal Volume_min": -0.0009720351409654152, "pO2_max": -0.001117648760830457, "Alanine Aminotransferase (ALT)_min": -0.0011243771932174977, "Hematocrit, Calculated_max": -0.0012181793591882198, "PEEP_max": -0.0014393825374060514, "Iron_max": -0.0015880782735686202, "Ketone_max": -0.0019006468098681161, "Platelet Count_max": -0.002274510555687217, "INR(PT)_max": -0.0025044543530061618, "Hematocrit_max": -0.0033936753032973326, "Calculated Total CO2_max": -0.0037230898546456214, "Creatinine_max": -0.004078131081558534, "Ketone_min": -0.004460339998537702, "Chloride_max": -0.004684915237135705, "Iron Binding Capacity, Total_max": -0.005140016094387138, "Hematocrit_min": -0.005534885010891678, "Sodium, Urine_min": -0.0059073362420359165, "Phenytoin_max": -0.00842784375655134, "Sodium, Whole Blood_min": -0.009307661102316978, "Sodium_min": -0.011061219381869195, "Potassium_min": -0.012820680659393124, "MCV_max": -0.012984171040103404, "Osmolality, Measured_min": -0.013457177397036554, "Red Blood Cells_min": -0.013516047755959944, "Protein, Total_min": -0.016225811832694757, "Required O2_max": -0.017883137480244504, "pCO2_min": -0.017996674836254743, "Base Excess_min": -0.018220192337287104, "Potassium_max": -0.01860906821608771, "Anion Gap_max": -0.01934094592486065, "Thyroid Stimulating Hormone_max": -0.020724769342353, "Chloride, Whole Blood_max": -0.021925169803956084, "Troponin T_min": -0.022808254305209833, "Chloride_min": -0.022808396090864748, "Bicarbonate_min": -0.025627562789918058, "MCH_min": -0.02848816834307477, "Calcium, Total_max": -0.029095017510922017, "Eosinophils_max": -0.029843219316179326, "Lymphocytes_min": -0.03178822785169413, "Troponin T_max": -0.033453104134740445, "Potassium, Whole Blood_min": -0.036877282311857065, "Hemoglobin_max": -0.03875726478161644, "pH_min": -0.03983974822369094, "Phosphate_min": -0.04186436432639383, "Bilirubin, Total_min": -0.05189766232146875, "Eosinophils_min": -0.05276404670890926, "Hemoglobin_min": -0.06923045926185396, "Bicarbonate_max": -0.09204512050200465, "Albumin_max": -0.0948508886745783, "Calcium, Total_min": -0.10057072906769642, "MCHC_min": -0.11322356611440167, "Temperature_min": -0.11946494371786745, "Potassium, Whole Blood_max": -0.12159444288858008, "Albumin_min": -0.14055986975645463}