{"pH_max": 0.3818465824642181, "Lactate_min": 0.1956789955309516, "Phenytoin_min": 0.1633085206430001, "Lactate_max": 0.1467641741910249, "Anion Gap_min": 0.11981311240515956, "Temperature_max": 0.07577033876233609, "Sodium_max": 0.07273336221729838, "Phosphate_max": 0.06373734254074948, "Required O2_min": 0.053257015161014935, "White Blood Cells_min": 0.0460263475410805, "Red Blood Cells_max": 0.046011897045606244, "MCH_min": 0.03982117734920806, "Atypical Lymphocytes_max": 0.03774264996807172, "CK-MB Index_min": 0.036752727708611516, "PT_min": 0.034139403468663725, "Hematocrit, Calculated_min": 0.03377759269008935, "pCO2_max": 0.03366828771114756, "Urea Nitrogen_min": 0.030801536668082777, "Basophils_max": 0.028520451584176685, "Vancomycin_min": 0.027135347540977163, "Calculated Total CO2_max": 0.020566923602739318, "RDW_min": 0.019979275489242634, "Osmolality, Measured_max": 0.01805431011606824, "Myelocytes_min": 0.017353871149366342, "Magnesium_min": 0.016466968478375102, "PTT_min": 0.015546816229880338, "Bands_min": 0.01348549327403099, "Glucose_min": 0.012520471295264138, "Oxygen_min": 0.012260650626461384, "INR(PT)_min": 0.012103405805565858, "Neutrophils_min": 0.011433427523853817, "Free Calcium_min": 0.008141421945822453, "Base Excess_max": 0.008132456385536876, "Oxygen_max": 0.0061140061352335595, "Bands_max": 0.006096244579867306, "Potassium_max": 0.005193674974123563, "Potassium, Urine_max": 0.004937267523244964, "Polys_min": 0.004093550668603882, "Atypical Lymphocytes_min": 0.003626878264794754, "Lymphocytes_max": 0.003538646820902814, "PT_max": 0.0035352505820575096, "Calcium, Total_max": 0.0025769584239078132, "Sodium_min": 0.0025674569205707044, "Iron Binding Capacity, Total_min": 0.0025375233172979326, "Monocytes_max": 0.0021634752380270124, "PTT_max": 0.0020510209191081405, "Specific Gravity_max": 0.00198500201756413, "Asparate Aminotransferase (AST)_min": 0.0019243306425763473, "Iron_min": 0.0018207897053706835, "Polys_max": 0.0017823726919341326, "pO2_min": 0.0015440186224909545, "Osmolality, Urine_max": 0.0013430107310096577, "Specific Gravity_min": 0.0012758137852549895, "Cortisol_min": 0.0010646355315001978, "Alveolar-arterial Gradient_max": 0.0009716179064473568, "Vitamin B12_min": 0.0009576453901230822, "Amylase_min": 0.000785553229726429, "Vancomycin_max": 0.0007380678724715581, "Urea Nitrogen_max": 0.0006046725343597381, "Lactate Dehydrogenase (LD)_min": 0.0004808649809762655, "Fibrinogen, Functional_min": 0.00040343145861353657, "RBC_min": 0.00027535212788418157, "Platelet Count_min": 0.00022530188710556944, "WBC_max": 0.00021971703974225823, "Lactate Dehydrogenase (LD)_max": 0.00012680360024360464, "RBC_max": 9.62230903829968e-05, "Alkaline Phosphatase_max": 8.832801980283723e-05, "Creatine Kinase (CK)_min": 8.378241461386736e-05, "Asparate Aminotransferase (AST)_max": 7.06723395344235e-06, "Lipase_max": 2.71475093841615e-06, "Creatine Kinase (CK)_max": -6.949381135917695e-06, "Ferritin_min": -1.319075339491714e-05, "Fibrinogen, Functional_max": -6.369293778462288e-05, "Glucose_max": -0.0001817979182222796, "Alanine Aminotransferase (ALT)_max": -0.00019693673247416217, "Amylase_max": -0.00022447732949071404, "pO2_max": -0.0002879051766350605, "Creatinine, Urine_min": -0.00030690220639769544, "Potassium, Urine_min": -0.0003411438714943725, "Osmolality, Urine_min": -0.00040528024487030014, "WBC_min": -0.00045069135908067543, "Protein_max": -0.0004519224096599156, "Urea Nitrogen, Urine_min": -0.0005397413896395228, "Alkaline Phosphatase_min": -0.0007354206405339223, "Sodium, Urine_min": -0.0007935819687718874, "Triglycerides_max": -0.0009098937477428587, "Vitamin B12_max": -0.0009990426067102267, "Alanine Aminotransferase (ALT)_min": -0.0010921824879875786, "Tidal Volume_min": -0.0011343971803342114, "Creatine Kinase, MB Isoenzyme_max": -0.0014145406125625993, "Ketone_max": -0.0016986989575381516, "Creatinine_max": -0.0017586019963604794, "INR(PT)_max": -0.0020467307778070866, "Oxygen Saturation_min": -0.002155345324919931, "Platelet Count_max": -0.002426343294970408, "Sodium, Urine_max": -0.0027319786963801145, "Bilirubin, Total_min": -0.0029086354015603524, "MCV_min": -0.004015790171688133, "pCO2_min": -0.005793716935689722, "Base Excess_min": -0.006574697035210537, "Alveolar-arterial Gradient_min": -0.0073675606492023425, "Transferrin_min": -0.007423113454923085, "Neutrophils_max": -0.008672214535546207, "Chloride, Whole Blood_max": -0.009286960866579333, "Sodium, Whole Blood_min": -0.010994989545404796, "Eosinophils_max": -0.012088133946033577, "Osmolality, Measured_min": -0.014623794996123556, "Chloride_max": -0.015140108060522503, "Protein, Total_max": -0.015250963112821064, "Thyroid Stimulating Hormone_min": -0.01678260903603015, "Potassium_min": -0.019863924950744766, "Hematocrit_max": -0.02270424903874221, "Basophils_min": -0.02630543076433323, "Anion Gap_max": -0.02683838373534119, "Calculated Total CO2_min": -0.02986965890992586, "Chloride_min": -0.030412603957365447, "Monocytes_min": -0.032859186962198285, "Bicarbonate_min": -0.033839390680447445, "Phenytoin_max": -0.0348271047748159, "Troponin T_max": -0.03689318956101082, "Lymphocytes_min": -0.0392289023601155, "Free Calcium_max": -0.04516433188640428, "Uric Acid_max": -0.055944513420074095, "Epithelial Cells_min": -0.06147429849869106, "Bilirubin, Indirect_max": -0.06171633426291639, "pH_min": -0.0646038359637962, "MCHC_max": -0.06476078348194568, "Potassium, Whole Blood_min": -0.06651265911202721, "Phosphate_min": -0.07415369874134066, "Hemoglobin_max": -0.07650168084443912, "Red Blood Cells_min": -0.09225307245377716, "MCHC_min": -0.09357608863102335, "Bicarbonate_max": -0.09421452843428478, "Eosinophils_min": -0.11865624882097997, "Temperature_min": -0.17677573167216867, "Calcium, Total_min": -0.17967444315823253, "Albumin_max": -0.1878365373129785, "Potassium, Whole Blood_max": -0.22120689006634686, "Creatinine_min": -0.2870951993974563, "Albumin_min": -0.30998152780097954}