{"Lactate_max": 0.16038740941343554, "Lactate_min": 0.1350151306594791, "Anion Gap_min": 0.10329713526207854, "Phenytoin_min": 0.09932546202991253, "MCH_min": 0.08514942089348944, "Sodium_max": 0.07620805122433134, "Phosphate_max": 0.06920904826257157, "PT_min": 0.06015862943442284, "White Blood Cells_min": 0.05964631626815308, "Bilirubin, Direct_min": 0.05053525760018379, "Bilirubin, Direct_max": 0.046653847945892106, "Atypical Lymphocytes_max": 0.040635768407277346, "Metamyelocytes_min": 0.03865845951274114, "pCO2_max": 0.03433014751790251, "Base Excess_max": 0.03336187014887531, "Myelocytes_max": 0.03257420332971326, "RDW_max": 0.026784278738472906, "Urea Nitrogen_min": 0.022876535110605143, "Magnesium_max": 0.0181425873013677, "Bands_min": 0.016485185792276827, "Osmolality, Measured_max": 0.015429251116597377, "Oxygen_max": 0.014779370396177494, "Glucose_min": 0.012253040819975976, "INR(PT)_min": 0.011706101962577386, "PTT_min": 0.009425613141835612, "Basophils_max": 0.007270375369111943, "Thyroid Stimulating Hormone_min": 0.006991500242417371, "Neutrophils_min": 0.00647025859600694, "Nucleated Red Cells_min": 0.005446766032517073, "Lymphocytes_max": 0.005309125847183685, "Hematocrit, Calculated_max": 0.004850799828172564, "Bands_max": 0.004744834515763448, "Polys_min": 0.00458094037034816, "Potassium, Urine_min": 0.0032282537160670775, "pO2_min": 0.003025201965562674, "PTT_max": 0.002969485181178025, "Urea Nitrogen_max": 0.0025637891117848244, "Asparate Aminotransferase (AST)_min": 0.002525032523420303, "White Blood Cells_max": 0.002305797833440524, "Neutrophils_max": 0.0020911360152315204, "Creatine Kinase, MB Isoenzyme_min": 0.0015364409022642581, "PT_max": 0.00145286607791167, "Magnesium_min": 0.0013792191061224534, "MCV_max": 0.001248214628271161, "Alveolar-arterial Gradient_max": 0.0010728205602605634, "Osmolality, Urine_max": 0.0009345423351425076, "WBC_max": 0.0008510901832704471, "Cortisol_min": 0.0006952532794052024, "Lactate Dehydrogenase (LD)_min": 0.0005434604232595966, "Amylase_min": 0.0005139909788162543, "RDW_min": 0.00040354620348989547, "Fibrinogen, Functional_min": 0.0004008888937899996, "Alkaline Phosphatase_max": 0.0003696239482352838, "RBC_max": 0.00020806302688382956, "Fibrinogen, Functional_max": 0.00018671383292980182, "INR(PT)_max": 0.00015214008341564515, "Creatinine, Urine_max": 0.0001301377936046912, "Lactate Dehydrogenase (LD)_max": 0.00010029560734624414, "Creatine Kinase (CK)_min": 9.96075871706772e-05, "Oxygen Saturation_max": 8.376216657960906e-05, "Oxygen Saturation_min": 7.824542297080707e-05, "Asparate Aminotransferase (AST)_max": 4.78240522510713e-05, "Vitamin B12_max": 4.717444254096729e-05, "Ferritin_max": 9.84684762090582e-07, "Amylase_max": -8.184390938828174e-06, "Creatine Kinase (CK)_max": -1.2818169768902409e-05, "Granulocyte Count_max": -2.5718389986412325e-05, "Glucose_max": -9.993504227841747e-05, "Vitamin B12_min": -0.00010681771872711355, "Lipase_max": -0.00022041950661035828, "Alveolar-arterial Gradient_min": -0.00023648793398838637, "Alanine Aminotransferase (ALT)_max": -0.00024340773847634817, "Triglycerides_min": -0.0002657292582935103, "Specific Gravity_max": -0.00032749264260311853, "Sodium, Urine_max": -0.00041214706696754655, "Triglycerides_max": -0.0004473724890286319, "Tidal Volume_min": -0.0005441145093120688, "Urea Nitrogen, Urine_min": -0.0005765686933559774, "Platelet Count_min": -0.0006173460581383181, "Specific Gravity_min": -0.0006785814620762894, "Alkaline Phosphatase_min": -0.0008972122173350255, "Required O2_max": -0.0009330158595412541, "Tidal Volume_max": -0.0010849520305455473, "pO2_max": -0.0012913804696091347, "Temperature_max": -0.001295260141266899, "WBC_min": -0.0013170380933331274, "Alanine Aminotransferase (ALT)_min": -0.0015668473228059175, "Platelet Count_max": -0.0019699181479708823, "Creatine Kinase, MB Isoenzyme_max": -0.0020318684642696232, "Sodium, Urine_min": -0.003704730880267525, "Chloride_max": -0.004760242803233268, "Bilirubin, Total_max": -0.005130301419048452, "Red Blood Cells_max": -0.005380630854938228, "PEEP_max": -0.006594488928316797, "Calculated Total CO2_max": -0.0071210224855542, "Base Excess_min": -0.00822136026576316, "Hematocrit_min": -0.009185845192858737, "pCO2_min": -0.010182912784826054, "Anion Gap_max": -0.010183377802601059, "Sodium_min": -0.011447276121334388, "Basophils_min": -0.013717317156885341, "Osmolality, Measured_min": -0.016544794608548245, "Thyroid Stimulating Hormone_max": -0.01960300584797149, "Red Blood Cells_min": -0.019933789124526244, "Free Calcium_max": -0.021585895574407224, "Troponin T_max": -0.022301544115827094, "Calcium, Total_max": -0.023109217210141746, "Troponin T_min": -0.02468566194571494, "Protein, Total_min": -0.025022855133138622, "Chloride_min": -0.025584549981137482, "Potassium_min": -0.027880357374338142, "pH_min": -0.029897550451309755, "Eosinophils_max": -0.03206228105067996, "Phosphate_min": -0.035308520570710614, "Calculated Total CO2_min": -0.03927471964856559, "MCH_max": -0.04393369402710388, "Lymphocytes_min": -0.04664651008562657, "Bilirubin, Total_min": -0.049069477923690284, "MCHC_min": -0.056019494385917454, "Hemoglobin_min": -0.06356444530233576, "Eosinophils_min": -0.06725074400554258, "Hemoglobin_max": -0.07442591101385594, "MCHC_max": -0.09520847114769315, "Bicarbonate_max": -0.10294593665165884, "Creatinine_min": -0.10545630729143278, "Creatinine_max": -0.10688211842709101, "Albumin_max": -0.11935615162849239, "Temperature_min": -0.13028646272173366, "Potassium, Whole Blood_max": -0.13881894898902036, "Albumin_min": -0.17909660097818522}