{"pH_max": 0.3009903317417587, "Lactate_min": 0.18298855330835234, "Lactate_max": 0.14030984427018672, "Bilirubin, Direct_min": 0.13653876136926055, "Anion Gap_min": 0.08819041221598559, "Sodium_max": 0.08390823922963149, "MCH_min": 0.06588635202566015, "RDW_max": 0.06072689820172866, "PT_min": 0.05501630801598459, "White Blood Cells_min": 0.051067839311842785, "Basophils_max": 0.04268215692402805, "Phosphate_max": 0.03917307535156283, "Vancomycin_min": 0.034336880455192294, "Red Blood Cells_max": 0.033136981164740016, "pCO2_max": 0.03225686231163241, "Urea Nitrogen_min": 0.03171691799889805, "CK-MB Index_max": 0.026875471942589057, "Magnesium_max": 0.025731094906616236, "Temperature_max": 0.023824493806746394, "Base Excess_max": 0.022827609297078767, "Magnesium_min": 0.01563062418449809, "Oxygen_max": 0.014918936082081832, "Glucose_min": 0.014017478677676205, "PTT_min": 0.012552236410285387, "INR(PT)_min": 0.011670288388146358, "Osmolality, Measured_max": 0.00798839675182436, "Hematocrit_min": 0.00782872310347588, "MCV_max": 0.006440629283568675, "Polys_min": 0.006189276853743922, "Lymphocytes_max": 0.005742617198009412, "Bilirubin, Total_max": 0.0044078706368943085, "Potassium, Urine_min": 0.004394775783703783, "Cortisol_min": 0.0043029973655932694, "Free Calcium_min": 0.0034569529359637125, "pO2_min": 0.002705911158849105, "Neutrophils_min": 0.002669042854619383, "Alveolar-arterial Gradient_max": 0.0016765047426134541, "MCV_min": 0.0013021220654582735, "PTT_max": 0.0012565554153393835, "PT_max": 0.0011957613776528912, "Creatinine, Urine_max": 0.001157199038009972, "Lactate Dehydrogenase (LD)_min": 0.0007826147958132403, "Required O2_min": 0.0007094714353646037, "Creatine Kinase, MB Isoenzyme_min": 0.0006935343980819062, "Amylase_min": 0.0006396026227684699, "Platelet Count_min": 0.0005999121456376152, "Alanine Aminotransferase (ALT)_min": 0.00043718860056501696, "Fibrinogen, Functional_min": 0.00031698881055740405, "RBC_max": 0.0002527447965211454, "Alkaline Phosphatase_max": 0.0002425505159692814, "Specific Gravity_max": 0.00021774016377670667, "WBC_max": 0.0001921031561653714, "Fibrinogen, Functional_max": 0.00014335993323495982, "Bands_max": 0.00012071994062362454, "Lactate Dehydrogenase (LD)_max": 7.357632890478279e-05, "Lipase_max": 3.0192075666771414e-06, "Creatine Kinase (CK)_max": -6.343012978213122e-06, "Asparate Aminotransferase (AST)_max": -6.385462027570062e-05, "WBC_min": -0.00015341983176070755, "Specific Gravity_min": -0.0003007181082533799, "Glucose_max": -0.00033230891938532825, "Triglycerides_max": -0.00034380172325510514, "Lipase_min": -0.0005785753845738335, "Triglycerides_min": -0.0007407625397791674, "Alkaline Phosphatase_min": -0.0008126792338955924, "Sodium, Urine_max": -0.0008342394131508423, "pO2_max": -0.0008526074125830901, "Tidal Volume_min": -0.000972389734865589, "Creatine Kinase, MB Isoenzyme_max": -0.00122685921186597, "White Blood Cells_max": -0.0018982895565199827, "Neutrophils_max": -0.0019571850542100303, "Oxygen Saturation_max": -0.0020360977226630186, "Platelet Count_max": -0.0025709875684617636, "Urea Nitrogen_max": -0.0027340072400640963, "Iron Binding Capacity, Total_max": -0.0034703896117359847, "PEEP_max": -0.006116511041587077, "Calcium, Total_max": -0.006290835218551025, "Required O2_max": -0.00660439753370506, "Creatinine_max": -0.007495329824080118, "pCO2_min": -0.011198335167980758, "Sodium, Whole Blood_max": -0.01473656052957745, "Hematocrit_max": -0.016499396060597065, "Eosinophils_max": -0.01689397488310212, "Potassium_min": -0.018766858723956576, "Thyroid Stimulating Hormone_max": -0.01897131320528001, "Bicarbonate_min": -0.01955011343930092, "Base Excess_min": -0.020016500583650183, "Chloride_max": -0.02059812121587464, "Potassium_max": -0.024628379938715396, "RDW_min": -0.029828828823838794, "Chloride_min": -0.03580940406350616, "Hemoglobin_max": -0.03621403365572624, "Troponin T_max": -0.0385240258289373, "Lymphocytes_min": -0.03954841364147044, "Free Calcium_max": -0.04306548897302523, "pH_min": -0.053147947930677966, "MCHC_min": -0.05519673539614272, "MCH_max": -0.05651992670577295, "Phosphate_min": -0.059136671763162424, "MCHC_max": -0.06645396386962797, "Potassium, Whole Blood_min": -0.0765729227527168, "Hemoglobin_min": -0.08369029800122564, "Bilirubin, Total_min": -0.09251118871428993, "Eosinophils_min": -0.11785082194746818, "Bicarbonate_max": -0.11940801015430803, "Albumin_max": -0.16043226163170943, "Calcium, Total_min": -0.17585850592437818, "Temperature_min": -0.19092793101754948, "Albumin_min": -0.25288030235669207, "Creatinine_min": -0.25622826014266353}