{"pH_max": 0.4845119852732912, "Lactate_min": 0.2002907783990551, "Anion Gap_min": 0.1208928294600742, "Lactate_max": 0.1192704478048346, "Sodium_max": 0.0814816177665015, "Phosphate_max": 0.0707161220885438, "Bilirubin, Direct_min": 0.0676036802496804, "Calcium, Total_max": 0.0634550433969469, "PT_min": 0.059542039916726, "RDW_max": 0.05523018115281872, "White Blood Cells_min": 0.050015487057778855, "Red Blood Cells_max": 0.04244725199677715, "Magnesium_min": 0.04120064359663844, "pCO2_max": 0.03555778894956766, "MCV_min": 0.03332460002083401, "Urea Nitrogen_min": 0.028974889299026595, "Bilirubin, Direct_max": 0.028131761564221525, "Vancomycin_min": 0.027675135726006446, "Atypical Lymphocytes_min": 0.027185585589042095, "Atypical Lymphocytes_max": 0.02457599815707968, "Urobilinogen_max": 0.020900281999401908, "Osmolality, Measured_max": 0.018096648912967642, "INR(PT)_min": 0.017000051380878362, "Hematocrit_min": 0.014674509087436775, "Glucose_min": 0.01393696714646638, "Required O2_max": 0.013604735644553223, "Base Excess_max": 0.012806987285333978, "PTT_min": 0.012111809088267844, "Bands_min": 0.011949700314320293, "Oxygen_min": 0.010129814044600899, "Oxygen_max": 0.0069424681687697935, "Anion Gap_max": 0.006570615316838081, "MCV_max": 0.005868381050081422, "PEEP_min": 0.005422594789846415, "Polys_min": 0.003819632707302803, "INR(PT)_max": 0.003807301209080879, "Monocytes_max": 0.0036759762758723793, "Neutrophils_min": 0.0035866201400107764, "Lymphocytes_max": 0.003519863333216269, "Nucleated Red Cells_min": 0.0032641941594791024, "Specific Gravity_max": 0.002784301991363756, "Phenytoin_max": 0.0025990220635698784, "Asparate Aminotransferase (AST)_min": 0.002408375964055756, "Bands_max": 0.0023782240392531294, "pO2_min": 0.002234152573316309, "PTT_max": 0.00196391757401002, "Specific Gravity_min": 0.0014723982502956201, "Urea Nitrogen_max": 0.0013938934690209518, "Creatinine, Urine_max": 0.0011591993740083886, "Amylase_min": 0.0011260425924601587, "PT_max": 0.0009997204060097037, "O2 Flow_max": 0.0008926131614675965, "Cortisol_min": 0.0008818029177057098, "Platelet Count_min": 0.0006444121773597054, "Osmolality, Urine_max": 0.0005966709707502359, "Fibrinogen, Functional_min": 0.0005627787849371336, "WBC_max": 0.00048421211349623756, "Lactate Dehydrogenase (LD)_min": 0.00043013739672162704, "Alkaline Phosphatase_max": 0.0002972972838047234, "Osmolality, Urine_min": 0.00029479126403483824, "PEEP_max": 0.0001996111260777555, "RBC_min": 0.00016462207988753735, "Lactate Dehydrogenase (LD)_max": 0.00012658927775281183, "Creatine Kinase (CK)_min": 8.299960730591274e-05, "RBC_max": 2.2637374699726782e-05, "Ferritin_min": 4.428292659154552e-06, "Creatine Kinase (CK)_max": -1.1416102241068033e-05, "Asparate Aminotransferase (AST)_max": -5.5541569953784095e-05, "Vitamin B12_min": -0.00010617908800040483, "Glucose_max": -0.0001751219215287464, "Alveolar-arterial Gradient_min": -0.00019058304912985413, "Triglycerides_min": -0.00024021745813850828, "pO2_max": -0.0003488441213269788, "Amylase_max": -0.0003546817184546973, "Alveolar-arterial Gradient_max": -0.0004265394876000199, "Urea Nitrogen, Urine_max": -0.00044002609811758626, "Protein_max": -0.0004692414143487309, "WBC_min": -0.0005279950697364415, "Tidal Volume_min": -0.0006344160606621019, "Triglycerides_max": -0.0006378135235675881, "Alkaline Phosphatase_min": -0.0008414307225961867, "Tidal Volume_max": -0.0010051724823942072, "Lipase_min": -0.0011403239064270362, "Creatine Kinase, MB Isoenzyme_max": -0.0014348126571286863, "Alanine Aminotransferase (ALT)_min": -0.0014745217509993039, "Nucleated Red Cells_max": -0.0015899265791453764, "Vancomycin_max": -0.002451877221449699, "Oxygen Saturation_min": -0.0026434258719990537, "White Blood Cells_max": -0.0026649883205007606, "Sodium, Urine_min": -0.002844846916885247, "Platelet Count_max": -0.002864064730358057, "Bilirubin, Total_max": -0.002999942306178881, "Troponin T_max": -0.005029424974372186, "Chloride, Whole Blood_min": -0.006065436360640852, "Chloride_min": -0.00974007097307425, "Calculated Total CO2_min": -0.01031341934573889, "pCO2_min": -0.011850099448728061, "Base Excess_min": -0.01570552534676053, "Thyroid Stimulating Hormone_min": -0.01663322832131826, "Chloride_max": -0.016658184846529634, "Sodium, Whole Blood_max": -0.017458388773576323, "Osmolality, Measured_min": -0.018295512381711742, "Hemoglobin_max": -0.018754895516919723, "Free Calcium_max": -0.02081531745124713, "Hematocrit_max": -0.023572297646980937, "Sodium_min": -0.023639500896886694, "Eosinophils_max": -0.0263273232876818, "Monocytes_min": -0.02816078307853292, "MCHC_max": -0.03137524714504481, "Red Blood Cells_min": -0.033599439617729814, "Potassium, Whole Blood_min": -0.036994295335392675, "Lymphocytes_min": -0.040750835933537746, "Potassium_min": -0.04356022692344256, "MCHC_min": -0.047144214632272634, "RDW_min": -0.04839466381902239, "Bilirubin, Total_min": -0.055874193806402205, "pH_min": -0.058385667241190195, "Epithelial Cells_min": -0.06534378132079083, "MCH_max": -0.07062156726507537, "Phosphate_min": -0.07307505498855768, "Creatinine_max": -0.07880357369936304, "Bicarbonate_max": -0.10047151356918438, "Hemoglobin_min": -0.10677634800077723, "Eosinophils_min": -0.11528063882000517, "Temperature_min": -0.14929529816136117, "Calcium, Total_min": -0.18886170865381832, "Creatinine_min": -0.20380956833156044, "Albumin_max": -0.2313110156547921, "Potassium, Whole Blood_max": -0.28317461892776974, "Albumin_min": -0.39825389560240015}