{"Lactate_max": 0.16310972260803408, "pH_max": 0.1354509340217056, "Lactate_min": 0.10591030542833474, "Anion Gap_min": 0.08952185074410746, "Bilirubin, Direct_min": 0.08332248528921155, "Sodium_max": 0.07602620381701379, "Phenytoin_min": 0.07430251240899073, "White Blood Cells_min": 0.05057900407166477, "PT_min": 0.04926094441843273, "Phosphate_max": 0.041063442487936294, "Atypical Lymphocytes_max": 0.03593021398463703, "Calculated Total CO2_max": 0.035900840710331505, "pCO2_max": 0.03459382181253247, "RDW_max": 0.028885821822181405, "Urea Nitrogen_min": 0.02513128959510008, "Vancomycin_min": 0.024233262153818654, "MCV_min": 0.022919065016740195, "CK-MB Index_max": 0.02203235869386565, "Required O2_min": 0.020976414229743272, "Bilirubin, Total_max": 0.015055191768375326, "Osmolality, Measured_max": 0.01495236549741162, "Glucose_min": 0.014608001085985773, "Bands_min": 0.014143743762248601, "MCH_min": 0.011514329767671022, "Oxygen_min": 0.010947674713145245, "Oxygen_max": 0.01091215804124276, "Urobilinogen_min": 0.010693360967471819, "INR(PT)_min": 0.009831499454782226, "Red Blood Cells_max": 0.008627762366127742, "Temperature_max": 0.008507331234407457, "Magnesium_max": 0.008027005696976758, "PTT_min": 0.007970610068994735, "Chloride_max": 0.007847142508060356, "Atypical Lymphocytes_min": 0.00710740302886813, "MCV_max": 0.006967423302043993, "CK-MB Index_min": 0.004026421698522812, "PTT_max": 0.003946815767074481, "Sodium, Whole Blood_min": 0.003920735451029718, "Urea Nitrogen_max": 0.003678728358781079, "Asparate Aminotransferase (AST)_min": 0.003018214278096328, "pO2_min": 0.00288682156530216, "O2 Flow_min": 0.0023349846134861317, "Required O2_max": 0.0022973445643597328, "Alveolar-arterial Gradient_max": 0.001958714606467892, "Hematocrit, Calculated_max": 0.0013635744138078786, "Amylase_min": 0.001294732063846058, "White Blood Cells_max": 0.0007843822407835534, "Fibrinogen, Functional_min": 0.0006782461793794722, "RBC_min": 0.0006219560126726936, "Base Excess_max": 0.0005989522801671792, "Iron_min": 0.0005945957735881278, "Magnesium_min": 0.0005063240361786952, "Lactate Dehydrogenase (LD)_min": 0.0004580468206067199, "Free Calcium_min": 0.0004115789579471835, "Urea Nitrogen, Urine_max": 0.0003431693976090951, "Alkaline Phosphatase_max": 0.00025064984002464287, "Specific Gravity_max": 0.00019469554109895177, "Lactate Dehydrogenase (LD)_max": 8.973858205483932e-05, "Creatine Kinase (CK)_min": 8.752040335682344e-05, "Ferritin_min": 1.0343137206714048e-05, "Lipase_max": 2.7612390166803635e-06, "Creatine Kinase (CK)_max": -4.358411158981973e-06, "Platelet Count_min": -6.770398836664695e-06, "Granulocyte Count_max": -2.457129754357759e-05, "Glucose_max": -4.6353587722985115e-05, "Asparate Aminotransferase (AST)_max": -6.32642244771587e-05, "Specific Gravity_min": -7.300951525291609e-05, "Fibrinogen, Functional_max": -0.00013037062580666448, "Protein_min": -0.00018253106972145565, "Amylase_max": -0.00046027693471828706, "Oxygen Saturation_min": -0.00048067400848128956, "Triglycerides_max": -0.0005695862481495858, "Urea Nitrogen, Urine_min": -0.0006476416148086726, "Creatine Kinase, MB Isoenzyme_min": -0.0007865150010484509, "Lymphocytes_max": -0.0008098374194122864, "Creatinine, Urine_min": -0.0008505559688672037, "Tidal Volume_max": -0.0009808764751026249, "Vancomycin_max": -0.0011273744316654918, "Tidal Volume_min": -0.0011299683225385504, "Alkaline Phosphatase_min": -0.0011338659233273733, "Lipase_min": -0.001139778484714965, "pO2_max": -0.0012026579692008081, "Creatine Kinase, MB Isoenzyme_max": -0.0018686303589512895, "Alanine Aminotransferase (ALT)_min": -0.0019148273640144755, "Platelet Count_max": -0.0023197016332776065, "Base Excess_min": -0.003112583921249331, "Sodium, Urine_max": -0.0038238451682606764, "PT_max": -0.0038911711672249, "Alveolar-arterial Gradient_min": -0.004068002233872142, "Anion Gap_max": -0.004170092522407091, "Neutrophils_max": -0.004289975600182518, "Phenytoin_max": -0.00721541636871721, "RDW_min": -0.008034440350350598, "PEEP_max": -0.00838120187769545, "Chloride, Whole Blood_max": -0.009234891540998628, "Chloride_min": -0.011566750809529269, "Basophils_min": -0.011791200922187198, "Protein, Total_max": -0.013387345369844728, "Hematocrit_max": -0.013717817474887711, "Free Calcium_max": -0.014229906529279423, "Sodium_min": -0.017148728199282422, "Potassium_min": -0.017534663919393442, "pCO2_min": -0.019504438570882812, "Osmolality, Measured_min": -0.020641152028492833, "Red Blood Cells_min": -0.021036195149399226, "Hemoglobin_max": -0.021401794862186376, "Potassium_max": -0.022523198070514425, "pH_min": -0.02482484986237878, "Sodium, Whole Blood_max": -0.025163341798221453, "Phosphate_min": -0.02542084436304206, "Calcium, Total_max": -0.030068561286206948, "Eosinophils_max": -0.03068237478615485, "Calculated Total CO2_min": -0.03105918452788826, "Monocytes_min": -0.03408087040549605, "% Hemoglobin A1c_min": -0.0366361058391843, "Bilirubin, Total_min": -0.04618199758578497, "Eosinophils_min": -0.049561133742438424, "Lymphocytes_min": -0.050008633309025136, "Bilirubin, Indirect_max": -0.0511847412117592, "MCHC_max": -0.05549355882180469, "MCH_max": -0.05763007070455624, "MCHC_min": -0.06648382542306251, "Hemoglobin_min": -0.07667888594188994, "Creatinine_min": -0.0780760616872463, "Albumin_max": -0.08462893861373086, "Creatinine_max": -0.08907077897797408, "Temperature_min": -0.09259783305395689, "Bicarbonate_max": -0.10414898950283775, "Potassium, Whole Blood_max": -0.10637838741781303, "Albumin_min": -0.12406645327387424}