{"pH_max": 0.6528384739621889, "Lactate_min": 0.20833200203538124, "Lactate_max": 0.14425696620536724, "Anion Gap_min": 0.1029226794395575, "Calcium, Total_max": 0.06882917879393735, "Sodium_max": 0.0660226317529006, "PT_min": 0.06203728353428542, "White Blood Cells_min": 0.04541836943562929, "pCO2_max": 0.036329046906045465, "Urea Nitrogen_min": 0.02368551823068305, "Glucose_min": 0.01467300048502892, "Oxygen_max": 0.012249053256611471, "PTT_min": 0.008708663956752507, "PT_max": 0.0048010960124567695, "White Blood Cells_max": 0.002648967036095753, "pO2_min": 0.002343761757826814, "Platelet Count_min": 0.001619689623156842, "Asparate Aminotransferase (AST)_min": 0.0009188937014569685, "PTT_max": 0.0006468486387815509, "Lactate Dehydrogenase (LD)_min": 0.0006228373350126448, "Urea Nitrogen_max": 0.0005022190557633397, "Lactate Dehydrogenase (LD)_max": 6.32330125549236e-05, "Creatine Kinase (CK)_min": -2.6283499772368003e-05, "Asparate Aminotransferase (AST)_max": -7.145477219439789e-05, "Alkaline Phosphatase_min": -0.000128138676980125, "Glucose_max": -0.0001515333437849713, "Osmolality, Measured_max": -0.0005168438230165472, "Oxygen Saturation_min": -0.0008516799612745023, "pO2_max": -0.0013672434341396728, "Tidal Volume_min": -0.0014501025528496265, "Platelet Count_max": -0.003095254587901205, "Specific Gravity_max": -0.00390960411103249, "PEEP_max": -0.004230707575037975, "Base Excess_min": -0.004988043202120837, "Neutrophils_max": -0.006146951056332745, "Creatinine_max": -0.008369211568925169, "pCO2_min": -0.00962518524381087, "Bilirubin, Total_min": -0.01589981320182887, "Hematocrit_max": -0.0196358279807377, "Sodium_min": -0.039385554303429555, "Lymphocytes_min": -0.055724407856083305, "Eosinophils_max": -0.0647142657269628, "Bicarbonate_max": -0.08844430467122022, "Potassium_min": -0.08876930716704225, "Hemoglobin_min": -0.09401980531615027, "Albumin_max": -0.11192413501873671, "Potassium, Whole Blood_min": -0.1509359425995437, "Calcium, Total_min": -0.1570202094368238, "Temperature_min": -0.22142206179355836, "Albumin_min": -0.7430998276685797}