{"mca_6": -1.3067462995437946, "mca_2": -1.1344167553337847, "Cholesterol, Total_max": -1.013534676701947, "Albumin_min": -0.6822758453660365, "mca_7": -0.6159143754942287, "mca_8": -0.503162789947161, "Osmolality, Measured_min": -0.4071435494337076, "Uric Acid_min": -0.3965460180555496, "Cholesterol, LDL, Calculated_max": -0.3614736675343438, "Temperature_min": -0.31068311213046285, "Protein, Total_min": -0.3066110682793467, "Tidal Volume_max": -0.2983722667221036, "Ketone_min": -0.2861117394220256, "Alanine Aminotransferase (ALT)_max": -0.254893533932372, "mca_9": -0.24528733259696348, "Urea Nitrogen, Urine_min": -0.22286546279985303, "Transferrin_max": -0.2132213615723712, "Phenytoin_max": -0.19358604098630963, "Alanine Aminotransferase (ALT)_min": -0.1929249849215022, "Triglycerides_min": -0.18306356142789124, "Granulocyte Count_max": -0.1631323359778988, "Amylase_max": -0.1604004384015531, "Bicarbonate_min": -0.15957334707242082, "Cholesterol Ratio (Total/HDL)_min": -0.15724521098366204, "Sodium, Urine_max": -0.153589004978377, "Creatine Kinase, MB Isoenzyme_max": -0.15058726047356547, "Iron_max": -0.1380131289248853, "Nucleated Red Cells_max": -0.13727854639027726, "Sodium, Whole Blood_max": -0.13443066599394984, "Creatinine, Urine_min": -0.13391054650545417, "Granulocyte Count_min": -0.13143878676704684, "pCO2_min": -0.10867139758061171, "Tidal Volume_min": -0.10849588057794181, "Chloride, Whole Blood_max": -0.09861156008468908, "O2 Flow_max": -0.09633543464090563, "Thyroid Stimulating Hormone_max": -0.09088722626028502, "Troponin T_min": -0.08974345473591953, "Sodium, Urine_min": -0.08298406425644467, "Basophils_max": -0.07989726099059108, "Phosphate_max": -0.0775758810700674, "PEEP_max": -0.07080398597852192, "Creatine Kinase (CK)_max": -0.0705120978058748, "Fibrinogen, Functional_max": -0.06880129688211425, "Vitamin B12_max": -0.06815642392340748, "Lipase_min": -0.06474406513396444, "Protein_max": -0.06274712358442376, "Required O2_min": -0.05356984162064128, "Base Excess_min": -0.04683623302746774, "Albumin_max": -0.041091062936837806, "Alkaline Phosphatase_max": -0.03813662340438324, "Creatinine_max": -0.036919768248567915, "WBC_min": -0.02987968697442605, "Thyroid Stimulating Hormone_min": -0.02764125860215155, "Protein_min": -0.02304528562959644, "Oxygen Saturation_max": -0.019404936573477728, "Osmolality, Urine_min": -0.017888621855631625, "Anion Gap_max": -0.014983470037626527, "Bands_max": -0.014676054000892644, "Potassium, Urine_min": -0.010625833752397324, "Calculated Total CO2_min": -0.010394265229110787, "Sodium, Whole Blood_min": -0.010133532909961092, "Metamyelocytes_max": -0.00703989110069575, "Myelocytes_min": -0.005307346297123311, "Base Excess_max": -0.0009187226423600306, "Cholesterol, HDL_max": 0.004092418976023798, "Urea Nitrogen_max": 0.0047950131399710424, "Oxygen Saturation_min": 0.007493460571410272, "Magnesium_max": 0.00918997103415126, "Polys_min": 0.011076696870080293, "CK-MB Index_min": 0.012674885460616755, "Cortisol_min": 0.014331790627419667, "Atypical Lymphocytes_max": 0.014516643304008477, "RBC_min": 0.016302795113472456, "PT_max": 0.01815418283200329, "INR(PT)_max": 0.018910909341344522, "Epithelial Cells_max": 0.020224467072741694, "Urobilinogen_max": 0.0245026065583289, "Vancomycin_max": 0.02558331905759671, "Chloride, Whole Blood_min": 0.02681523308811749, "Urobilinogen_min": 0.029332785213311827, "Troponin T_max": 0.03945728169009687, "RBC_max": 0.0404085608895091, "WBC_max": 0.04631419575857365, "Metamyelocytes_min": 0.0525537633159402, "Creatine Kinase, MB Isoenzyme_min": 0.05349001683096692, "O2 Flow_min": 0.05398615582597329, "Creatine Kinase (CK)_min": 0.05800055032127004, "Cortisol_max": 0.06223375592882823, "Urea Nitrogen, Urine_max": 0.06298338316628081, "Myelocytes_max": 0.0659156848044286, "PEEP_min": 0.06683740568877847, "Alveolar-arterial Gradient_max": 0.06685593547088102, "Creatinine, Urine_max": 0.08110849796343188, "Free Calcium_min": 0.08874324828108425, "Potassium, Urine_max": 0.0949527911858166, "Fibrinogen, Functional_min": 0.09643972202419106, "Bands_min": 0.09870999899004478, "Amylase_min": 0.10166421983577936, "INR(PT)_min": 0.10814795741515304, "Bilirubin, Direct_min": 0.11026318046194926, "Asparate Aminotransferase (AST)_max": 0.11176982119678873, "Temperature_max": 0.12025740943133104, "Lactate Dehydrogenase (LD)_max": 0.12464878903688843, "Required O2_max": 0.12770925473815534, "pO2_min": 0.12936757198023785, "White Blood Cells_max": 0.13065779750661707, "PT_min": 0.13181125096266563, "Uric Acid_max": 0.1365091060987978, "PTT_min": 0.13923137257156049, "Bilirubin, Direct_max": 0.1519323579710459, "Osmolality, Urine_max": 0.16271035476514145, "Cholesterol, HDL_min": 0.17657107021646054, "CK-MB Index_max": 0.19636777130739377, "Vancomycin_min": 0.20299102538954455, "Polys_max": 0.21144806808957253, "Oxygen_max": 0.22802464627379668, "Lactate_min": 0.2359346511042256, "Iron_min": 0.23758290922304542, "Oxygen_min": 0.2535925353226002, "Protein, Total_max": 0.2541596809571099, "Sodium_max": 0.2565379799800832, "Cholesterol Ratio (Total/HDL)_max": 0.28778861825611896, "Lactate Dehydrogenase (LD)_min": 0.3449327788980236, "Lactate_max": 0.3869485032154428, "Anion Gap_min": 0.4270506697587252, "Urea Nitrogen_min": 0.43724204905246067, "pCO2_max": 0.48577639237610776, "Osmolality, Measured_max": 0.5001185418575723, "Glucose_min": 0.5065323061799485, "mca_1": 0.506837913234105, "Phenytoin_min": 0.6630009697010139, "Asparate Aminotransferase (AST)_min": 0.7106073808090446, "Cholesterol, Total_min": 1.0026451437419661}