{"pH_max": 0.4554755984704684, "Lactate_min": 0.18881973656151424, "Lactate_max": 0.14521568509605817, "Anion Gap_min": 0.09494938181769992, "Temperature_max": 0.08931373949214876, "Phenytoin_min": 0.08295222497346162, "Sodium_max": 0.07801409669580892, "PT_min": 0.05688499850101138, "Basophils_max": 0.05609577094343603, "White Blood Cells_min": 0.04320881416702512, "Phosphate_max": 0.03718297901070276, "RDW_max": 0.037084009434599705, "Urea Nitrogen_min": 0.03377946992236232, "pCO2_max": 0.031857939320467196, "Vancomycin_min": 0.028558995794041895, "MCV_min": 0.02641664605661947, "Glucose_min": 0.014065499634556488, "PTT_min": 0.014049971297344319, "Base Excess_max": 0.013194339416823072, "Bilirubin, Total_max": 0.013136847730550176, "Oxygen_max": 0.012024571686080199, "Free Calcium_min": 0.010419330205319327, "Bands_max": 0.005886564449434036, "Lymphocytes_max": 0.005440437053318101, "Calcium, Total_max": 0.004874520938747364, "Osmolality, Measured_max": 0.003905782297058468, "Neutrophils_min": 0.0036760194259930113, "Polys_min": 0.002481986514168817, "Asparate Aminotransferase (AST)_min": 0.0023774616714825267, "pO2_min": 0.002321495505971552, "Cortisol_min": 0.001989912568882288, "White Blood Cells_max": 0.0019378725940463516, "Specific Gravity_max": 0.0018869350698536792, "PTT_max": 0.0014798411818395876, "Alveolar-arterial Gradient_max": 0.0007821434913345832, "Lactate Dehydrogenase (LD)_min": 0.0005756707678991123, "Nucleated Red Cells_min": 0.0005492149340750054, "Platelet Count_min": 0.00046797467302897225, "Urea Nitrogen, Urine_max": 0.0004037826635467644, "Amylase_min": 0.00039175082080267226, "RBC_max": 0.0002812028501505745, "Fibrinogen, Functional_max": 0.00022515098160185923, "Alveolar-arterial Gradient_min": 9.714106886587582e-05, "Lactate Dehydrogenase (LD)_max": 9.311897731038428e-05, "Creatine Kinase (CK)_min": 1.2183338476671331e-05, "Granulocyte Count_max": -2.6939004115875613e-05, "Asparate Aminotransferase (AST)_max": -7.74465136152515e-05, "Monocytes_max": -0.00015884257643175912, "Glucose_max": -0.00021793044155232264, "Tidal Volume_min": -0.0004472264724986179, "Cortisol_max": -0.0004880282469676143, "Creatine Kinase, MB Isoenzyme_min": -0.0006938190943294017, "pO2_max": -0.0006949115034299215, "Urea Nitrogen, Urine_min": -0.0007880091936476003, "Anion Gap_max": -0.0009209349309044061, "Tidal Volume_max": -0.0010119925006342675, "Alanine Aminotransferase (ALT)_min": -0.001075691361336229, "Oxygen Saturation_min": -0.0011848257879527445, "Neutrophils_max": -0.0015094612626838802, "Creatinine_max": -0.00194992377306575, "Urea Nitrogen_max": -0.0024138451303627596, "Platelet Count_max": -0.002655445424091626, "Sodium, Urine_min": -0.0032541479775799486, "Transferrin_min": -0.004434708873761304, "Bicarbonate_min": -0.004912773866932451, "pCO2_min": -0.011406324449216423, "Base Excess_min": -0.013969738335064322, "Chloride_max": -0.014480088661135433, "Potassium_max": -0.015506963477260476, "Potassium_min": -0.016187042371628272, "MCV_max": -0.016765519485614132, "Chloride, Whole Blood_max": -0.018367331353328405, "Phenytoin_max": -0.01977831235906644, "RDW_min": -0.028695270752298843, "Chloride_min": -0.03163254321898931, "Bilirubin, Total_min": -0.03603764918195131, "Hematocrit_min": -0.040592937055684536, "Lymphocytes_min": -0.04946234462097388, "Eosinophils_max": -0.05866754072060678, "Troponin T_min": -0.060659278412936106, "Phosphate_min": -0.06913523772840802, "MCHC_min": -0.08480476239334525, "pH_min": -0.10081832355653998, "Bicarbonate_max": -0.11277826444509817, "MCHC_max": -0.11452729354805635, "Temperature_min": -0.16893429633210827, "Calcium, Total_min": -0.1729136589714114, "Albumin_max": -0.2096318460415341, "Creatinine_min": -0.3296109886686675, "Albumin_min": -0.3755684377381903}