{"pH_max": 0.5948723255615493, "Magnesium_min": 0.2155422245996048, "Lactate_min": 0.2061672671930696, "Lactate_max": 0.14767189611254264, "Phenytoin_min": 0.10629059090509935, "PT_min": 0.079243093835734, "Anion Gap_min": 0.07026788226124242, "Sodium_max": 0.048650839250551275, "White Blood Cells_min": 0.04835507346984712, "pCO2_max": 0.03401507419012549, "Phosphate_max": 0.0284256838058347, "Urea Nitrogen_min": 0.023140837109835184, "Glucose_min": 0.012665887329201039, "Oxygen_max": 0.011072580347263388, "PTT_min": 0.010635213461934741, "Required O2_max": 0.004245892550788959, "Urea Nitrogen_max": 0.0035309510551665255, "pO2_min": 0.001499138297337155, "Asparate Aminotransferase (AST)_min": 0.0009138047469434182, "Lactate Dehydrogenase (LD)_min": 0.0007290507262441153, "Fibrinogen, Functional_min": 0.00041623792127890095, "Glucose_max": 8.743493104792183e-05, "Alkaline Phosphatase_min": -9.33410532690879e-05, "Platelet Count_min": -0.0005336792060605706, "pO2_max": -0.0006145624628870459, "Tidal Volume_min": -0.0013420101557486742, "Platelet Count_max": -0.0020333933421203608, "Neutrophils_min": -0.003127100629366691, "Chloride_max": -0.0040258479526883145, "Osmolality, Measured_max": -0.004775810496247508, "Creatinine_max": -0.007829471779214827, "Base Excess_min": -0.00822876909370866, "pCO2_min": -0.011768864253890765, "Bilirubin, Total_min": -0.0399506045089918, "Eosinophils_max": -0.06122546376892962, "Lymphocytes_min": -0.061297427435560284, "Bicarbonate_max": -0.08939733376222685, "Potassium, Whole Blood_max": -0.2833790952084503, "Temperature_min": -0.32335552994133476, "Albumin_min": -0.9980777583797986}