{"mca_2": -0.8886846828459346, "Alveolar-arterial Gradient_min": -0.7935735930734567, "Cholesterol, Total_max": -0.6646145984123423, "Albumin_min": -0.6392304346210976, "Transferrin_max": -0.5532267463904397, "Vitamin B12_max": -0.48756716522063176, "mca_8": -0.48553362161248986, "Uric Acid_min": -0.465352831278776, "Required O2_max": -0.4350563688372891, "Osmolality, Measured_min": -0.42426932549544144, "Cholesterol, LDL, Calculated_max": -0.40006684901133227, "Phenytoin_max": -0.2750656571316489, "Urea Nitrogen, Urine_min": -0.25646781344036546, "Temperature_min": -0.25066100454588575, "Tidal Volume_max": -0.22252209544248192, "Ketone_max": -0.22251428302897996, "Calcium, Total_min": -0.19916170876215758, "Triglycerides_max": -0.1954573564144001, "Sodium, Urine_max": -0.19307759089613996, "Alanine Aminotransferase (ALT)_max": -0.1915414924322685, "O2 Flow_max": -0.18486720290085845, "Protein, Total_min": -0.1673105000762563, "Hematocrit, Calculated_max": -0.14886864225785962, "Tidal Volume_min": -0.13925450038721704, "Thyroid Stimulating Hormone_max": -0.13619459397397507, "Alanine Aminotransferase (ALT)_min": -0.1307894981208339, "Chloride, Whole Blood_max": -0.12877431030136685, "Triglycerides_min": -0.12670164967844877, "Granulocyte Count_min": -0.12198339714965938, "Creatine Kinase, MB Isoenzyme_max": -0.10940561318174313, "Creatine Kinase (CK)_max": -0.10670598378935613, "Epithelial Cells_min": -0.10024624800889273, "Bicarbonate_min": -0.09541748761784762, "pCO2_min": -0.09098540131849106, "Osmolality, Urine_min": -0.09013010277987472, "Amylase_max": -0.08635082326651504, "Troponin T_min": -0.08109465819091734, "Calculated Total CO2_max": -0.08003902092723766, "Calculated Total CO2_min": -0.07937204824696717, "Creatinine, Urine_min": -0.07846209644422526, "Oxygen Saturation_max": -0.0762419773897418, "Granulocyte Count_max": -0.074891401964536, "Potassium, Whole Blood_min": -0.07309292972763946, "PEEP_max": -0.06972928812913512, "Base Excess_min": -0.0678971936787343, "Fibrinogen, Functional_max": -0.06546817244935471, "Protein_min": -0.06160513533778006, "Lipase_min": -0.057237276009436726, "Sodium, Whole Blood_max": -0.05603992540831021, "Albumin_max": -0.05187162636382216, "Vancomycin_max": -0.04924577868909629, "Phosphate_max": -0.0426126089517541, "Sodium, Urine_min": -0.038525358858424744, "Nucleated Red Cells_max": -0.036271714924224, "Creatinine_max": -0.03563441645689917, "WBC_min": -0.035273963957453525, "Alkaline Phosphatase_max": -0.018677421885854514, "Iron_max": -0.016862531554042923, "Chloride, Whole Blood_min": -0.015885779352978118, "Urea Nitrogen_max": -0.014755288838082541, "RBC_max": -0.008000655156973839, "Metamyelocytes_max": -0.006561911497170701, "Thyroid Stimulating Hormone_min": -0.006161547442216759, "Bands_max": -0.003314296764624475, "Troponin T_max": -0.00042405742321158533, "Sodium, Whole Blood_min": 0.003015293395735431, "Anion Gap_max": 0.013176806512074693, "Magnesium_max": 0.013927600207439241, "Cortisol_min": 0.01633683314332517, "Polys_min": 0.016947381829674178, "Creatine Kinase, MB Isoenzyme_min": 0.023711160242731323, "Metamyelocytes_min": 0.024161244749468656, "Ferritin_max": 0.025286910438371547, "Atypical Lymphocytes_max": 0.02858800857397325, "Myelocytes_min": 0.02870627752577813, "Cortisol_max": 0.03210484235861211, "Base Excess_max": 0.04085756342068718, "Potassium, Urine_min": 0.04213757672780635, "RBC_min": 0.04252054617394324, "Myelocytes_max": 0.043650833562561275, "INR(PT)_max": 0.04764313285679552, "Urobilinogen_min": 0.06135773735328834, "Urea Nitrogen, Urine_max": 0.06146065178600676, "Cholesterol, HDL_min": 0.06435733609098315, "PEEP_min": 0.0660927315709912, "Cholesterol Ratio (Total/HDL)_max": 0.0664247519667016, "Potassium, Urine_max": 0.07011842837339285, "Asparate Aminotransferase (AST)_max": 0.07131470444356766, "WBC_max": 0.07449817842392031, "Amylase_min": 0.07800081133513775, "Epithelial Cells_max": 0.07882406865878049, "CK-MB Index_min": 0.0854564142122975, "Iron_min": 0.08905748404239273, "Creatine Kinase (CK)_min": 0.09064483061816732, "Lactate Dehydrogenase (LD)_max": 0.09258837067285028, "Bands_min": 0.09802646022926154, "CK-MB Index_max": 0.09853022522907252, "INR(PT)_min": 0.09874865461272808, "Uric Acid_max": 0.11104244566401744, "Fibrinogen, Functional_min": 0.11205874296139007, "pO2_min": 0.12767480256401612, "Bilirubin, Direct_min": 0.1301911492469125, "tacroFK_min": 0.14330112286677232, "Cholesterol, HDL_max": 0.14369325394123444, "PTT_min": 0.1442145336612532, "PT_min": 0.14583697392360406, "Temperature_max": 0.14604791761696445, "White Blood Cells_max": 0.14719172667962893, "O2 Flow_min": 0.15151475242749365, "Protein, Total_max": 0.15474035911502224, "Free Calcium_min": 0.15861769950201104, "Cholesterol, LDL, Calculated_min": 0.17091070637032957, "Bilirubin, Direct_max": 0.17369250033141684, "Polys_max": 0.17861097285090782, "Oxygen_max": 0.21026209162485482, "Vancomycin_min": 0.22432080806752094, "Lactate_min": 0.2502946012800813, "Oxygen_min": 0.27494987272693805, "Sodium_max": 0.2757901967793398, "Osmolality, Urine_max": 0.2855982100381914, "mca_1": 0.292735065919921, "Lactate Dehydrogenase (LD)_min": 0.3656599500575436, "Transferrin_min": 0.37661321884133053, "Lactate_max": 0.3956896213847037, "Urea Nitrogen_min": 0.42046811375554044, "Anion Gap_min": 0.423967992928034, "Vitamin B12_min": 0.45197612697012934, "Asparate Aminotransferase (AST)_min": 0.4783216918639955, "Osmolality, Measured_max": 0.497843385792485, "pCO2_max": 0.5135787389409381, "Glucose_min": 0.5155397878252858, "Alveolar-arterial Gradient_max": 0.615374471045578, "Cholesterol, Total_min": 0.672699466263251, "Phenytoin_min": 0.6962243961720458, "Required O2_min": 0.8011250438317671}