{"Lactate_max": 0.18215753830596393, "Anion Gap_min": 0.0995640337325434, "PT_min": 0.07690660494767865, "Sodium_max": 0.05499990353922204, "White Blood Cells_min": 0.04283611882499556, "pCO2_max": 0.03618329027940487, "Urea Nitrogen_min": 0.024157798639554962, "Glucose_min": 0.01267611910884501, "PTT_min": 0.0126069244978727, "Calcium, Total_max": 0.009091900343925796, "pO2_min": 0.002780840469519036, "PTT_max": 0.0019812713235790123, "Asparate Aminotransferase (AST)_min": 0.0017900055675022287, "Platelet Count_min": -0.0006158908570977486, "pO2_max": -0.0014498365427367777, "Tidal Volume_min": -0.001606642565485404, "Platelet Count_max": -0.0019811138542841235, "Base Excess_min": -0.00607421550160738, "pCO2_min": -0.022073149402202882, "Bilirubin, Total_min": -0.036686704459693055, "Eosinophils_max": -0.053507269345990274, "Lymphocytes_min": -0.059842132056231546, "Bicarbonate_max": -0.06708286071738667, "Temperature_min": -0.2497944166308679, "Albumin_min": -1.1085406676050562}