{"pH_max": 0.528959362835516, "Lactate_min": 0.25829668521309884, "Temperature_max": 0.127360750043102, "Phenytoin_min": 0.12713783844654364, "Anion Gap_min": 0.12203732156000983, "Lactate_max": 0.11430170257303851, "Bilirubin, Direct_min": 0.10883676141800351, "MCH_min": 0.08905532063043249, "Sodium_max": 0.07872811054152204, "Calcium, Total_max": 0.05576887780616064, "RDW_max": 0.05540172881580192, "PT_min": 0.051615353991099656, "White Blood Cells_min": 0.0468102956440342, "Phosphate_max": 0.04053471570679343, "Urea Nitrogen_min": 0.03500333706017532, "pCO2_max": 0.03348701890209191, "Basophils_max": 0.029602467238587043, "Magnesium_min": 0.024639892743028614, "Vancomycin_min": 0.02400455318353287, "INR(PT)_min": 0.022666154841059116, "Free Calcium_min": 0.02024291056094793, "MCV_min": 0.014886017602782964, "PTT_min": 0.014809483651814021, "Glucose_min": 0.013697722707807045, "Calculated Total CO2_max": 0.013592492885657916, "Hematocrit_min": 0.013025115885098111, "MCV_max": 0.011142622420986688, "Oxygen_min": 0.009110752940498184, "Sodium, Whole Blood_min": 0.008850238390434459, "Oxygen_max": 0.00800281866127419, "Cholesterol, HDL_max": 0.00676809447577059, "Osmolality, Measured_max": 0.006385153506169581, "Lymphocytes_max": 0.006229681524834114, "Base Excess_max": 0.00471838516042202, "Anion Gap_max": 0.004549726970557877, "Polys_min": 0.0037933026959656104, "O2 Flow_min": 0.002982053460973552, "Creatinine, Urine_max": 0.0026685048963770983, "PT_max": 0.00238580699995405, "pO2_min": 0.0023739840155159756, "Specific Gravity_max": 0.0013731914433941354, "Alveolar-arterial Gradient_max": 0.0011088053244150667, "Asparate Aminotransferase (AST)_min": 0.0009800790995150716, "PTT_max": 0.0009796522550806939, "Platelet Count_min": 0.0007565533162842806, "Lactate Dehydrogenase (LD)_min": 0.0007184841386522864, "Neutrophils_min": 0.0006223174503376595, "Oxygen Saturation_max": 0.0006036271988054621, "Amylase_min": 0.00038473257813540477, "Fibrinogen, Functional_min": 0.00031444864298450396, "Osmolality, Urine_min": 0.00022863558036104756, "Asparate Aminotransferase (AST)_max": 0.0001414516682378019, "Lactate Dehydrogenase (LD)_max": 7.840895115994066e-05, "Creatine Kinase (CK)_min": 5.664301637165508e-05, "Lipase_max": 3.858847888290385e-06, "Alkaline Phosphatase_max": -2.2534771947940516e-06, "Urea Nitrogen, Urine_max": -8.946599985567968e-05, "WBC_min": -0.00011960538612409474, "Glucose_max": -0.00016297597349960403, "Specific Gravity_min": -0.0001644565786487492, "Amylase_max": -0.000332206578967475, "Creatine Kinase, MB Isoenzyme_min": -0.0004108841213796017, "Oxygen Saturation_min": -0.0004339680152136945, "Alanine Aminotransferase (ALT)_max": -0.0004507782287249034, "Alkaline Phosphatase_min": -0.0005003827395489462, "Tidal Volume_min": -0.0006623858223174279, "pO2_max": -0.0009696520007992121, "Tidal Volume_max": -0.001100057064340972, "Bilirubin, Total_max": -0.00118296777326725, "Sodium, Urine_max": -0.001395888973311317, "Neutrophils_max": -0.0014802752203948752, "Urea Nitrogen_max": -0.0015951449340427541, "Creatinine, Urine_min": -0.002579804161698426, "Iron Binding Capacity, Total_max": -0.0028166183920022656, "Platelet Count_max": -0.002886250607499072, "Hematocrit, Calculated_max": -0.0039079432036931245, "Creatinine_max": -0.004231290422141942, "PEEP_max": -0.007106320081812878, "Base Excess_min": -0.00842155228993107, "Chloride, Whole Blood_min": -0.011392636532861483, "Chloride_min": -0.014445300962312481, "Sodium_min": -0.014897920160635155, "Potassium_max": -0.021176068958248914, "pCO2_min": -0.022120423499770475, "Chloride_max": -0.022895605001801454, "Troponin T_max": -0.025385137993472452, "Potassium_min": -0.02631026652607201, "Sodium, Whole Blood_max": -0.030919971384942128, "Red Blood Cells_max": -0.03324494413507945, "Phenytoin_max": -0.03901213449601611, "Free Calcium_max": -0.03992347213365276, "Bilirubin, Total_min": -0.04582190837604206, "Lymphocytes_min": -0.04993523927285003, "RDW_min": -0.05454213822021476, "Eosinophils_max": -0.05503771701056852, "Basophils_min": -0.05751404995096346, "Bilirubin, Indirect_min": -0.06932126000607045, "Phosphate_min": -0.08127040990806514, "Potassium, Whole Blood_min": -0.0907160925716495, "MCHC_min": -0.09830086471983511, "Bicarbonate_max": -0.10610724948261203, "pH_min": -0.10760157344182293, "% Hemoglobin A1c_min": -0.12437678914166779, "Hemoglobin_min": -0.13692580097737425, "MCH_max": -0.14187143450147113, "Albumin_max": -0.22632572454056987, "Calcium, Total_min": -0.2291796139362548, "Temperature_min": -0.2314335950162052, "Creatinine_min": -0.3822342934584459, "Albumin_min": -0.40733989084471883}