{"pH_max": 0.329579737525109, "Lactate_min": 0.1631460191800082, "Anion Gap_min": 0.11837376879931173, "Phenytoin_min": 0.11237228581246853, "Lactate_max": 0.10488016642272273, "MCH_min": 0.0684112640762954, "Temperature_max": 0.06446781164103826, "Phosphate_max": 0.06366707454878323, "PT_min": 0.05512881497998513, "RDW_max": 0.05409811820769626, "Sodium_max": 0.05325492631750257, "Red Blood Cells_max": 0.046310636993967993, "Bilirubin, Direct_min": 0.045508408635887336, "White Blood Cells_min": 0.039991306047757746, "Basophils_max": 0.038555156266462394, "pCO2_max": 0.034706239989212205, "Atypical Lymphocytes_max": 0.03171454989215295, "Required O2_min": 0.03104548292410345, "Hematocrit, Calculated_min": 0.030152837907189915, "Urea Nitrogen_min": 0.029489634640184007, "Magnesium_min": 0.027721935717849623, "CK-MB Index_min": 0.02694470815891609, "Bands_min": 0.026394008186722, "Vancomycin_min": 0.022291331843004195, "Calcium, Total_max": 0.021497296884189516, "Bilirubin, Direct_max": 0.02039583441829376, "Anion Gap_max": 0.019644000620914977, "INR(PT)_min": 0.017558402112491708, "Osmolality, Measured_max": 0.016527693577498514, "Glucose_min": 0.014425782346932533, "INR(PT)_max": 0.012951444170336321, "Hematocrit_min": 0.012646622751758235, "PTT_min": 0.0096733785943376, "Oxygen_min": 0.008556344746047531, "Oxygen_max": 0.008467835502602258, "Neutrophils_min": 0.0075946550372714495, "Alveolar-arterial Gradient_max": 0.006144048897914569, "MCV_min": 0.005641042028623107, "White Blood Cells_max": 0.004482419203813135, "Potassium, Urine_min": 0.004317878359165404, "Creatinine_max": 0.003986315142310939, "Lymphocytes_max": 0.0038905422737018033, "Bands_max": 0.0029282095418843223, "O2 Flow_min": 0.0027329792549752054, "MCV_max": 0.0026266630800780943, "Free Calcium_min": 0.002326627704702613, "Asparate Aminotransferase (AST)_min": 0.002295124203568448, "PTT_max": 0.0018134544652621497, "pO2_min": 0.0015698467238442401, "Thyroid Stimulating Hormone_min": 0.0014266216271232714, "Iron_min": 0.001298260161100946, "Specific Gravity_max": 0.0012657027438536849, "Atypical Lymphocytes_min": 0.001186731748648066, "Osmolality, Urine_max": 0.0010737225960126245, "Amylase_min": 0.0008632121133167762, "Oxygen Saturation_max": 0.0008369959705435389, "WBC_max": 0.0005314896991187535, "Lactate Dehydrogenase (LD)_min": 0.00045946658992806886, "PT_max": 0.00036118416552596887, "Fibrinogen, Functional_max": 0.00033502936364047443, "Vitamin B12_min": 0.0002950040512262754, "Urea Nitrogen, Urine_max": 0.00028984215510535055, "Alkaline Phosphatase_max": 0.00017073556170953374, "Creatine Kinase (CK)_min": 0.00011905798063860627, "Fibrinogen, Functional_min": 0.00010680292350577307, "Lactate Dehydrogenase (LD)_max": 8.316101374371656e-05, "Creatinine, Urine_max": 7.37394609044767e-05, "Platelet Count_min": 6.899036171620608e-05, "Creatine Kinase (CK)_max": -1.4073337772912817e-05, "Granulocyte Count_max": -2.7558808664004902e-05, "Asparate Aminotransferase (AST)_max": -4.866215946707281e-05, "Potassium_max": -0.00012087669010812472, "Osmolality, Urine_min": -0.00020770686801820155, "WBC_min": -0.0002358087275601878, "pO2_max": -0.0002640974998720834, "Vitamin B12_max": -0.0004906326883255658, "Monocytes_max": -0.0004928022563057692, "Protein_min": -0.0005188811609783198, "Amylase_max": -0.0005433618586807161, "Nucleated Red Cells_max": -0.0006330992766610772, "Urea Nitrogen, Urine_min": -0.0007050705745545258, "Alkaline Phosphatase_min": -0.0007280115759610457, "Triglycerides_min": -0.0007541890383929449, "Tidal Volume_max": -0.0008322219451646303, "Lipase_min": -0.0009372388519581929, "Tidal Volume_min": -0.00093956816344993, "Alanine Aminotransferase (ALT)_min": -0.0013357042270802449, "Urea Nitrogen_max": -0.0014032350097522525, "Sodium, Urine_min": -0.0016533688057741695, "Sodium, Urine_max": -0.0017870097041566926, "Cortisol_max": -0.0018760951990459496, "Cholesterol, LDL, Calculated_max": -0.0021938995574103293, "Platelet Count_max": -0.0024222745881514476, "Creatine Kinase, MB Isoenzyme_min": -0.002613283996066708, "Base Excess_min": -0.002745540419847703, "Oxygen Saturation_min": -0.0027706781632242223, "Iron Binding Capacity, Total_max": -0.0030513068116418017, "Chloride_max": -0.003439151527410713, "Alveolar-arterial Gradient_min": -0.00436168168805281, "Sodium, Whole Blood_max": -0.004645446369405377, "Ketone_max": -0.005624757470050229, "Bilirubin, Total_max": -0.006975883821379755, "Sodium, Whole Blood_min": -0.007027444777842214, "pCO2_min": -0.007268436561518576, "Chloride, Whole Blood_min": -0.011998202935105179, "RDW_min": -0.012496391299559614, "Osmolality, Measured_min": -0.015355618466061363, "Free Calcium_max": -0.015573327614599642, "Uric Acid_max": -0.01700344077749198, "Hematocrit_max": -0.017626201337555863, "Thyroid Stimulating Hormone_max": -0.0181464442731791, "Sodium_min": -0.019476312512304316, "Calculated Total CO2_min": -0.020889399256490936, "Protein, Total_max": -0.021009934919070324, "Bicarbonate_min": -0.021117109937726114, "Potassium_min": -0.023741361545707787, "Red Blood Cells_min": -0.02470547031293745, "Troponin T_min": -0.028881144669853934, "Eosinophils_max": -0.03318946004267916, "Protein, Total_min": -0.033226877494556474, "Hemoglobin_max": -0.03506569904442017, "Troponin T_max": -0.03714889980164905, "Lymphocytes_min": -0.037546341852976436, "Phosphate_min": -0.03789302283251744, "Required O2_max": -0.03794613789453224, "Bilirubin, Total_min": -0.04424638516590207, "MCH_max": -0.04644475979795322, "pH_min": -0.05390931616408434, "MCHC_min": -0.05882108671563828, "MCHC_max": -0.06315067015014238, "Bicarbonate_max": -0.0647953048421305, "Potassium, Whole Blood_min": -0.06540351434595486, "Uric Acid_min": -0.08249932444293871, "Hemoglobin_min": -0.12733042507478423, "Calcium, Total_min": -0.15335044231227066, "Temperature_min": -0.1636944930733567, "Albumin_max": -0.17312096991529044, "Potassium, Whole Blood_max": -0.193685222112506, "Creatinine_min": -0.2621619609337472, "Albumin_min": -0.2758111837407627}