{"Lactate_max": 0.16230221542157885, "pH_max": 0.09961097164981961, "Anion Gap_min": 0.08705556307962357, "Lactate_min": 0.08582978844192124, "Sodium_max": 0.07430785213457322, "Phenytoin_min": 0.06405182404759696, "PT_min": 0.06223160944331421, "White Blood Cells_min": 0.051271201300061874, "Bilirubin, Direct_max": 0.048439150132956126, "Hematocrit, Calculated_min": 0.04699307803296882, "Bilirubin, Direct_min": 0.04477559689856279, "Vancomycin_min": 0.033201150278482625, "pCO2_max": 0.030723077261126084, "Phosphate_max": 0.029922651433080625, "CK-MB Index_max": 0.024336462906169223, "MCV_min": 0.023419865206991724, "Urea Nitrogen_min": 0.021674771439953732, "RDW_max": 0.020940028558344197, "Calculated Total CO2_max": 0.020039976309220834, "Metamyelocytes_min": 0.018114086856747404, "Atypical Lymphocytes_max": 0.016906238349372573, "Glucose_min": 0.012707149494186186, "Osmolality, Measured_max": 0.01237654993507442, "Metamyelocytes_max": 0.012167307634696777, "Cholesterol, Total_min": 0.01110617143681056, "PEEP_min": 0.011034548373930985, "Required O2_min": 0.010963858953325238, "Atypical Lymphocytes_min": 0.010849251279197015, "Bands_min": 0.010848412121108517, "Oxygen_max": 0.009982840214842264, "INR(PT)_min": 0.009946998862982111, "PTT_min": 0.009183951269833018, "Chloride, Whole Blood_min": 0.0086865352489642, "Red Blood Cells_max": 0.008582971968920779, "Base Excess_max": 0.0082428538061531, "Myelocytes_max": 0.007421279547591001, "Urobilinogen_max": 0.007399877586396859, "Temperature_max": 0.0069275459467791735, "Oxygen_min": 0.006642425759937139, "Magnesium_min": 0.005724401480786348, "Neutrophils_min": 0.005122508009747447, "CK-MB Index_min": 0.004964156223895828, "O2 Flow_min": 0.0048176694409940365, "Lymphocytes_max": 0.004253000370930769, "Cholesterol Ratio (Total/HDL)_max": 0.004212017250442388, "Cholesterol Ratio (Total/HDL)_min": 0.003966907061223441, "Cholesterol, HDL_min": 0.003796899582484453, "Thyroid Stimulating Hormone_min": 0.00353141922982567, "Monocytes_max": 0.0034240945659073986, "Bands_max": 0.0033706288215604088, "INR(PT)_max": 0.003212736226573182, "Polys_min": 0.0031355968755988712, "Iron_min": 0.0029054220695761217, "Potassium, Urine_max": 0.0028317296728335166, "Magnesium_max": 0.0026697017450737193, "PTT_max": 0.0025356047231104434, "Asparate Aminotransferase (AST)_min": 0.0023483864722738494, "pO2_min": 0.002018569567118997, "Alveolar-arterial Gradient_max": 0.001918667471514894, "Cortisol_max": 0.0014505097161585062, "MCV_max": 0.0013449198509823792, "Creatinine, Urine_max": 0.0013269681537422205, "Nucleated Red Cells_min": 0.0012792757199188304, "Creatine Kinase, MB Isoenzyme_min": 0.001079449993938862, "PT_max": 0.001013732915357959, "Polys_max": 0.0007765014821896165, "Lactate Dehydrogenase (LD)_min": 0.0006602538246509479, "Potassium, Urine_min": 0.0006470146759455733, "Osmolality, Urine_max": 0.0006405569143255455, "Urea Nitrogen_max": 0.0006141846733573899, "WBC_max": 0.000602426489424467, "Cholesterol, HDL_max": 0.0005988775457120341, "Alkaline Phosphatase_max": 0.0005730219742868405, "Osmolality, Urine_min": 0.0005336304686734386, "Amylase_min": 0.0005284854369231905, "tacroFK_min": 0.000427321315560981, "Free Calcium_min": 0.0003806258090429227, "RBC_max": 0.0003364336545336453, "Fibrinogen, Functional_min": 0.0003062559379194256, "Protein_min": 0.0002594727855661331, "Urea Nitrogen, Urine_max": 0.0001904823514224848, "MCH_min": 0.00011887258897484686, "Asparate Aminotransferase (AST)_max": 0.00010428470302610105, "Lactate Dehydrogenase (LD)_max": 6.629655535002548e-05, "Creatine Kinase (CK)_min": 6.352626849008665e-05, "Specific Gravity_max": 9.736430717213717e-06, "Lipase_max": 4.016424272787493e-06, "Ferritin_max": -1.6537337553729085e-06, "Creatine Kinase (CK)_max": -7.314253874176608e-06, "Glucose_max": -2.8303782916752377e-05, "Granulocyte Count_max": -3.14310127885766e-05, "Fibrinogen, Functional_max": -3.484228760954709e-05, "Ferritin_min": -4.441434255623778e-05, "Granulocyte Count_min": -4.6395575931110954e-05, "Vitamin B12_min": -9.773123498919952e-05, "RBC_min": -0.00010614665046240189, "Specific Gravity_min": -0.00015263902837167728, "Vitamin B12_max": -0.00015347039811122918, "Oxygen Saturation_max": -0.00017944333616577975, "Amylase_max": -0.00019285653342260913, "RDW_min": -0.0003092348238445187, "WBC_min": -0.00031464061300817984, "Alanine Aminotransferase (ALT)_max": -0.0003396332776957238, "Myelocytes_min": -0.00038861321237928137, "Iron Binding Capacity, Total_min": -0.00041060933641393017, "pO2_max": -0.00041942151049817933, "Triglycerides_max": -0.0004445238224396923, "Basophils_max": -0.0004472315088644784, "Triglycerides_min": -0.0005681833015766711, "Platelet Count_min": -0.0006085716271269752, "pCO2_min": -0.0006523682632116707, "Tidal Volume_max": -0.0007802611921904005, "Urea Nitrogen, Urine_min": -0.0008668388265643599, "Epithelial Cells_max": -0.0008924053305496093, "Protein_max": -0.0009000915141580713, "Alanine Aminotransferase (ALT)_min": -0.0009106854556877799, "Alkaline Phosphatase_min": -0.0009150793751657741, "Lipase_min": -0.0010307117386384233, "Iron Binding Capacity, Total_max": -0.0010834145723021638, "Tidal Volume_min": -0.0011510543024705153, "Nucleated Red Cells_max": -0.0014019527587450786, "Vancomycin_max": -0.0014085127916531705, "White Blood Cells_max": -0.0014561756503455139, "Cholesterol, LDL, Calculated_max": -0.0014607956490541607, "Transferrin_min": -0.0015278670624154912, "Ketone_max": -0.001589204287313709, "Hematocrit_min": -0.0016490313051044335, "Creatine Kinase, MB Isoenzyme_max": -0.0019064469358516909, "Oxygen Saturation_min": -0.0019528120074082133, "Platelet Count_max": -0.0019912209857170828, "Transferrin_max": -0.0020120610230244047, "Sodium, Urine_min": -0.00204710813595123, "Iron_max": -0.0020569856660078434, "Cholesterol, LDL, Calculated_min": -0.002085825568090888, "Sodium, Urine_max": -0.002178427823097772, "Alveolar-arterial Gradient_min": -0.002233438426589508, "Required O2_max": -0.0022352333376908784, "Cortisol_min": -0.0023716072368391576, "Creatinine, Urine_min": -0.0027374834498278947, "Sodium, Whole Blood_min": -0.0027813143293491664, "O2 Flow_max": -0.003279178556858244, "Ketone_min": -0.0035297330516194697, "PEEP_max": -0.0038649226442529893, "Phenytoin_max": -0.004092846477218282, "Chloride_max": -0.005413660147327653, "Urobilinogen_min": -0.005623310328917231, "Chloride, Whole Blood_max": -0.00571546107151275, "Anion Gap_max": -0.0057966761590661515, "Protein, Total_max": -0.007150005041504395, "Red Blood Cells_min": -0.008078422991260489, "Potassium_min": -0.008189995407571636, "Protein, Total_min": -0.00839505844580573, "tacroFK_max": -0.008466782427222048, "Creatinine_max": -0.00858252282889993, "Neutrophils_max": -0.008708620858204822, "Bilirubin, Total_max": -0.009969392721210587, "Basophils_min": -0.0099815555814234, "Bicarbonate_min": -0.010378910985056772, "Free Calcium_max": -0.010536284751764135, "Cholesterol, Total_max": -0.011417973002352056, "Sodium_min": -0.011656223044780752, "Sodium, Whole Blood_max": -0.011789848080913098, "Base Excess_min": -0.012672260027772825, "Troponin T_min": -0.01331163606109021, "Osmolality, Measured_min": -0.01506790512356012, "Bilirubin, Indirect_min": -0.015238079180157313, "Potassium_max": -0.016736750140119414, "Calcium, Total_max": -0.01705489664572058, "Thyroid Stimulating Hormone_max": -0.017185130585326412, "Troponin T_max": -0.01794517414817838, "Hematocrit_max": -0.018078051550306545, "Phosphate_min": -0.018299441924467797, "pH_min": -0.01866843742737664, "Epithelial Cells_min": -0.01890003695492436, "Chloride_min": -0.01923117480111756, "Hemoglobin_max": -0.020286011269846107, "Uric Acid_max": -0.021076066371567694, "% Hemoglobin A1c_max": -0.02116412517769643, "% Hemoglobin A1c_min": -0.02127968791763963, "Potassium, Whole Blood_min": -0.025031625545303266, "Hematocrit, Calculated_max": -0.029980880826444588, "Calculated Total CO2_min": -0.031000094880027994,