{"Lactate_min": 0.19707601969789312, "Lactate_max": 0.13146748647098036, "Phenytoin_min": 0.1252613274717156, "Bilirubin, Indirect_min": 0.1110399431109203, "Anion Gap_min": 0.09812757507040407, "Free Calcium_min": 0.06880357323507197, "Sodium_max": 0.06308044185363654, "PT_min": 0.06273088731653532, "Potassium_max": 0.05024889436268397, "Basophils_max": 0.04527877196086225, "White Blood Cells_min": 0.04294740150590999, "Potassium_min": 0.039264199989266474, "Phosphate_max": 0.03846779429592978, "pCO2_max": 0.03388118398782557, "Bilirubin, Total_max": 0.032904420022174176, "CK-MB Index_min": 0.02911224766822682, "Calculated Total CO2_max": 0.028989436368892233, "Vancomycin_min": 0.027694841361815534, "Potassium, Whole Blood_min": 0.025243792933988714, "Urea Nitrogen_min": 0.024253812382821163, "Hematocrit_min": 0.02387660117072208, "Osmolality, Measured_max": 0.018492359822390274, "RDW_max": 0.01730675314038979, "Glucose_min": 0.014612519741496993, "Calcium, Total_max": 0.013927777323453017, "Specific Gravity_min": 0.01344905979029564, "Oxygen_min": 0.010506226875278331, "PTT_min": 0.010318386458944631, "Oxygen_max": 0.008769081553750599, "MCV_max": 0.007770250346885967, "Bands_max": 0.006045317198355587, "Anion Gap_max": 0.004805326241654738, "White Blood Cells_max": 0.0030280212420827845, "Lymphocytes_max": 0.0026845827439395463, "pO2_min": 0.002505929888479516, "Chloride_max": 0.002489667042484173, "Cortisol_min": 0.0022677775295209413, "PTT_max": 0.0020002771132328883, "Neutrophils_min": 0.0014537649073569695, "Amylase_min": 0.0009203266715476956, "Lactate Dehydrogenase (LD)_min": 0.0006734508650556937, "WBC_min": 0.00043844322315821825, "Fibrinogen, Functional_min": 0.00038376706627238523, "Platelet Count_min": 0.00031926474126096026, "Creatine Kinase (CK)_min": 7.703982151364954e-05, "Lactate Dehydrogenase (LD)_max": 7.606828335285408e-05, "Red Blood Cells_max": -3.6657083314657255e-05, "Asparate Aminotransferase (AST)_max": -4.620533216694896e-05, "Sodium, Urine_max": -0.00018774419616761077, "Glucose_max": -0.00019432172154404867, "Alkaline Phosphatase_max": -0.0002585808760518197, "Urea Nitrogen, Urine_min": -0.0003168808712569278, "Amylase_max": -0.00038459053868342033, "Triglycerides_max": -0.0004732698660392403, "MCHC_min": -0.0009477884521225451, "pO2_max": -0.001215083591627007, "Tidal Volume_min": -0.0012277408032118394, "Urea Nitrogen_max": -0.0016319068642466274, "Oxygen Saturation_min": -0.0019019841367561513, "Platelet Count_max": -0.002450062597464667, "Transferrin_max": -0.0026239473074412285, "Sodium, Urine_min": -0.002720793310044025, "Ketone_max": -0.0035660802233528337, "Neutrophils_max": -0.004772904918115702, "Calculated Total CO2_min": -0.01258077303617094, "Thyroid Stimulating Hormone_max": -0.012797293711649841, "pCO2_min": -0.013098975360100122, "Sodium_min": -0.013589553348761383, "Creatinine_max": -0.014788208148866139, "Chloride_min": -0.01582560412275364, "Base Excess_min": -0.018978337628193828, "Phenytoin_max": -0.02068759547611757, "Osmolality, Measured_min": -0.021734333992418843, "Free Calcium_max": -0.02377558051757203, "Monocytes_min": -0.026622954125652507, "Eosinophils_max": -0.04906483608494242, "Lymphocytes_min": -0.0503219869397138, "pH_min": -0.054122963321197766, "Bilirubin, Total_min": -0.06152017932363011, "Protein, Total_min": -0.06431563888216328, "Troponin T_min": -0.06756326263880759, "MCHC_max": -0.08126943628078849, "Bicarbonate_max": -0.08607123117335591, "Phosphate_min": -0.10026931234066035, "Bilirubin, Indirect_max": -0.11105328623543514, "Temperature_min": -0.11791874248041752, "Albumin_max": -0.1363004691990083, "Hemoglobin_min": -0.18160755806061293, "Potassium, Whole Blood_max": -0.2997202575824752, "Albumin_min": -0.6948507019051646}