{"pH_max": 0.660182616283673, "Temperature_max": 0.19893180055695273, "Lactate_min": 0.19657220141249943, "Lactate_max": 0.12577209019600663, "Anion Gap_min": 0.1125896085118676, "Sodium_max": 0.07676195770769881, "Basophils_max": 0.056838596951221156, "PT_min": 0.056622952569989754, "White Blood Cells_min": 0.0411373221312318, "pCO2_max": 0.03744613624093773, "Urea Nitrogen_min": 0.029184392467952572, "Magnesium_min": 0.026829916756029085, "Vancomycin_min": 0.020937463602194565, "INR(PT)_min": 0.017663545199686728, "Bilirubin, Total_max": 0.017575420365686035, "Oxygen_min": 0.01638869978478939, "Glucose_min": 0.013685500906541324, "PTT_min": 0.01348859167847308, "Anion Gap_max": 0.008371474575990894, "MCV_min": 0.007550707756780539, "Phenytoin_max": 0.007138861065109942, "Osmolality, Measured_max": 0.0052108557272917706, "Potassium, Urine_min": 0.004599970601802659, "RDW_min": 0.0037732013976506215, "PT_max": 0.003576897200275772, "Creatinine, Urine_max": 0.0029281441170961884, "Specific Gravity_max": 0.0028854161167454298, "Nucleated Red Cells_min": 0.0021012033948215442, "pO2_min": 0.002045446510351241, "O2 Flow_min": 0.0017808969695392242, "White Blood Cells_max": 0.0015464381690096036, "Specific Gravity_min": 0.0013940093516777853, "Asparate Aminotransferase (AST)_min": 0.001259649501174219, "Alveolar-arterial Gradient_max": 0.001095907042121997, "Oxygen Saturation_min": 0.0009732132188157242, "Urea Nitrogen_max": 0.0005978939537748899, "Fibrinogen, Functional_max": 0.00019684558851284205, "Amylase_min": 0.0001570936391175296, "Creatine Kinase (CK)_min": 6.6706182980817355e-06, "Granulocyte Count_max": -2.5073653611607968e-05, "Platelet Count_min": -2.9475001337229255e-05, "Osmolality, Urine_min": -7.35447398176096e-05, "Glucose_max": -0.00010460296148411596, "MCV_max": -0.000496254820587158, "pO2_max": -0.0006691305867373051, "Tidal Volume_max": -0.000799509395418805, "Tidal Volume_min": -0.0010506379214879143, "Neutrophils_min": -0.0015440556099714938, "Hematocrit, Calculated_max": -0.002234288701340486, "Neutrophils_max": -0.0025152827946588316, "Platelet Count_max": -0.0025727629976716447, "Creatinine, Urine_min": -0.002589535550088528, "Potassium_max": -0.0026282298844260603, "Calcium, Total_max": -0.0034100726598592073, "Base Excess_min": -0.0041666963131818825, "pCO2_min": -0.007209419778939083, "Troponin T_max": -0.007287592985775011, "Free Calcium_max": -0.018021129732645098, "Calculated Total CO2_min": -0.01832196853351972, "Hematocrit_max": -0.019449370644820822, "Chloride_min": -0.019822547840987463, "Chloride_max": -0.019946713789322005, "Sodium_min": -0.02062464060882894, "Bicarbonate_min": -0.02179748269991246, "Thyroid Stimulating Hormone_min": -0.02708286338763804, "Creatinine_max": -0.029007051478629475, "Potassium_min": -0.04705620472949216, "Eosinophils_max": -0.04776175083609356, "Bilirubin, Total_min": -0.04961566616749607, "Lymphocytes_min": -0.055225401790484324, "Basophils_min": -0.05930282729465497, "Phosphate_min": -0.06504916915787433, "Hemoglobin_min": -0.08813978281394408, "Bicarbonate_max": -0.0890258910260004, "pH_min": -0.0997522916739468, "MCHC_max": -0.15984261847241193, "Creatinine_min": -0.26491566294651, "Albumin_max": -0.32499295229095826, "Temperature_min": -0.35142667693309537, "Albumin_min": -0.5572659169588885}