{"pH_max": 0.5335573450622719, "Lactate_min": 0.21443656585675544, "Lactate_max": 0.14654230528636378, "Bilirubin, Direct_min": 0.11657968559225439, "Anion Gap_min": 0.0993009551188862, "Sodium_max": 0.06566572743156668, "PT_min": 0.056270680176956335, "Calcium, Total_max": 0.05073541935375401, "White Blood Cells_min": 0.0492642202960131, "Magnesium_max": 0.04504109953342026, "Atypical Lymphocytes_max": 0.03771960242890036, "pCO2_max": 0.037431687243634215, "Magnesium_min": 0.03343464422535669, "RDW_max": 0.02752379931191131, "Urea Nitrogen_min": 0.024187973772914165, "Phosphate_max": 0.02319581031472825, "INR(PT)_min": 0.019924055327729874, "Bands_min": 0.015464347038508573, "Red Blood Cells_max": 0.01504629869954675, "Glucose_min": 0.013971422756326303, "Oxygen_max": 0.011639902127219975, "MCH_max": 0.010228191335025383, "PTT_min": 0.010205286382474383, "Required O2_min": 0.005723159555373246, "MCHC_min": 0.005686521822717231, "Osmolality, Measured_max": 0.003073602161821764, "pO2_min": 0.002748076574040776, "PT_max": 0.0014676938095470227, "PTT_max": 0.0014635269376623878, "Osmolality, Urine_max": 0.0009585283444224341, "Asparate Aminotransferase (AST)_min": 0.0009406010969607244, "Lymphocytes_max": 0.0006606944557136214, "Lactate Dehydrogenase (LD)_min": 0.0005758610712888146, "Sodium, Urine_max": 0.00046187387643990504, "Fibrinogen, Functional_min": 0.0002715762829085509, "Platelet Count_min": 0.0002060080173553596, "Lactate Dehydrogenase (LD)_max": 7.699515482669253e-05, "Creatine Kinase (CK)_min": 5.457374255037055e-05, "Lipase_max": 3.3515871694874405e-06, "Alanine Aminotransferase (ALT)_max": -0.00018228762294876584, "Alkaline Phosphatase_min": -0.0003249343813678718, "Monocytes_max": -0.0005328002671395275, "Tidal Volume_min": -0.0005514394722945413, "pO2_max": -0.0006718275791030243, "Tidal Volume_max": -0.0009526439924079293, "Creatine Kinase, MB Isoenzyme_max": -0.0011257018478505103, "Platelet Count_max": -0.0024362428816679265, "Urea Nitrogen_max": -0.002792100308977442, "PEEP_max": -0.0028559402139336264, "Sodium, Urine_min": -0.0047961803138146, "Base Excess_min": -0.006699732251409846, "Chloride, Whole Blood_max": -0.009914977444980554, "pCO2_min": -0.012796482067343969, "Potassium_max": -0.019267391570898722, "Eosinophils_max": -0.02780344860263902, "Chloride_min": -0.031154046486941322, "Potassium_min": -0.03889292282855326, "Lymphocytes_min": -0.04461672194847075, "Hemoglobin_min": -0.06216244813929428, "Bilirubin, Total_min": -0.0625257894082308, "Hemoglobin_max": -0.07715353923157786, "MCHC_max": -0.10348992205841172, "Bicarbonate_max": -0.1100508931481009, "Phosphate_min": -0.12059735523690679, "pH_min": -0.12259409791082446, "Eosinophils_min": -0.13037010878035388, "Calcium, Total_min": -0.194726492401583, "Temperature_min": -0.19582093735972192, "Albumin_max": -0.2748780445112813, "Albumin_min": -0.49417185772986894}