{"Lactate_min": 0.1596350579272575, "Lactate_max": 0.14110784581208002, "Phenytoin_min": 0.13322932058059028, "Anion Gap_min": 0.08999545554785661, "Sodium_max": 0.08313258388172744, "Phosphate_max": 0.06917442250867296, "PT_min": 0.055802529889889534, "White Blood Cells_min": 0.05504575391955205, "Hematocrit, Calculated_min": 0.05358374088252507, "MCH_min": 0.045267924637827306, "Magnesium_max": 0.03740023670751918, "pCO2_max": 0.03135069965478018, "Basophils_max": 0.03029443877746516, "Urea Nitrogen_min": 0.028030159079353082, "Calculated Total CO2_max": 0.027937114419718898, "Bilirubin, Total_max": 0.022749704772281856, "Myelocytes_min": 0.017971926831101954, "RDW_min": 0.014012069075999448, "PTT_min": 0.013658492860643351, "Glucose_min": 0.012828210029425734, "INR(PT)_max": 0.012773653767017518, "INR(PT)_min": 0.012364260076503172, "Urobilinogen_max": 0.01199200807798779, "Potassium, Urine_max": 0.011595521838973284, "Oxygen_max": 0.011505214603128243, "Bands_max": 0.010898221561316252, "Magnesium_min": 0.010201392242898354, "Vancomycin_max": 0.005902436317871531, "Lymphocytes_max": 0.005763552941852347, "Red Blood Cells_max": 0.005382852048797054, "Neutrophils_min": 0.004004293146494126, "Osmolality, Measured_max": 0.003326378490783422, "Chloride, Whole Blood_min": 0.0031046082445266112, "Nucleated Red Cells_min": 0.002415358535316947, "pO2_min": 0.002404789058281277, "PTT_max": 0.0021573825489679247, "Asparate Aminotransferase (AST)_min": 0.0018461173003775477, "Required O2_min": 0.0017631386445598886, "Osmolality, Urine_max": 0.0010196426900470324, "Cortisol_max": 0.0009001441637974453, "Alveolar-arterial Gradient_max": 0.0008506735799734727, "Amylase_min": 0.0005601823078658049, "Lactate Dehydrogenase (LD)_min": 0.0005209355583305075, "PT_max": 0.0003731110031030767, "Lactate Dehydrogenase (LD)_max": 9.330511829518428e-05, "Creatine Kinase (CK)_min": 6.542140883622607e-05, "Creatine Kinase (CK)_max": -2.131972260984882e-05, "Granulocyte Count_max": -2.8321526679238747e-05, "Specific Gravity_max": -4.9721351543594785e-05, "Glucose_max": -0.0001203145815800023, "Alanine Aminotransferase (ALT)_max": -0.00019049197243926726, "Lipase_max": -0.0002556662346206721, "Urea Nitrogen, Urine_max": -0.00031507355337715673, "Creatinine, Urine_max": -0.0003557731992929775, "pO2_max": -0.00041875485102057516, "Platelet Count_min": -0.00044588832581443774, "Lipase_min": -0.0006972512178428163, "Urea Nitrogen_max": -0.0008041336776141277, "Alanine Aminotransferase (ALT)_min": -0.0008291712209784556, "Tidal Volume_min": -0.0008549937101294697, "Specific Gravity_min": -0.0009566014822148369, "Neutrophils_max": -0.0010794063283844845, "Temperature_max": -0.0011482743727934965, "Sodium, Urine_max": -0.0013818095346090997, "Monocytes_max": -0.002074138267348068, "Platelet Count_max": -0.0021415670664504975, "PEEP_max": -0.002299891831835009, "Oxygen Saturation_min": -0.0025199025484246036, "Creatinine_max": -0.005133461107164653, "Potassium, Urine_min": -0.006039896735378906, "Chloride, Whole Blood_max": -0.006334056444302645, "Base Excess_min": -0.006884493961408963, "pCO2_min": -0.007151640942347077, "Potassium_max": -0.012973329420686096, "Chloride_max": -0.014789076801409711, "Phenytoin_max": -0.016431274564452696, "Calculated Total CO2_min": -0.02334938575595495, "Calcium, Total_max": -0.024711149493514783, "Bicarbonate_min": -0.026347495994528437, "Potassium_min": -0.027652076204447908, "Hematocrit, Calculated_max": -0.028176151539957565, "Red Blood Cells_min": -0.03239477793756929, "Chloride_min": -0.03248526051330402, "Lymphocytes_min": -0.048634899739532556, "pH_min": -0.05249531499297596, "Troponin T_min": -0.05500397135195611, "Eosinophils_max": -0.05568798537934713, "Hemoglobin_max": -0.057921730569820876, "Bilirubin, Total_min": -0.0627698471007158, "Phosphate_min": -0.07030929765026395, "Potassium, Whole Blood_min": -0.07127605474002968, "Bicarbonate_max": -0.09730464066111826, "Uric Acid_min": -0.10847126716909332, "Hemoglobin_min": -0.13541406082952165, "MCHC_max": -0.14257341943348265, "Temperature_min": -0.1664339225916956, "Potassium, Whole Blood_max": -0.16819515130753773, "Albumin_max": -0.1734546839266005, "Creatinine_min": -0.2184860069491646, "Albumin_min": -0.2970596535034779}