{"Lactate_min": 0.1752602246713335, "Lactate_max": 0.16526395476566358, "Anion Gap_min": 0.08834525009133391, "PT_min": 0.06975563288699838, "Sodium_max": 0.05913756006830208, "White Blood Cells_min": 0.03392457340508334, "pCO2_max": 0.03332264388201351, "Urea Nitrogen_min": 0.02392939347726354, "Glucose_min": 0.012786219368016662, "PTT_min": 0.012278165852521339, "White Blood Cells_max": 0.008440611287903547, "pO2_min": 0.002153026105371833, "Asparate Aminotransferase (AST)_min": 0.00110382409461527, "Lactate Dehydrogenase (LD)_min": 0.0006098097007986616, "pO2_max": -0.0008164470713012161, "Platelet Count_min": -0.0012663628069350709, "Osmolality, Measured_max": -0.0014275974959164065, "Platelet Count_max": -0.0015900551973513208, "Tidal Volume_min": -0.0017175657339739225, "Base Excess_min": -0.008753267493789777, "Eosinophils_max": -0.04531076073278887, "Lymphocytes_min": -0.06297894271384852, "Bicarbonate_max": -0.07819140024826941, "Temperature_min": -0.2740113322030289, "Albumin_min": -1.0041558181651593}