{"Lactate_min": 0.21335211703511248, "Lactate_max": 0.15336001736171423, "PT_min": 0.09334471580426007, "Anion Gap_min": 0.06018774893084715, "Sodium_max": 0.050149658370510906, "White Blood Cells_min": 0.044723847627489745, "Phosphate_max": 0.041834229688987076, "pCO2_max": 0.035025929484680446, "Urea Nitrogen_min": 0.020886199578397432, "Calcium, Total_max": 0.014545241368068985, "Glucose_min": 0.013271475609363606, "Oxygen_max": 0.012416423280087494, "Urea Nitrogen_max": 0.00338045162588103, "Asparate Aminotransferase (AST)_min": 0.001409657408369483, "Lactate Dehydrogenase (LD)_max": 5.429652499560369e-05, "pO2_max": -0.0009771562534859636, "Osmolality, Measured_max": -0.0013358568763073098, "Tidal Volume_min": -0.0014414176405477682, "Platelet Count_min": -0.0014686911553914168, "Platelet Count_max": -0.0016012266133189517, "Base Excess_min": -0.0018984580489687394, "Neutrophils_max": -0.002908866718529015, "pCO2_min": -0.01032055259274192, "Calculated Total CO2_min": -0.02131999712988846, "Bilirubin, Total_min": -0.022935707834788883, "Lymphocytes_min": -0.06726868808500461, "Bicarbonate_max": -0.08162194444309923, "Potassium_min": -0.21226186116006207, "Temperature_min": -0.2321925361042797, "Albumin_max": -0.6266466986455485}