{"Lactate_min": 0.1864935529528522, "Anion Gap_min": 0.13962788851786656, "Lactate_max": 0.13916606977638019, "Temperature_max": 0.10130930186172589, "PT_min": 0.06921810461779354, "Bilirubin, Direct_max": 0.06556653966054443, "Free Calcium_min": 0.06354757603532021, "Magnesium_max": 0.04686301870634366, "White Blood Cells_min": 0.04404967145770194, "Sodium_max": 0.04160915786038298, "pCO2_max": 0.03499825874691289, "Vancomycin_min": 0.030096576714054555, "Calcium, Total_max": 0.02966909423843769, "Urea Nitrogen_min": 0.028560623825962413, "Glucose_min": 0.012969061091584955, "PTT_min": 0.012329795129010475, "RDW_max": 0.012163593506488332, "MCV_min": 0.009640573611466537, "Lymphocytes_max": 0.0031418909816858377, "pO2_min": 0.0026467816059004613, "Required O2_min": 0.002454585226225023, "Osmolality, Measured_max": 0.001968431943396085, "White Blood Cells_max": 0.0018830266824398974, "Asparate Aminotransferase (AST)_min": 0.001615737152564817, "Alveolar-arterial Gradient_max": 0.0013890634885300136, "Osmolality, Urine_max": 0.0009831252632436567, "Urea Nitrogen_max": 0.0005777551015969928, "Lactate Dehydrogenase (LD)_min": 0.0005213889835181618, "WBC_max": 0.00034333243618104675, "Creatine Kinase (CK)_min": 3.223982668187535e-05, "Lactate Dehydrogenase (LD)_max": 3.158458567479221e-05, "Glucose_max": -4.033764614581736e-05, "Platelet Count_min": -0.00014751554100745558, "Urea Nitrogen, Urine_max": -0.00025251451689893735, "pO2_max": -0.0005759666857857007, "Tidal Volume_min": -0.0009669793323370532, "Creatine Kinase, MB Isoenzyme_max": -0.0011802963767521073, "Oxygen Saturation_min": -0.001543383734511708, "Platelet Count_max": -0.0023008047597112597, "Required O2_max": -0.00269461310517327, "Iron Binding Capacity, Total_max": -0.00303187550997091, "Monocytes_max": -0.003296372188598597, "Red Blood Cells_max": -0.0037515506938488904, "Base Excess_min": -0.0054242445559015105, "pCO2_min": -0.012532953649082369, "Potassium_max": -0.012703160804334113, "Bilirubin, Total_max": -0.017600228349055475, "Eosinophils_max": -0.028652598443190787, "Bicarbonate_min": -0.03213355938861709, "Bilirubin, Total_min": -0.03912418321469295, "Albumin_max": -0.046444363528829295, "Lymphocytes_min": -0.048243482327470506, "Bicarbonate_max": -0.054304570570983576, "Eosinophils_min": -0.07761030805453775, "Hemoglobin_min": -0.12376667680396936, "MCHC_max": -0.1505728091228711, "Potassium_min": -0.20748317393290788, "Temperature_min": -0.22295513623947577, "Creatinine_min": -0.31624227863379156, "Albumin_min": -0.7845628089378706}