{"pH_max": 0.6449052925365704, "Lactate_min": 0.19895990444954184, "Lactate_max": 0.13458397742459136, "Anion Gap_min": 0.08949349483946427, "PT_min": 0.07280250637416034, "Sodium_max": 0.057246596419097136, "INR(PT)_min": 0.04181514732926574, "Phosphate_max": 0.041188159274848056, "White Blood Cells_min": 0.037666517185967724, "pCO2_max": 0.035748587121389126, "Urea Nitrogen_min": 0.02144151377352356, "RDW_min": 0.021397452855054757, "Glucose_min": 0.013522368146285813, "Bilirubin, Total_max": 0.011085784369150664, "MCH_min": 0.010915789360621734, "Oxygen_min": 0.010869842451552566, "PTT_min": 0.009901334829479125, "Oxygen_max": 0.00885403565329856, "Urea Nitrogen_max": 0.005449110433399734, "Calcium, Total_max": 0.0033606212445727508, "Neutrophils_max": 0.0026779074134647717, "White Blood Cells_max": 0.0024492419830693915, "Creatinine, Urine_max": 0.0018632873024005535, "pO2_min": 0.0012852440479120804, "WBC_max": 0.000601936456888287, "Lactate Dehydrogenase (LD)_min": 0.0005779953174665721, "Lactate Dehydrogenase (LD)_max": 7.506374317293566e-05, "Osmolality, Measured_max": 6.560004229543474e-05, "Asparate Aminotransferase (AST)_max": -6.676226660872256e-05, "Urea Nitrogen, Urine_max": -0.0003189732132115761, "Platelet Count_min": -0.0003636959833225806, "pO2_max": -0.00047117943048431644, "Neutrophils_min": -0.0010527043705343608, "Tidal Volume_min": -0.001374536118253786, "Platelet Count_max": -0.0023926269702435354, "Base Excess_min": -0.0048148474056141305, "pCO2_min": -0.012513891086086361, "Chloride_max": -0.02308015253065457, "Bicarbonate_min": -0.036975657156886166, "Bilirubin, Total_min": -0.04323445643537181, "Eosinophils_max": -0.046377304986099176, "Lymphocytes_min": -0.053830594967805644, "Bicarbonate_max": -0.08823297718161541, "Albumin_max": -0.1035442390916426, "Basophils_min": -0.11383556429198505, "Creatinine_max": -0.13204631728924743, "MCHC_min": -0.14871721741849245, "Temperature_min": -0.19774442869830833, "Potassium, Whole Blood_max": -0.2836162946142621, "Albumin_min": -0.8343550254578592}