{"pH_max": 0.569178006661892, "Lactate_min": 0.1894906554216109, "Lactate_max": 0.14621623268227366, "MCH_min": 0.13000530719968226, "Temperature_max": 0.10886085945999639, "Anion Gap_min": 0.10176400864436495, "Bilirubin, Direct_min": 0.07695933320811946, "Sodium_max": 0.07069012339425806, "Magnesium_min": 0.0545029143513918, "PT_min": 0.052480684443560265, "RDW_max": 0.04901686970639782, "White Blood Cells_min": 0.04018805767086155, "Phosphate_max": 0.03565620881539176, "Urea Nitrogen_min": 0.03527792720468618, "pCO2_max": 0.03375381914161028, "Base Excess_max": 0.029197816491616704, "Vancomycin_min": 0.02662004081502231, "CK-MB Index_min": 0.023992218383085927, "INR(PT)_min": 0.01750302124301597, "Glucose_min": 0.013402162022617944, "PTT_min": 0.012452068614514297, "Oxygen_min": 0.011946323716842816, "INR(PT)_max": 0.010388144554535652, "PEEP_min": 0.007687389494185967, "Bands_max": 0.0067707814179979, "Oxygen_max": 0.005186822741394888, "Lymphocytes_max": 0.004922361713216368, "Bilirubin, Total_max": 0.004326695282185521, "Polys_max": 0.002809475142107152, "Neutrophils_min": 0.002674608026118175, "pO2_min": 0.0024716107575972106, "Osmolality, Measured_max": 0.0015201823638706325, "PTT_max": 0.001472528369456041, "Creatinine, Urine_min": 0.001351571771963229, "Iron_max": 0.0013101768469069466, "Asparate Aminotransferase (AST)_min": 0.0010311924763314747, "Platelet Count_min": 0.0007035043389630687, "Lactate Dehydrogenase (LD)_min": 0.000584747421995372, "Urea Nitrogen, Urine_max": 0.0003743110533817635, "Specific Gravity_min": 0.0003362024347482241, "Fibrinogen, Functional_min": 0.000278889657516553, "Alveolar-arterial Gradient_min": 0.00027294765242081583, "Alkaline Phosphatase_max": 0.00017327380279791272, "White Blood Cells_max": 0.00010722659152738273, "Lactate Dehydrogenase (LD)_max": 8.115227744738352e-05, "Creatine Kinase (CK)_min": 1.9938571585401204e-05, "Lipase_max": 3.2249633457157843e-06, "Glucose_max": -0.00010275020261339251, "Asparate Aminotransferase (AST)_max": -0.00010369153205214731, "Creatinine_max": -0.00018020143518517523, "Amylase_max": -0.00031318505134149687, "Alkaline Phosphatase_min": -0.00046021823473354134, "Urea Nitrogen, Urine_min": -0.0007619043735721974, "pO2_max": -0.0008129710108082139, "Triglycerides_max": -0.0009452099505130147, "Tidal Volume_min": -0.001294688804548821, "Vancomycin_max": -0.002594767739938603, "Urea Nitrogen_max": -0.002658451958554532, "Platelet Count_max": -0.0027022908885921547, "Sodium, Urine_min": -0.0027282129774616145, "Troponin T_max": -0.0033960412254386736, "Transferrin_min": -0.003676978136500758, "Chloride, Whole Blood_min": -0.003924078800668271, "pCO2_min": -0.012096112151698929, "Free Calcium_max": -0.016222365047453877, "Thyroid Stimulating Hormone_max": -0.01624074552472646, "Base Excess_min": -0.020049479171766655, "Chloride, Whole Blood_max": -0.023065567201879793, "Bilirubin, Indirect_min": -0.025565792430520762, "Potassium_min": -0.029162172103204535, "Eosinophils_max": -0.031382452170376586, "Troponin T_min": -0.03203483876762492, "Chloride_min": -0.033139406445959786, "RDW_min": -0.03507511485951768, "Phosphate_min": -0.03950940980302729, "Lymphocytes_min": -0.041051490157350407, "Bilirubin, Total_min": -0.04987600035997844, "MCHC_min": -0.054930796149507105, "Hemoglobin_max": -0.06502250578832956, "Eosinophils_min": -0.08375967694965313, "MCH_max": -0.08844715407329518, "Hemoglobin_min": -0.09369353003838966, "MCHC_max": -0.09376909641501438, "pH_min": -0.10924748173666718, "Bicarbonate_max": -0.12274908770363059, "Calcium, Total_min": -0.16553665250835667, "Temperature_min": -0.2150135699501689, "Albumin_max": -0.22762657338107584, "Creatinine_min": -0.35982718412632764, "Albumin_min": -0.4401071649099867}