{"mca_6": -1.4165621060196392, "mca_2": -1.2667947333071554, "Potassium, Whole Blood_max": -0.9259939903755355, "Albumin_min": -0.663835715958836, "mca_7": -0.533784482505142, "Osmolality, Measured_min": -0.4638935109355642, "Required O2_max": -0.4144244261338742, "Alveolar-arterial Gradient_min": -0.3814560249642198, "Uric Acid_min": -0.3561545197031947, "Bicarbonate_max": -0.34560894885383286, "Cholesterol, Total_min": -0.3092815082497771, "Thyroid Stimulating Hormone_max": -0.29611783421993826, "Cholesterol, HDL_max": -0.2760950997447431, "Ketone_max": -0.24444233840316087, "Alanine Aminotransferase (ALT)_min": -0.23989592184256436, "Temperature_min": -0.23970489004998433, "Phenytoin_max": -0.2355110627742586, "mca_9": -0.2322787760352343, "Tidal Volume_max": -0.23159217824745856, "Protein, Total_min": -0.20484638524492782, "Urea Nitrogen, Urine_min": -0.20090901182296425, "Triglycerides_max": -0.19229382188644645, "Epithelial Cells_min": -0.17716588672576852, "Creatinine, Urine_min": -0.17683198865810695, "Nucleated Red Cells_max": -0.1643147343686655, "Tidal Volume_min": -0.16430755246645495, "Sodium, Urine_max": -0.16067108652079867, "Creatine Kinase, MB Isoenzyme_max": -0.15886575918222315, "Sodium, Whole Blood_max": -0.14496498197886318, "Cholesterol Ratio (Total/HDL)_max": -0.13947837927638587, "Iron_max": -0.13117073971125973, "O2 Flow_max": -0.10675345139569642, "Protein_min": -0.09933626970678806, "Transferrin_min": -0.09894618986666684, "Vitamin B12_max": -0.09725508587592889, "Chloride, Whole Blood_max": -0.09309399824941664, "Asparate Aminotransferase (AST)_max": -0.09132193538568682, "Fibrinogen, Functional_max": -0.08984155300747627, "Amylase_max": -0.08627186771398056, "Base Excess_min": -0.07688018603006974, "Calculated Total CO2_min": -0.07608191189939151, "Granulocyte Count_min": -0.07593129436645639, "Troponin T_min": -0.07176225601899583, "Alkaline Phosphatase_min": -0.05500530222614252, "pCO2_min": -0.05327521442510838, "Creatine Kinase (CK)_max": -0.052803977957650745, "PEEP_max": -0.05254465155947309, "Lipase_min": -0.0523956805043441, "Basophils_max": -0.04248805690498732, "Albumin_max": -0.04104349564043091, "Oxygen Saturation_min": -0.039120075300961905, "Sodium, Whole Blood_min": -0.035448256912152344, "Sodium, Urine_min": -0.035021495736567786, "Creatinine_max": -0.030068234406394518, "Bands_max": -0.019192466246174534, "Vancomycin_max": -0.019046149803362982, "WBC_min": -0.018562208927058572, "Protein_max": -0.016456887127031406, "Oxygen Saturation_max": -0.015677576383282776, "Granulocyte Count_max": -0.014287943242073206, "Potassium, Urine_min": -0.00132757654601761, "Phosphate_max": 0.001492258408012781, "Alkaline Phosphatase_max": 0.0016831350086752028, "Cortisol_max": 0.002392954792397646, "Ferritin_max": 0.0037438498428970556, "Chloride, Whole Blood_min": 0.004555194587622391, "Urobilinogen_min": 0.005592229682271771, "Metamyelocytes_max": 0.00754471140912475, "INR(PT)_max": 0.013454298775947528, "Urea Nitrogen, Urine_max": 0.01418444783947632, "Troponin T_max": 0.01776104562057016, "Magnesium_max": 0.01880264529338601, "RBC_min": 0.01982425176541618, "INR(PT)_min": 0.02289252358195559, "PT_max": 0.023093278874024157, "CK-MB Index_min": 0.023665991743498715, "Metamyelocytes_min": 0.02549864889640164, "Urea Nitrogen_max": 0.025633085174335254, "Cortisol_min": 0.026657293255840212, "RBC_max": 0.03223648755509966, "Urobilinogen_max": 0.035744428690882596, "Creatine Kinase (CK)_min": 0.037334013324347215, "Atypical Lymphocytes_max": 0.03882798149366377, "Osmolality, Urine_min": 0.03976075966112566, "Base Excess_max": 0.04303137074269887, "Bilirubin, Direct_min": 0.049839992615410604, "Nucleated Red Cells_min": 0.05288137090961689, "Bicarbonate_min": 0.057800253954800346, "PEEP_min": 0.05780427292034729, "Polys_min": 0.05805597309051319, "WBC_max": 0.06262167080492369, "Anion Gap_max": 0.06272340786926399, "Creatine Kinase, MB Isoenzyme_min": 0.06282707034140411, "O2 Flow_min": 0.06947993075003009, "Amylase_min": 0.07598040674155149, "Myelocytes_max": 0.08106208819102476, "Temperature_max": 0.08474772143608182, "Uric Acid_max": 0.08499361964852983, "Protein, Total_max": 0.09140830037060964, "Hematocrit, Calculated_min": 0.09254138235939459, "Epithelial Cells_max": 0.09989935102719809, "Creatinine, Urine_max": 0.10185931367940092, "Bands_min": 0.10382891024849002, "Free Calcium_min": 0.10678802804141631, "Osmolality, Urine_max": 0.11213383845437529, "Fibrinogen, Functional_min": 0.11771807363792836, "PTT_min": 0.12332042870644772, "Thyroid Stimulating Hormone_min": 0.12737030843995167, "White Blood Cells_max": 0.133441718880445, "Polys_max": 0.1546394165616323, "Lactate Dehydrogenase (LD)_max": 0.1592102854766765, "Potassium, Urine_max": 0.16213796925532173, "Oxygen_max": 0.1776596934320885, "CK-MB Index_max": 0.20855853962055967, "PT_min": 0.21260223889574106, "Bilirubin, Direct_max": 0.2140952466131329, "Iron_min": 0.2234144143638892, "Vancomycin_min": 0.22425425687528325, "Lactate_min": 0.23584172914968235, "Anion Gap_min": 0.2449322527816427, "Cholesterol Ratio (Total/HDL)_min": 0.25939030699511934, "Sodium_max": 0.2731143226743533, "Lactate Dehydrogenase (LD)_min": 0.2910622267267567, "Oxygen_min": 0.3141782822092015, "Required O2_min": 0.31483742933912023, "Lactate_max": 0.39431031162919555, "Urea Nitrogen_min": 0.44438585967641686, "Glucose_min": 0.4936210787209849, "Osmolality, Measured_max": 0.4945269028400238, "pCO2_max": 0.5107449792985446, "mca_1": 0.555191872524434, "Alveolar-arterial Gradient_max": 0.5789458277939171, "Cholesterol, HDL_min": 0.6325969261369029, "Phenytoin_min": 0.6647059382625731, "Asparate Aminotransferase (AST)_min": 0.6962223657603825}