{"pH_max": 0.33006721567534963, "Lactate_min": 0.17195698798683437, "Lactate_max": 0.12634632368638218, "Phenytoin_min": 0.10264554816280362, "Anion Gap_min": 0.09512173100413542, "Sodium_max": 0.07960083742917451, "RDW_max": 0.06900554628823026, "PT_min": 0.05576092668268134, "Phosphate_max": 0.04977738731445151, "White Blood Cells_min": 0.04681514195991002, "pCO2_max": 0.03369867754544181, "MCV_min": 0.032862895336540646, "Urea Nitrogen_min": 0.02956040892816446, "Calculated Total CO2_max": 0.022357290347382226, "Magnesium_min": 0.018569169276439878, "Urobilinogen_max": 0.018093566556886653, "INR(PT)_min": 0.017354044786262516, "PTT_min": 0.015492541249300558, "Glucose_min": 0.014076851971156963, "MCH_min": 0.011095698082242422, "Oxygen_min": 0.010347954498761094, "Calcium, Total_max": 0.008737614616181966, "Osmolality, Measured_max": 0.008291146136479419, "Oxygen_max": 0.007098133168091469, "Cholesterol, HDL_max": 0.003611010891567903, "Free Calcium_min": 0.003073004514627525, "O2 Flow_min": 0.0028131580835917304, "Cortisol_min": 0.002765888853217648, "Lymphocytes_max": 0.002571743811057458, "pO2_min": 0.0024813048506725985, "PTT_max": 0.0018521161659547512, "Alveolar-arterial Gradient_max": 0.0015741953664708255, "Asparate Aminotransferase (AST)_min": 0.0009219191571615109, "PT_max": 0.0007983285923185244, "Platelet Count_min": 0.0007700531800486777, "Osmolality, Urine_max": 0.0006845271068742644, "Lactate Dehydrogenase (LD)_min": 0.0005856840246535605, "White Blood Cells_max": 0.0005261493246240191, "Fibrinogen, Functional_min": 0.00022515881630391312, "Hematocrit_min": 0.00011996601731818916, "Creatine Kinase (CK)_min": 7.13624089775702e-05, "Ferritin_max": -2.8094282546271393e-07, "Creatine Kinase (CK)_max": -2.2667041817102042e-05, "Alkaline Phosphatase_max": -3.2531602590341324e-05, "Glucose_max": -0.0001436337090215299, "Lipase_max": -0.00029660517366462204, "Neutrophils_max": -0.0007311196760484245, "Monocytes_max": -0.0008462235922448952, "pO2_max": -0.000953718044048216, "Tidal Volume_min": -0.0009657352147610451, "Tidal Volume_max": -0.0009751725315305939, "Urea Nitrogen_max": -0.0013276848436423743, "Sodium_min": -0.0013367014633714597, "Specific Gravity_min": -0.0013638344340994532, "Neutrophils_min": -0.001520281923364574, "Oxygen Saturation_min": -0.0018037935843928771, "Creatinine_max": -0.002454430606042728, "PEEP_max": -0.0026545034621597774, "Platelet Count_max": -0.002667635522986816, "Sodium, Urine_min": -0.0033627127125768377, "Required O2_min": -0.003525538739648002, "Ketone_max": -0.003789515778169165, "Base Excess_min": -0.009795126299471596, "Anion Gap_max": -0.013310641491363313, "Bilirubin, Total_min": -0.01365531145522484, "Chloride, Whole Blood_max": -0.017950755213723135, "pCO2_min": -0.018244554407364378, "Chloride_max": -0.0203902585832486, "Thyroid Stimulating Hormone_max": -0.020894161243337775, "Potassium_min": -0.02208717808768152, "MCV_max": -0.024003023756800686, "Chloride_min": -0.02587830089123789, "Bicarbonate_min": -0.02992441540398326, "Basophils_min": -0.0302860764578701, "Red Blood Cells_max": -0.03159816998912098, "Eosinophils_max": -0.040138321092680375, "RDW_min": -0.04713490136930689, "Bilirubin, Indirect_max": -0.04745205690221957, "Lymphocytes_min": -0.05022646435917354, "Troponin T_min": -0.0538704848849842, "Phosphate_min": -0.05957842387462173, "pH_min": -0.0799300107195588, "Bicarbonate_max": -0.10771735567458873, "MCHC_min": -0.11166192795824999, "Hemoglobin_min": -0.11575131382512503, "Calcium, Total_min": -0.17426301008733389, "Albumin_max": -0.19090186134098633, "Temperature_min": -0.20789172106033346, "Creatinine_min": -0.23916630167504682, "Albumin_min": -0.3235599541684136}