{"pH_max": 0.5366437308028177, "Lactate_min": 0.2209284877466568, "Lactate_max": 0.12233861647208893, "Anion Gap_min": 0.07821509048622981, "Sodium_max": 0.07785676684038552, "MCH_min": 0.07651121889630583, "Atypical Lymphocytes_max": 0.05272342291037069, "PT_min": 0.05152794155663285, "Magnesium_min": 0.05120178474001202, "White Blood Cells_min": 0.046759690828206836, "pCO2_max": 0.03804836339922313, "Bilirubin, Total_max": 0.026157729243463455, "Urea Nitrogen_min": 0.02474467649830508, "INR(PT)_min": 0.02175602449146191, "Phosphate_max": 0.016829025831262265, "Glucose_min": 0.014076718287514322, "Calcium, Total_max": 0.011095304898339426, "PTT_min": 0.010866723814826194, "Oxygen_min": 0.009319900720963677, "Bands_max": 0.008505273292383918, "Oxygen_max": 0.007794827021956046, "Phenytoin_max": 0.007009936553415174, "PEEP_min": 0.0047264628442954225, "PT_max": 0.0038456991234915, "Neutrophils_min": 0.0027193957327333066, "pO2_min": 0.0020470252305337428, "PTT_max": 0.0016695027664763358, "Osmolality, Measured_max": 0.001433776687055741, "Asparate Aminotransferase (AST)_min": 0.0012913711647658211, "Alveolar-arterial Gradient_max": 0.0009512920555656309, "White Blood Cells_max": 0.000844089546572971, "Lactate Dehydrogenase (LD)_min": 0.0005787927601283611, "Amylase_min": 0.00043342368706557615, "Fibrinogen, Functional_min": 0.00040551248178710984, "Platelet Count_min": 0.0003765901120408484, "Lactate Dehydrogenase (LD)_max": 8.766583356011895e-05, "Creatine Kinase (CK)_min": 5.849974807930999e-05, "Creatine Kinase (CK)_max": -1.9835328383377076e-05, "Alkaline Phosphatase_max": -5.1285771532537295e-05, "Alanine Aminotransferase (ALT)_max": -0.00023068001933619352, "Glucose_max": -0.0002600642814505793, "Creatine Kinase, MB Isoenzyme_min": -0.00030982699297245754, "Urea Nitrogen_max": -0.0003291908043981389, "Creatinine, Urine_min": -0.0006849138417368467, "pO2_max": -0.0008608956482884575, "Tidal Volume_min": -0.0016738711639411967, "Platelet Count_max": -0.0024545112522264133, "Neutrophils_max": -0.00383228089614415, "Creatinine_max": -0.007741972353731436, "Base Excess_min": -0.010481168933710547, "Chloride_max": -0.01124587349331167, "pCO2_min": -0.01178649834398689, "Sodium, Whole Blood_min": -0.017736633502060915, "Eosinophils_max": -0.020683851602192906, "Troponin T_max": -0.024901987235460915, "Bicarbonate_min": -0.02874997188108181, "Chloride_min": -0.03185442194782025, "Potassium_min": -0.040352825424913044, "Bilirubin, Total_min": -0.04885157833557789, "Lymphocytes_min": -0.049678838989672916, "Hemoglobin_min": -0.0640690847038131, "MCH_max": -0.08015961811145154, "Hemoglobin_max": -0.09159603594285307, "Bicarbonate_max": -0.09898588270377721, "Eosinophils_min": -0.10518866667775656, "Potassium, Whole Blood_min": -0.1079273900935964, "Phosphate_min": -0.1246245643782214, "Temperature_min": -0.23991889420087323, "Albumin_max": -0.26737728167354985, "Albumin_min": -0.5326377201306074}