{"pH_max": 0.4297211899480823, "Lactate_min": 0.18633251130436682, "Lactate_max": 0.14370299464118094, "Anion Gap_min": 0.11302872308823947, "Phenytoin_min": 0.09707819034425572, "Sodium_max": 0.07276530663908995, "Phosphate_max": 0.05581232427990826, "PT_min": 0.05489852641141248, "RDW_max": 0.045093700882919384, "White Blood Cells_min": 0.04292060892891941, "pCO2_max": 0.03631588219228407, "Urea Nitrogen_min": 0.033248105360881644, "Magnesium_max": 0.02470671791973345, "Urobilinogen_max": 0.017917452852997378, "INR(PT)_min": 0.016864221897578257, "Glucose_min": 0.014318149345442673, "PTT_min": 0.01114158459392015, "Oxygen_min": 0.010602983716123324, "Osmolality, Measured_max": 0.00783804754386811, "Oxygen_max": 0.007786788600185514, "Bands_max": 0.006795984527932542, "Free Calcium_min": 0.004165241117853702, "Anion Gap_max": 0.004114933863072025, "Magnesium_min": 0.0031419259958063986, "Specific Gravity_max": 0.0022969148893202743, "PTT_max": 0.0020753955079762794, "pO2_min": 0.0018741414987992746, "PT_max": 0.0016387532319358312, "Asparate Aminotransferase (AST)_min": 0.001636400953327753, "Alveolar-arterial Gradient_max": 0.0010653478926929039, "Specific Gravity_min": 0.0010449615816739476, "Osmolality, Urine_max": 0.0010122508070495105, "Fibrinogen, Functional_min": 0.000563051366325477, "RBC_max": 0.00042648378606392035, "Lactate Dehydrogenase (LD)_max": 0.00018778741915963988, "WBC_min": 0.00013088900504227785, "Creatine Kinase (CK)_min": 7.479312842896789e-05, "Creatine Kinase (CK)_max": -8.333576006667639e-06, "Alkaline Phosphatase_max": -1.946074207456258e-05, "Fibrinogen, Functional_max": -5.916096155165823e-05, "Lymphocytes_max": -0.00010409703332056674, "Vitamin B12_max": -0.00014681589414137385, "Lipase_max": -0.0001626900676906185, "Glucose_max": -0.00016763424815292814, "Alanine Aminotransferase (ALT)_max": -0.00029929061179787784, "pO2_max": -0.00044287599833746794, "Platelet Count_min": -0.0005040380685828905, "Tidal Volume_max": -0.0007288085497780415, "White Blood Cells_max": -0.000795081281780879, "Tidal Volume_min": -0.001009982036657363, "Creatine Kinase, MB Isoenzyme_max": -0.0014782970543920028, "Oxygen Saturation_min": -0.001632183191935921, "Platelet Count_max": -0.0021169771720760946, "PEEP_max": -0.0029216724330642903, "Bilirubin, Total_max": -0.004043259312439799, "Base Excess_min": -0.004999440786310384, "Troponin T_max": -0.008549033789160505, "RDW_min": -0.009899904682347808, "pCO2_min": -0.011909736168380702, "Chloride_min": -0.012575363816659463, "Bicarbonate_min": -0.013304868238683966, "MCH_min": -0.014198970166272088, "Chloride, Whole Blood_max": -0.014227139408922392, "Sodium, Whole Blood_max": -0.014843673684093752, "Sodium_min": -0.022359016901056704, "Free Calcium_max": -0.02884514045459453, "Calcium, Total_max": -0.03695000258218161, "Potassium_min": -0.04229832737991281, "MCHC_min": -0.0447804752405547, "Basophils_min": -0.046484510226398976, "Lymphocytes_min": -0.057455832059285186, "MCHC_max": -0.06761965218778998, "Bicarbonate_max": -0.08885501048088218, "Potassium, Whole Blood_min": -0.09117768045524285, "Phosphate_min": -0.09719157112042223, "Temperature_min": -0.2017720143154131, "Red Blood Cells_max": -0.25610726484079627, "Albumin_max": -0.258758600776103, "Creatinine_min": -0.32239638436990664, "Albumin_min": -0.41643528284331066}