{"pH_max": 0.19887376261033096, "Lactate_max": 0.1711976627509192, "Lactate_min": 0.12824986317515594, "Bilirubin, Direct_min": 0.10464916955110738, "Phenytoin_min": 0.09613630727465583, "Anion Gap_min": 0.07138380756618483, "Sodium_max": 0.07108674510573529, "White Blood Cells_min": 0.06271612086359266, "PT_min": 0.05347442490331561, "Magnesium_max": 0.04013599555983433, "Calculated Total CO2_max": 0.03697971749056914, "Atypical Lymphocytes_max": 0.03697081196603772, "Vancomycin_min": 0.03611884910621207, "pCO2_max": 0.03081369254938175, "Phosphate_max": 0.03054312127310726, "Metamyelocytes_min": 0.03050133833870726, "Urea Nitrogen_min": 0.027669504660864527, "Sodium, Whole Blood_min": 0.02469828798503369, "Basophils_max": 0.024408561620688256, "MCH_min": 0.023577168693758716, "Required O2_min": 0.020276152521771427, "MCV_min": 0.018558783658190053, "RDW_max": 0.017563851931190363, "Red Blood Cells_max": 0.0165488656715459, "Metamyelocytes_max": 0.015067988999571012, "Oxygen_max": 0.014168974836189301, "Glucose_min": 0.014014379584814496, "Bands_max": 0.012672260677521797, "INR(PT)_min": 0.01258499689876317, "PTT_min": 0.011157561249988518, "Bilirubin, Total_max": 0.00986587295934258, "Neutrophils_min": 0.009604776150236895, "Osmolality, Measured_max": 0.007692823923998935, "Magnesium_min": 0.006311606474438958, "Lymphocytes_max": 0.005839605287747326, "INR(PT)_max": 0.004483774022263044, "Free Calcium_min": 0.003907361708339062, "Alveolar-arterial Gradient_max": 0.003434169250139074, "pO2_min": 0.003060482190632901, "PTT_max": 0.0024918726417537986, "Creatinine_max": 0.0024356021481630402, "Cortisol_max": 0.0019235288513725264, "PT_max": 0.0010244260800363841, "Osmolality, Urine_max": 0.0010120219058004272, "Cortisol_min": 0.0009986490934835884, "Lactate Dehydrogenase (LD)_min": 0.0007567950291342574, "Creatine Kinase, MB Isoenzyme_min": 0.000564843057053918, "Creatinine, Urine_max": 0.0005105491752393078, "Fibrinogen, Functional_min": 0.00035819872902534574, "Chloride_max": 0.0002563754338867327, "White Blood Cells_max": 0.00010854777983680044, "Bicarbonate_min": 0.00010048167573656289, "WBC_max": 9.458663285601154e-05, "Lactate Dehydrogenase (LD)_max": 8.138713525866261e-05, "Creatine Kinase (CK)_min": 5.783202952926136e-05, "Alkaline Phosphatase_max": 4.784472024919449e-05, "Lipase_max": 3.1215902842736507e-06, "Granulocyte Count_max": -5.895337095096193e-06, "Creatine Kinase (CK)_max": -1.2018822170867121e-05, "Fibrinogen, Functional_max": -4.156991000310932e-05, "Specific Gravity_max": -9.257579457228094e-05, "Amylase_max": -0.00010390729565550554, "Alanine Aminotransferase (ALT)_max": -0.00015739302697401962, "Oxygen Saturation_max": -0.00017366647695888092, "Glucose_max": -0.00018282710706414465, "Platelet Count_min": -0.00035548257326868394, "Sodium, Urine_max": -0.00041102024061460735, "Osmolality, Urine_min": -0.00045482272275172876, "Specific Gravity_min": -0.00050393301573484, "Lipase_min": -0.0005525752194637313, "Alkaline Phosphatase_min": -0.0005849146075526825, "Urea Nitrogen_max": -0.0006255737435442242, "pO2_max": -0.0009293737671000858, "Tidal Volume_min": -0.0011834456965358767, "Cholesterol, LDL, Calculated_max": -0.0012450784380062896, "Sodium, Urine_min": -0.002105478326138415, "Platelet Count_max": -0.0021794996558950103, "Alveolar-arterial Gradient_min": -0.0023592573022399293, "Monocytes_max": -0.0024020698354392514, "PEEP_max": -0.002599816985335007, "Oxygen Saturation_min": -0.003108589481638298, "Hematocrit_min": -0.003420750160033117, "Transferrin_max": -0.004368058902102161, "pCO2_min": -0.005754815472543304, "Bilirubin, Indirect_min": -0.006708808630918524, "Base Excess_min": -0.006912164363302232, "Neutrophils_max": -0.007078696695127461, "Temperature_max": -0.008298610701836679, "RDW_min": -0.009378690798616265, "Chloride_min": -0.012291737454046487, "Thyroid Stimulating Hormone_max": -0.013972447830314259, "Monocytes_min": -0.018556469201953522, "Basophils_min": -0.01942351624611107, "Required O2_max": -0.019688936343129293, "Red Blood Cells_min": -0.019880359834207714, "Calcium, Total_max": -0.02220532595177154, "Hematocrit_max": -0.023458146955941117, "Potassium_max": -0.023748835493281308, "Potassium_min": -0.024061011459114448, "Free Calcium_max": -0.024494774587295022, "Eosinophils_max": -0.026265735530054055, "Troponin T_max": -0.026880645621217572, "Troponin T_min": -0.02752862606225603, "Calculated Total CO2_min": -0.03087502568762732, "Sodium_min": -0.031215839577021887, "Sodium, Whole Blood_max": -0.04440563405579846, "MCH_max": -0.044859196702206644, "Lymphocytes_min": -0.04631685210768686, "Bilirubin, Indirect_max": -0.05245485705214673, "Bilirubin, Total_min": -0.05705562158270538, "Hemoglobin_min": -0.0588578961224404, "MCHC_max": -0.07292279775197241, "Eosinophils_min": -0.07549574202012777, "MCHC_min": -0.07631404734788624, "Bicarbonate_max": -0.11013834325867684, "Albumin_max": -0.11128055956813145, "Temperature_min": -0.11998535351132136, "Potassium, Whole Blood_max": -0.1423692607696703, "Creatinine_min": -0.15486886258399066, "Albumin_min": -0.16131689010867184}