{"pH_max": 0.583413145237171, "Lactate_min": 0.23158176405327757, "Lactate_max": 0.1457765135768957, "Anion Gap_min": 0.07964482549918414, "PT_min": 0.07877578523759039, "Sodium_max": 0.05748673422414977, "White Blood Cells_min": 0.040316082659530475, "pCO2_max": 0.037185073047446865, "Urea Nitrogen_min": 0.02257600583700178, "Glucose_min": 0.013341999599645726, "Oxygen_max": 0.012282888713648993, "PTT_min": 0.009522650767314116, "pO2_min": 0.0018649044790135685, "Urea Nitrogen_max": 0.0017146258024329508, "Lactate Dehydrogenase (LD)_max": 6.930059169589928e-05, "Platelet Count_min": 2.6614886410212608e-05, "pO2_max": -0.001469478871352357, "Platelet Count_max": -0.0020059153356264308, "PEEP_max": -0.0025639281390485522, "Neutrophils_min": -0.00369100840723639, "Osmolality, Measured_max": -0.005554412656092448, "Base Excess_min": -0.011860637419934952, "pCO2_min": -0.01467937000767595, "Albumin_max": -0.031056516400817046, "Eosinophils_max": -0.05588782960393315, "Lymphocytes_min": -0.06381244906024285, "Bicarbonate_max": -0.07870615510216887, "Red Blood Cells_max": -0.3129361455105545, "Temperature_min": -0.3422937641218492, "Albumin_min": -0.8955975653255909}