{"Temperature_max": 0.21551096932321864, "Lactate_min": 0.18053242198611374, "Lactate_max": 0.14268861781388245, "Anion Gap_min": 0.09380886357553574, "PT_min": 0.0629428778507857, "Calcium, Total_max": 0.05532040281949006, "Albumin_max": 0.051047521277209996, "White Blood Cells_min": 0.04855078417812472, "pCO2_max": 0.036535568019092975, "Urea Nitrogen_min": 0.020965388729393304, "Phosphate_max": 0.02072167478612921, "Bilirubin, Total_max": 0.01813502011651807, "INR(PT)_max": 0.01775228535863488, "Glucose_min": 0.01382417555646606, "PTT_min": 0.01299806248331543, "Oxygen_min": 0.012173007766633683, "Osmolality, Measured_max": 0.011235125588100357, "Oxygen_max": 0.007971878755099675, "Lymphocytes_max": 0.005196229344655222, "White Blood Cells_max": 0.0030160547203847616, "pO2_min": 0.0022822839040120575, "Urea Nitrogen_max": 0.001429326445418635, "Lactate Dehydrogenase (LD)_min": 0.0008526414926981263, "Fibrinogen, Functional_min": 0.0006682674626723856, "Creatinine, Urine_max": 0.000416553302600219, "Alveolar-arterial Gradient_max": 0.00037327069330425015, "Creatine Kinase (CK)_min": 0.00010342859784583484, "Glucose_max": 4.059714472048131e-05, "Platelet Count_min": -0.00011642567839877571, "Alkaline Phosphatase_min": -0.00024007532314608112, "Fibrinogen, Functional_max": -0.0003587953282156659, "Neutrophils_max": -0.0011053755780043573, "pO2_max": -0.0014530622029207206, "Tidal Volume_min": -0.0016524134112605362, "Platelet Count_max": -0.0024537228808502597, "Sodium_min": -0.004332749468502948, "Ketone_max": -0.005942881151106495, "Base Excess_min": -0.009058779546302041, "pCO2_min": -0.021192438656311336, "Bilirubin, Total_min": -0.04143541970652701, "Lymphocytes_min": -0.05059608786605283, "Eosinophils_max": -0.06169863295465807, "Bicarbonate_max": -0.06458931361457497, "Troponin T_min": -0.09282081925174653, "Hemoglobin_min": -0.11705845558883626, "MCHC_max": -0.1271973869216778, "Temperature_min": -0.22408380649479817, "Potassium_min": -0.3160111620980495, "Basophils_min": -0.31803645169337347, "Albumin_min": -0.947569315843674}