{"pH_max": 0.7432957310427571, "Magnesium_min": 0.25277541053966396, "MCH_min": 0.21047302173638324, "Lactate_min": 0.1814775462324029, "Lactate_max": 0.12236112268112767, "Phenytoin_min": 0.11291064823377893, "Bilirubin, Direct_min": 0.10820807772012238, "Anion Gap_min": 0.10622405332130876, "Sodium_max": 0.07156317477940656, "PT_min": 0.056008906637319486, "Temperature_max": 0.051771291945854135, "INR(PT)_min": 0.04796403034069357, "Phosphate_max": 0.04670458686645679, "White Blood Cells_min": 0.04620519051313028, "pCO2_max": 0.036404060705729664, "Urea Nitrogen_min": 0.029239133090915408, "Metamyelocytes_max": 0.026576558879211058, "Vancomycin_min": 0.023118798512706498, "Bands_min": 0.022582877829765778, "Magnesium_max": 0.01720340739948566, "Calcium, Total_max": 0.016351044685987352, "Glucose_min": 0.013549476026788009, "PTT_min": 0.012750063566122075, "Oxygen_max": 0.011617346614614997, "RDW_max": 0.011486071238723602, "Potassium_min": 0.009077296225306758, "Specific Gravity_max": 0.007926233074291501, "Troponin T_max": 0.007923681386296259, "Cholesterol, HDL_min": 0.007373801212866069, "INR(PT)_max": 0.0067997796017383845, "Hematocrit_max": 0.0063598290800507915, "Hematocrit_min": 0.006263711945118422, "Neutrophils_min": 0.0061132364333617815, "Osmolality, Measured_max": 0.005769993945348447, "Lymphocytes_max": 0.005030033629933645, "pO2_min": 0.0022413331217829555, "Alveolar-arterial Gradient_max": 0.0012229154793113749, "PT_max": 0.0010648331124806078, "PTT_max": 0.0010639608896020278, "Osmolality, Urine_max": 0.0010071522420724013, "Amylase_min": 0.0009348416351542029, "Asparate Aminotransferase (AST)_min": 0.0009292777588219156, "Lactate Dehydrogenase (LD)_min": 0.0006261401980443499, "White Blood Cells_max": 0.00046065503895029685, "Fibrinogen, Functional_min": 0.00033900313059723793, "Alkaline Phosphatase_max": 0.00017944905488056042, "Creatine Kinase, MB Isoenzyme_min": 0.00010432361216123606, "Lactate Dehydrogenase (LD)_max": 3.2512584558810364e-05, "Glucose_max": -0.00013130227441947548, "Urea Nitrogen, Urine_max": -0.000338450930329599, "pO2_max": -0.00035347532602167603, "Amylase_max": -0.00035700549332892543, "Oxygen Saturation_min": -0.00047221281769965144, "Bilirubin, Total_max": -0.0006211721548550972, "Triglycerides_max": -0.0006436127061354488, "Tidal Volume_min": -0.0006819806970546367, "Alkaline Phosphatase_min": -0.0008889221842202964, "Urea Nitrogen_max": -0.0010646434929421006, "Sodium, Urine_max": -0.002065069674688841, "Creatinine_max": -0.0024333830873615576, "Platelet Count_max": -0.002568615534760467, "PEEP_max": -0.004101644541587121, "Neutrophils_max": -0.0041242217121769745, "Potassium_max": -0.006202208433594884, "Base Excess_min": -0.008394344501104082, "Sodium_min": -0.010483584921960243, "pCO2_min": -0.013853004135387455, "Chloride_max": -0.017540703938814725, "Eosinophils_max": -0.020783703120123963, "Phenytoin_max": -0.021861404632543074, "Bicarbonate_min": -0.02588216586408143, "Chloride_min": -0.028475177923469888, "Lymphocytes_min": -0.046379431656262016, "Albumin_max": -0.05007904285486764, "MCV_min": -0.055339606964385994, "Phosphate_min": -0.056383743043074544, "MCHC_min": -0.07012326215995468, "Bilirubin, Total_min": -0.07529191923691182, "Eosinophils_min": -0.07532813113335696, "Basophils_min": -0.0865070669649039, "Troponin T_min": -0.09362983604924936, "Hemoglobin_min": -0.09638175684541588, "Bicarbonate_max": -0.10366162159387518, "Hemoglobin_max": -0.10388742368977828, "pH_min": -0.13043621790762527, "Temperature_min": -0.1624537818102362, "MCHC_max": -0.21903252873218487, "Creatinine_min": -0.28283900403730966, "Potassium, Whole Blood_max": -0.29089569969893775, "Albumin_min": -0.7715553333746179}