{"pH_max": 0.5207269062339352, "Lactate_min": 0.2088111732738391, "Lactate_max": 0.1284441522546567, "Phenytoin_min": 0.10206627675149195, "Anion Gap_min": 0.09340851303653547, "Sodium_max": 0.07273761118695685, "Magnesium_min": 0.07111783173798301, "PT_min": 0.060174605318885126, "Calcium, Total_max": 0.05427017219372557, "White Blood Cells_min": 0.04592999204885868, "Basophils_max": 0.04064109883661552, "pCO2_max": 0.03520424376981303, "Urea Nitrogen_min": 0.026531969046865053, "Phosphate_max": 0.026417865511393104, "RDW_max": 0.020884094415709212, "Bilirubin, Total_max": 0.01956869079589014, "INR(PT)_min": 0.018940356010436272, "Osmolality, Measured_max": 0.015273206368075514, "Glucose_min": 0.014860490858121717, "PTT_min": 0.011748436807585668, "Potassium_min": 0.011352145952962505, "Oxygen_max": 0.011067118304734754, "Specific Gravity_max": 0.006223795393939473, "White Blood Cells_max": 0.005158569028004879, "Specific Gravity_min": 0.00447474797427144, "Neutrophils_min": 0.0039569897990717464, "Lymphocytes_max": 0.0038337485042007234, "PTT_max": 0.0021437966730805144, "PT_max": 0.0018349919184986823, "pO2_min": 0.001763700711703451, "pCO2_min": 0.0013198735393732208, "Asparate Aminotransferase (AST)_min": 0.001240925215722052, "Alveolar-arterial Gradient_max": 0.0010721442192600469, "Platelet Count_min": 0.0008565890217272762, "Lactate Dehydrogenase (LD)_min": 0.0006804771423748491, "Fibrinogen, Functional_min": 0.00045998357452449966, "Cortisol_min": 0.0002988212329613234, "Creatine Kinase (CK)_min": 1.49765015114201e-05, "Glucose_max": -1.5714204326348964e-05, "Granulocyte Count_max": -2.1128800808086315e-05, "pO2_max": -2.9800591194961288e-05, "WBC_min": -0.0002537839588798231, "Urea Nitrogen, Urine_min": -0.0003552652218537043, "Triglycerides_max": -0.0006590348072701754, "Tidal Volume_min": -0.0009177836311547887, "PEEP_max": -0.0009772783456085134, "RDW_min": -0.0011402102370676717, "Oxygen Saturation_min": -0.0012596039879703101, "Monocytes_max": -0.0013031100280108579, "Creatine Kinase, MB Isoenzyme_max": -0.00130528210278106, "Urea Nitrogen_max": -0.0017198845792807723, "Platelet Count_max": -0.002728438487519038, "Ketone_max": -0.004471268614610223, "Base Excess_min": -0.004949327914215277, "Chloride_max": -0.005524592811300183, "Neutrophils_max": -0.00804242718166427, "Troponin T_max": -0.008522633520635245, "MCHC_min": -0.00972411237052104, "Creatinine_max": -0.010847226360610526, "Sodium_min": -0.012218255576622629, "Osmolality, Measured_min": -0.014645240563156863, "Sodium, Whole Blood_max": -0.016993383644571702, "Chloride_min": -0.017016587067771757, "Calculated Total CO2_min": -0.03199166409326834, "Eosinophils_max": -0.03590618380651554, "Bilirubin, Total_min": -0.04533779955679918, "Lymphocytes_min": -0.05407046547365892, "Red Blood Cells_max": -0.06402093185578986, "Free Calcium_max": -0.06856880826482094, "Bicarbonate_max": -0.09087569726233583, "Phosphate_min": -0.0919249569554184, "MCHC_max": -0.09893552924471073, "Hemoglobin_min": -0.11196459590783395, "Uric Acid_min": -0.11666857689381302, "Eosinophils_min": -0.11882465496964623, "Temperature_min": -0.12499785830815971, "Calcium, Total_min": -0.16258071260944623, "Albumin_max": -0.22587341621006232, "Potassium, Whole Blood_max": -0.28515450194292186, "Albumin_min": -0.4765411382749698}