{"pH_max": 0.4895621517364864, "Lactate_min": 0.19318122852982725, "Temperature_max": 0.14114392164695203, "Phenytoin_min": 0.12578200069873532, "Lactate_max": 0.1255686290176547, "Anion Gap_min": 0.11013506975054531, "Sodium_max": 0.07895773392917431, "Bilirubin, Direct_max": 0.06523949907912865, "Phosphate_max": 0.061379070536408016, "PT_min": 0.06052430045711675, "White Blood Cells_min": 0.04527175081392798, "Calcium, Total_max": 0.04312924728037837, "MCH_min": 0.04238414440618469, "pCO2_max": 0.03411127337276181, "Vancomycin_min": 0.02691807951668448, "Urobilinogen_max": 0.026583443482941192, "Magnesium_min": 0.026060599952721104, "Urea Nitrogen_min": 0.025412983004527472, "INR(PT)_max": 0.019492982504321132, "Osmolality, Measured_max": 0.01665101774850726, "Free Calcium_min": 0.016444660577510855, "INR(PT)_min": 0.015056144184068943, "Glucose_min": 0.013613511394427838, "PTT_min": 0.012965793381401539, "Hematocrit_min": 0.012843468791862163, "Oxygen_min": 0.011949854705893733, "PEEP_min": 0.00901451876663999, "Potassium, Urine_max": 0.008129152684123418, "Required O2_max": 0.007471766859082645, "Urea Nitrogen_max": 0.0031420871283301074, "Hematocrit, Calculated_max": 0.003027735272092984, "Lymphocytes_max": 0.0022717541948255927, "pO2_min": 0.001810723221197962, "Asparate Aminotransferase (AST)_min": 0.0017685130918866274, "Creatinine, Urine_max": 0.0012079202691653809, "Required O2_min": 0.0011934516713889751, "Lactate Dehydrogenase (LD)_min": 0.000640414599238544, "Fibrinogen, Functional_min": 0.0002449648514166351, "Neutrophils_min": 0.000212416279460383, "Lactate Dehydrogenase (LD)_max": 7.423255593849483e-05, "Ferritin_min": 8.217752147458599e-06, "Creatine Kinase (CK)_max": -9.341879397154911e-06, "Platelet Count_min": -1.9062883843132307e-05, "Asparate Aminotransferase (AST)_max": -4.6041108822434776e-05, "Specific Gravity_min": -9.121806846968331e-05, "Glucose_max": -0.0001237045299544937, "Amylase_max": -0.00018853464586904265, "Urea Nitrogen, Urine_max": -0.00027487846489955363, "Nucleated Red Cells_min": -0.00033981300153451097, "pO2_max": -0.0003663364510691372, "Alkaline Phosphatase_min": -0.0005469021484537206, "Tidal Volume_max": -0.0008162898283079419, "Tidal Volume_min": -0.0008473798554227148, "Lipase_min": -0.0008990631325820742, "Triglycerides_min": -0.0009197798935228049, "Alanine Aminotransferase (ALT)_min": -0.0011199623964491161, "RDW_min": -0.0014575767870569434, "Platelet Count_max": -0.0024262090113545114, "Oxygen Saturation_min": -0.002439350619795417, "Bilirubin, Total_max": -0.004968255084185662, "Troponin T_max": -0.005304298550744399, "Base Excess_min": -0.006053986083506177, "Sodium_min": -0.009825914347738659, "pCO2_min": -0.015189044918410527, "Eosinophils_max": -0.019478445156272, "Osmolality, Measured_min": -0.019779525575287882, "Chloride_min": -0.020143318667226268, "Chloride_max": -0.025129043971484775, "Monocytes_min": -0.029230968844027826, "Bicarbonate_min": -0.0308067399781811, "Phenytoin_max": -0.03139692681496375, "Troponin T_min": -0.03693020047887094, "Red Blood Cells_min": -0.03934043632447469, "Bilirubin, Total_min": -0.04009654490828193, "Potassium_max": -0.04035534420262707, "Lymphocytes_min": -0.04092417938550385, "Potassium_min": -0.04505560296613033, "Free Calcium_max": -0.04609968638409696, "Hemoglobin_max": -0.06785450871943828, "pH_min": -0.07707744644500207, "Eosinophils_min": -0.08729907602700007, "Bicarbonate_max": -0.08864619181922424, "Creatinine_max": -0.10115662504215367, "Hemoglobin_min": -0.11965249916478725, "MCHC_max": -0.177684951124433, "Creatinine_min": -0.204498449272559, "Temperature_min": -0.22956383207379302, "Calcium, Total_min": -0.23201260408150728, "Albumin_max": -0.2656036528504504, "Albumin_min": -0.43137460975777403}