{"pH_max": 0.6358416112162633, "Lactate_min": 0.21628674430113412, "Lactate_max": 0.13443291946377975, "PT_min": 0.07684509968285645, "Anion Gap_min": 0.0764877253302669, "Sodium_max": 0.04520954342938409, "White Blood Cells_min": 0.04307220193591723, "Phosphate_max": 0.03577284821998426, "pCO2_max": 0.03192011434443328, "Urea Nitrogen_min": 0.028591361461345315, "Glucose_min": 0.01394435368844536, "PTT_min": 0.012788629520699446, "Oxygen_max": 0.011065470197107482, "Asparate Aminotransferase (AST)_min": 0.0008218525209539777, "Lactate Dehydrogenase (LD)_min": 0.0006658045264539161, "Urea Nitrogen_max": 0.0005098926896654084, "Platelet Count_min": -0.00025170612001748714, "Oxygen Saturation_min": -0.0006265734553586159, "pO2_max": -0.0006360820926768099, "Tidal Volume_min": -0.0016415347682501014, "Platelet Count_max": -0.0021678892755937723, "Osmolality, Measured_max": -0.006211469919035662, "Base Excess_min": -0.009537986200311186, "Bilirubin, Total_min": -0.031575068560022575, "Temperature_max": -0.0587618754703737, "Lymphocytes_min": -0.06312040889296822, "Bicarbonate_max": -0.09497273267359058, "Phosphate_min": -0.14250741145953302, "Temperature_min": -0.25021110958723614, "Albumin_min": -0.9776233888556523}