{"Red Blood Cells_max": 0.39607601286019695, "Lactate_min": 0.19537922635651617, "Lactate_max": 0.12994346529916395, "MCH_min": 0.10398108669889267, "Anion Gap_min": 0.09054500363738727, "Bilirubin, Direct_min": 0.08609665578100233, "Sodium_max": 0.07250267492307476, "PT_min": 0.06000849446163397, "Albumin_max": 0.05165746421982079, "White Blood Cells_min": 0.049523020223508414, "pCO2_max": 0.0364693759113843, "Phosphate_max": 0.02451950159309573, "Urea Nitrogen_min": 0.020248094091342015, "RDW_max": 0.0163296706659952, "Glucose_min": 0.014381216447102413, "Oxygen_min": 0.010969901175463597, "PTT_min": 0.009375770713938065, "Oxygen_max": 0.009008991454763185, "PTT_max": 0.0021684730887508792, "Osmolality, Measured_max": 0.002054577578762558, "pO2_min": 0.0020272738897641395, "Asparate Aminotransferase (AST)_min": 0.0015896317022533555, "Neutrophils_min": 0.0006649220175540399, "Lactate Dehydrogenase (LD)_min": 0.0006186898962546383, "Platelet Count_min": 0.0003067909521954284, "Creatine Kinase (CK)_min": 1.3516048097815231e-05, "Glucose_max": -0.0001482456253052131, "Urea Nitrogen_max": -0.000828329735035916, "Oxygen Saturation_min": -0.0008361981711096857, "pO2_max": -0.0009014773439142115, "Tidal Volume_min": -0.0013923053641630003, "Platelet Count_max": -0.002636237367195141, "Neutrophils_max": -0.00472973496239109, "Base Excess_min": -0.005663649050986966, "Creatinine_max": -0.009108151386433214, "MCV_min": -0.011060004966443875, "pCO2_min": -0.017127809809023335, "Bicarbonate_min": -0.02505619591738575, "Chloride_min": -0.027117361078116926, "Hematocrit_min": -0.028130582870579637, "Potassium_min": -0.041782662691952285, "Lymphocytes_min": -0.05046527286289827, "Bilirubin, Total_min": -0.05725654603546878, "Bicarbonate_max": -0.07002511587016173, "Potassium, Whole Blood_min": -0.12031664529954328, "Eosinophils_min": -0.13515806452448065, "MCHC_max": -0.14685047379377697, "Temperature_min": -0.15967022311250298, "Hemoglobin_max": -0.19277365037762395, "Albumin_min": -0.9948339557855935}