{"Lactate_max": 0.1776527889174947, "Lactate_min": 0.12407567580880642, "Anion Gap_min": 0.09239058383946347, "Phenytoin_min": 0.08644647512406765, "PT_min": 0.0788424120113424, "Sodium_max": 0.06083490440128641, "Bilirubin, Direct_max": 0.05664014640139517, "Bilirubin, Direct_min": 0.04502743956631291, "Vancomycin_min": 0.04445356136791276, "Myelocytes_max": 0.034032742493591, "pCO2_max": 0.03244445437294583, "Urea Nitrogen_min": 0.026882469411282015, "Metamyelocytes_max": 0.020152697544532805, "CK-MB Index_min": 0.019773452197184134, "Urobilinogen_min": 0.016595258741669772, "Osmolality, Measured_max": 0.01650694410440061, "PTT_min": 0.016417460316928808, "Atypical Lymphocytes_max": 0.015681778712613025, "Oxygen_max": 0.015482897498611073, "Glucose_min": 0.014615039746776899, "INR(PT)_min": 0.013977407533803604, "PEEP_min": 0.013153281598049677, "White Blood Cells_min": 0.01286549001787156, "CK-MB Index_max": 0.012366394725660479, "Bands_min": 0.011708194802419825, "INR(PT)_max": 0.011605489691378772, "White Blood Cells_max": 0.011104880073078669, "Metamyelocytes_min": 0.010069380433260331, "Bands_max": 0.009394884802472699, "Magnesium_max": 0.009121970199285914, "Cholesterol Ratio (Total/HDL)_min": 0.007358483848159818, "Polys_max": 0.006799357228832585, "Cholesterol, HDL_min": 0.006664303934752643, "Potassium, Urine_max": 0.006184969862641949, "Cholesterol Ratio (Total/HDL)_max": 0.005403363208186934, "Urea Nitrogen_max": 0.005242286082857179, "Base Excess_min": 0.003924356693298742, "Basophils_max": 0.0038782677252658985, "Thyroid Stimulating Hormone_min": 0.003363813051960121, "Alveolar-arterial Gradient_max": 0.0031604334943120737, "Phosphate_max": 0.0028410726765910536, "O2 Flow_min": 0.0022660219823793723, "pO2_min": 0.0019881877431270284, "Asparate Aminotransferase (AST)_min": 0.0019806350975801303, "Iron_min": 0.0019331406858713474, "Epithelial Cells_max": 0.0018077916994517019, "Free Calcium_min": 0.0013119096696149538, "PT_max": 0.001101480313658505, "Vancomycin_max": 0.0009779539217833466, "Osmolality, Urine_max": 0.0009764404170828798, "WBC_max": 0.0009589909109045544, "Amylase_min": 0.0007792311058321283, "Lactate Dehydrogenase (LD)_min": 0.0007583522822770535, "Required O2_min": 0.0007316459201345679, "Fibrinogen, Functional_min": 0.0005726859386354238, "RBC_max": 0.0005696986681691151, "Creatinine, Urine_max": 0.000557375287030179, "Cortisol_min": 0.00030086052110117725, "Base Excess_max": 0.0002520109916116493, "Alkaline Phosphatase_max": 0.00014056424432117335, "Alkaline Phosphatase_min": 0.00013049496939394938, "Lactate Dehydrogenase (LD)_max": 8.509272789384525e-05, "Asparate Aminotransferase (AST)_max": 7.284724376718457e-05, "Fibrinogen, Functional_max": 6.024812761618554e-05, "Creatine Kinase (CK)_min": 5.432653742976949e-05, "Urea Nitrogen, Urine_max": 4.372594009088541e-05, "Ferritin_max": 5.813599985766619e-06, "Ferritin_min": 4.5610680115800316e-07, "Creatine Kinase (CK)_max": -1.0644833674174223e-05, "Granulocyte Count_max": -1.8968740423685033e-05, "Granulocyte Count_min": -5.871975712663653e-05, "RBC_min": -0.00013119252450177597, "Amylase_max": -0.0002737951480137784, "Alanine Aminotransferase (ALT)_max": -0.0003149556957016165, "Triglycerides_min": -0.0003953872924176661, "Oxygen Saturation_max": -0.00041221971511993394, "WBC_min": -0.00043515724429086475, "Triglycerides_max": -0.000568683089012884, "Polys_min": -0.0005730098901907457, "Urea Nitrogen, Urine_min": -0.0005773460427202945, "Protein_min": -0.0007742555200054729, "Cortisol_max": -0.0007901958957825528, "Lipase_min": -0.0008529601332992305, "Alanine Aminotransferase (ALT)_min": -0.0009879296158653527, "Creatine Kinase, MB Isoenzyme_min": -0.0010934230611293289, "Tidal Volume_max": -0.0013695129989310258, "Iron_max": -0.001672422643941557, "O2 Flow_max": -0.0018506364799150367, "Sodium, Whole Blood_min": -0.0019941313979522524, "Creatinine, Urine_min": -0.0021436861573831453, "Nucleated Red Cells_max": -0.00223066404440922, "PEEP_max": -0.0022925323838602907, "Cholesterol, Total_min": -0.002424148792766351, "Myelocytes_min": -0.0027341836265402787, "Sodium, Urine_min": -0.0051558036094831085, "pCO2_min": -0.008735288354282097, "Required O2_max": -0.015124394677248649, "Calculated Total CO2_min": -0.016778738499274876, "Thyroid Stimulating Hormone_max": -0.0187830368001174, "Phenytoin_max": -0.019212812530421192, "Osmolality, Measured_min": -0.02282839674762998, "Troponin T_min": -0.023363144260215938, "Anion Gap_max": -0.023816342239891288, "Epithelial Cells_min": -0.028499175764721035, "Protein, Total_max": -0.02902100024663724, "Protein, Total_min": -0.03109305305514264, "Sodium, Whole Blood_max": -0.033512975612276424, "Uric Acid_max": -0.03587469359221036, "Troponin T_max": -0.03927591981166241, "Temperature_max": -0.041368526064339134, "Uric Acid_min": -0.0555221692858941, "Calcium, Total_max": -0.06557857035401711, "Bicarbonate_min": -0.06595034539051713, "Eosinophils_max": -0.07879533612663436, "Albumin_max": -0.11860685272319865, "Potassium, Whole Blood_max": -0.13446954789126614, "Calcium, Total_min": -0.15448919560908222, "Albumin_min": -0.16572113529617954, "Temperature_min": -0.1687220858320563}