{"Lactate_min": 0.1791937027090056, "Lactate_max": 0.15596791818329467, "Anion Gap_min": 0.0794201451729162, "PT_min": 0.0648027477602116, "Sodium_max": 0.05588793312367409, "INR(PT)_min": 0.046798417673881564, "Phosphate_max": 0.046568779533377916, "White Blood Cells_min": 0.04097587673918168, "pCO2_max": 0.03553204923046248, "Urea Nitrogen_min": 0.022295812926557565, "Glucose_min": 0.013723239785671897, "PTT_min": 0.010830139384010168, "pO2_min": 0.0022315591744202015, "Asparate Aminotransferase (AST)_min": 0.0015865652767696155, "Osmolality, Measured_max": 0.0004268172811459888, "Glucose_max": 0.00012763276723235957, "Lactate Dehydrogenase (LD)_max": 4.023436067532691e-05, "pO2_max": -0.0008771776894425301, "Tidal Volume_min": -0.0012145056976294523, "Platelet Count_min": -0.0014867486399505491, "Platelet Count_max": -0.001768399478286589, "Base Excess_min": -0.00588224253888341, "Bilirubin, Total_max": -0.005896092940449656, "pCO2_min": -0.020605647323067855, "Lymphocytes_min": -0.060057451088076814, "Bicarbonate_max": -0.07006319700276023, "MCHC_max": -0.10656939228996015, "Temperature_min": -0.16966960249823423, "Basophils_min": -0.2636415990532895, "Albumin_min": -0.9885846410453132}