{"Lactate_max": 0.16153396990429003, "pH_max": 0.14840368244975904, "Lactate_min": 0.10098341939340463, "Anion Gap_min": 0.0860030459681484, "Sodium_max": 0.07730323240296781, "Bilirubin, Direct_max": 0.06404044755734502, "White Blood Cells_min": 0.05551942816579926, "PT_min": 0.05285806393281678, "Phosphate_max": 0.04181887022390614, "Atypical Lymphocytes_max": 0.03624597926795806, "Vancomycin_min": 0.0353929975080943, "pCO2_max": 0.032729803642675595, "Calculated Total CO2_max": 0.02937921046797485, "RDW_max": 0.02894291455622471, "Urea Nitrogen_min": 0.024359606337502174, "MCV_min": 0.023483895341547094, "CK-MB Index_max": 0.02130276991345925, "Red Blood Cells_max": 0.015828844969843485, "Magnesium_max": 0.0149998792617045, "Osmolality, Measured_max": 0.014036438216885236, "Glucose_min": 0.013645061407865353, "PTT_min": 0.013552179082973506, "INR(PT)_max": 0.0133253888935147, "Temperature_max": 0.013248934604053526, "Basophils_max": 0.012332888723235215, "Oxygen_max": 0.011122854914567049, "MCV_max": 0.010657783375323391, "Chloride, Whole Blood_min": 0.01059493538534012, "Oxygen_min": 0.009470490518570544, "INR(PT)_min": 0.009457377018472119, "Phenytoin_max": 0.00930428694354505, "CK-MB Index_min": 0.007882012161701231, "Base Excess_max": 0.006392076754774572, "Potassium, Urine_max": 0.006322077090464591, "Lymphocytes_max": 0.004835150274756838, "pO2_min": 0.0026283562862024594, "Hematocrit, Calculated_max": 0.0021250807418091685, "Asparate Aminotransferase (AST)_min": 0.0020686256964825606, "Neutrophils_min": 0.0019618569031172616, "Alveolar-arterial Gradient_max": 0.0013248829383300036, "Urea Nitrogen_max": 0.0010795482643727338, "Free Calcium_min": 0.0010149841186173976, "PT_max": 0.0009868797438947548, "Osmolality, Urine_max": 0.000960679743266936, "White Blood Cells_max": 0.0009138772695430061, "Iron_max": 0.0007522503354597196, "WBC_max": 0.0006728575094248443, "Lactate Dehydrogenase (LD)_min": 0.0005267308280675352, "Fibrinogen, Functional_min": 0.0004446238563330509, "Amylase_min": 0.00041451215351444206, "Osmolality, Urine_min": 0.0002481200741456433, "RBC_min": 0.00024760062417246534, "Specific Gravity_max": 0.0001813362321153722, "RBC_max": 0.0001518250511351197, "Alkaline Phosphatase_max": 0.0001283018190398047, "Creatine Kinase (CK)_min": 8.442353378808371e-05, "Lactate Dehydrogenase (LD)_max": 5.871844665656665e-05, "Ferritin_max": 1.6865164042308208e-06, "Creatine Kinase (CK)_max": -1.4234365912235975e-05, "Granulocyte Count_max": -1.8518454142318774e-05, "Asparate Aminotransferase (AST)_max": -6.64957896760057e-05, "Specific Gravity_min": -0.0001656889009404871, "Glucose_max": -0.00019597099697545028, "Platelet Count_min": -0.0002518921234464418, "Alveolar-arterial Gradient_min": -0.0004836309900538197, "Alkaline Phosphatase_min": -0.0004926955882954719, "Sodium, Urine_max": -0.0005011231899017618, "Protein_max": -0.0006204708164809103, "Urea Nitrogen, Urine_min": -0.0006553272649004138, "Lipase_min": -0.0007246456156603091, "Tidal Volume_min": -0.0007473772460182519, "Creatine Kinase, MB Isoenzyme_max": -0.0009982625625045655, "pO2_max": -0.00101548227247362, "Tidal Volume_max": -0.0010352234434206407, "Oxygen Saturation_min": -0.0012459138390928594, "WBC_min": -0.0012907691820486606, "Monocytes_max": -0.0016193910068041078, "Platelet Count_max": -0.0020583276599087713, "PEEP_max": -0.00296336458018209, "RDW_min": -0.0033331424408031534, "Iron Binding Capacity, Total_min": -0.00376129703756101, "Sodium, Urine_min": -0.005248724845723811, "Neutrophils_max": -0.007727011194767833, "Sodium, Whole Blood_min": -0.00847042034020886, "Bilirubin, Total_max": -0.008874642649405151, "MCH_min": -0.008945633971003137, "Creatinine_max": -0.009283114249659326, "Base Excess_min": -0.00988812772538359, "Chloride_max": -0.011321967711403244, "Sodium_min": -0.012211880191094229, "Anion Gap_max": -0.012558644587579685, "pCO2_min": -0.015150608559353688, "Thyroid Stimulating Hormone_min": -0.015403264714734109, "Hematocrit_max": -0.015744873057932315, "Potassium_min": -0.01596257242285038, "Osmolality, Measured_min": -0.017034245410378172, "Calcium, Total_max": -0.017073117772986784, "Chloride_min": -0.017771455175312093, "Chloride, Whole Blood_max": -0.019317078486408908, "Red Blood Cells_min": -0.021284859409830714, "Troponin T_min": -0.021396368926896347, "Bicarbonate_min": -0.02451901880235704, "Hemoglobin_max": -0.024983247216053432, "Troponin T_max": -0.025331734568370772, "Calculated Total CO2_min": -0.02639402708643948, "Phosphate_min": -0.028918687607955965, "Eosinophils_max": -0.03485195589827031, "Bilirubin, Total_min": -0.038598215879475706, "Lymphocytes_min": -0.0568787440127513, "Eosinophils_min": -0.05728454175617466, "MCH_max": -0.06723214406328709, "MCHC_max": -0.07862546383112169, "Hemoglobin_min": -0.07963713345808013, "Albumin_max": -0.08487460909729776, "Calcium, Total_min": -0.09563873900476944, "Bicarbonate_max": -0.0992907549949515, "Potassium, Whole Blood_max": -0.11504114862895926, "Temperature_min": -0.11546910339376605, "Creatinine_min": -0.11888909250601705, "Albumin_min": -0.13575173910825866}