{"pH_max": 0.3182285498060284, "Lactate_min": 0.18153294717372023, "Lactate_max": 0.1361285595264255, "Phenytoin_min": 0.12579529647078555, "Anion Gap_min": 0.11037223193649222, "Sodium_max": 0.07768340095996981, "Temperature_max": 0.0721004326731222, "MCH_min": 0.06760127063898141, "Phosphate_max": 0.06715322786415878, "Bilirubin, Direct_min": 0.05572372278585366, "PT_min": 0.051568291763558975, "White Blood Cells_min": 0.04860797468251848, "Atypical Lymphocytes_max": 0.04817971378185473, "Red Blood Cells_max": 0.041196311942805736, "Bilirubin, Direct_max": 0.03970582842407569, "pCO2_max": 0.03412227972738003, "Basophils_max": 0.03343810609371257, "CK-MB Index_min": 0.033055277548074906, "Urea Nitrogen_min": 0.029905704950362703, "Magnesium_max": 0.028394646808021166, "RDW_max": 0.027143663353394673, "Base Excess_max": 0.025565247800961012, "Vancomycin_min": 0.024259078895514718, "Required O2_max": 0.0228923687441984, "Myelocytes_min": 0.02145303442712448, "PTT_min": 0.016961349296415573, "Bands_min": 0.015505613118653639, "PEEP_min": 0.014915076702432136, "Glucose_min": 0.013739201032910776, "INR(PT)_min": 0.012299818157613225, "Magnesium_min": 0.011082487747885715, "Oxygen_min": 0.010993748816238973, "Osmolality, Measured_max": 0.009331008770755355, "Bands_max": 0.008724213446148413, "Sodium, Whole Blood_min": 0.008651906258692511, "Epithelial Cells_max": 0.00828463946031756, "Oxygen_max": 0.006614349010573504, "Potassium, Urine_max": 0.006396475814986803, "Thyroid Stimulating Hormone_min": 0.0055629592576307155, "White Blood Cells_max": 0.004433597609321816, "Creatinine_max": 0.004379541616243139, "Neutrophils_max": 0.003299322166054988, "Free Calcium_min": 0.0031825938210002557, "Hematocrit_min": 0.003064400394406419, "Polys_max": 0.0028574497230309474, "PT_max": 0.0028098265964688874, "pO2_min": 0.0026888663273224637, "Neutrophils_min": 0.0023353167634780677, "Monocytes_max": 0.0023149132048801255, "Hematocrit, Calculated_max": 0.0019421369037656805, "Osmolality, Urine_max": 0.0014977281818948666, "PTT_max": 0.0013636902365152773, "Specific Gravity_max": 0.0013628076187632103, "O2 Flow_max": 0.0012927923948261248, "INR(PT)_max": 0.0012404811879501091, "Atypical Lymphocytes_min": 0.0011345255472252885, "Lymphocytes_max": 0.001080490072841776, "Iron_min": 0.0007593559651557157, "Asparate Aminotransferase (AST)_min": 0.0006679962875764259, "Specific Gravity_min": 0.0006628472636599453, "Amylase_min": 0.0006121242775853095, "Creatinine, Urine_max": 0.0006006562088956708, "Lactate Dehydrogenase (LD)_min": 0.000588727219189151, "Cortisol_max": 0.0003835425310909948, "RBC_max": 0.00035801221103294427, "Cortisol_min": 0.0002946654748417498, "WBC_min": 0.0002860504869997282, "Fibrinogen, Functional_max": 0.0002696229239042381, "WBC_max": 0.00024674674401160943, "Fibrinogen, Functional_min": 0.00019540290489934245, "Platelet Count_min": 0.00014563104464814755, "Creatine Kinase (CK)_min": 0.00010228888825908417, "Lactate Dehydrogenase (LD)_max": 8.167440002882532e-05, "Alkaline Phosphatase_max": 5.9316653936079074e-05, "Creatine Kinase (CK)_max": -7.529058904401884e-06, "Granulocyte Count_max": -2.257848266294389e-05, "Ferritin_min": -2.291685071815331e-05, "Asparate Aminotransferase (AST)_max": -6.269698310843662e-05, "Vitamin B12_max": -7.41580293055708e-05, "Triglycerides_max": -0.00015507854895761288, "RBC_min": -0.00015980372185068448, "Alveolar-arterial Gradient_min": -0.00021827797216583976, "Glucose_max": -0.00021890559219708922, "Amylase_max": -0.00022634022291594428, "Urea Nitrogen, Urine_max": -0.00030725126799409087, "Alkaline Phosphatase_min": -0.0003395312614246965, "Tidal Volume_min": -0.0006481133649372685, "Osmolality, Urine_min": -0.0007344074369693797, "pO2_max": -0.0007408227135449716, "Triglycerides_min": -0.0007554405273972333, "Sodium, Urine_max": -0.0007607170686719732, "Tidal Volume_max": -0.0008449642482582339, "Creatine Kinase, MB Isoenzyme_min": -0.0009144048206851188, "Urea Nitrogen_max": -0.0012322153706784441, "Oxygen Saturation_min": -0.0015897102299587765, "Calculated Total CO2_min": -0.0018961811962463298, "Vancomycin_max": -0.001966703089446105, "Alveolar-arterial Gradient_max": -0.0020206325184183686, "Platelet Count_max": -0.002474234678342464, "Sodium, Urine_min": -0.0026364658863293686, "Sodium_min": -0.003814583347445465, "PEEP_max": -0.005269326004035578, "Bilirubin, Total_max": -0.005879741994008537, "Potassium_max": -0.007346233042858312, "RDW_min": -0.007858865755027145, "Chloride, Whole Blood_max": -0.01009369484377712, "pCO2_min": -0.013356531215303797, "Monocytes_min": -0.016191165879872085, "Chloride_max": -0.017205122568709784, "Red Blood Cells_min": -0.020304100819440486, "Potassium_min": -0.02170207609541029, "Thyroid Stimulating Hormone_max": -0.023559337292284887, "Hematocrit_max": -0.024468896874027757, "Base Excess_min": -0.02464706277591844, "Sodium, Whole Blood_max": -0.024767361480069246, "Calcium, Total_max": -0.024996124597368025, "Free Calcium_max": -0.025868659845359143, "Eosinophils_max": -0.026138670759862367, "Chloride_min": -0.02770351051294037, "Phenytoin_max": -0.030733085945168506, "Anion Gap_max": -0.03162617437933488, "Basophils_min": -0.031726896447613284, "Bicarbonate_min": -0.03380387064726803, "Lymphocytes_min": -0.0398967375368481, "Potassium, Whole Blood_min": -0.05098051838856792, "Troponin T_min": -0.05697274134805262, "Bilirubin, Total_min": -0.06031068497153288, "pH_min": -0.06333649082684531, "Epithelial Cells_min": -0.06566401446919941, "Phosphate_min": -0.07885045919306201, "MCHC_min": -0.08492716229627417, "Hemoglobin_min": -0.08556895074288216, "Bicarbonate_max": -0.08952927920195365, "MCHC_max": -0.12397389376348308, "Albumin_max": -0.18293806103384896, "Temperature_min": -0.1839903661371676, "Calcium, Total_min": -0.1859842223419466, "Potassium, Whole Blood_max": -0.20071415542036947, "Creatinine_min": -0.2504316847320014, "Albumin_min": -0.2860681241289529}