{"pH_max": 0.6603697160172144, "Lactate_min": 0.2280114579677679, "Lactate_max": 0.1501968699346241, "INR(PT)_min": 0.08095116197380751, "Anion Gap_min": 0.06502971583614257, "Sodium_max": 0.06408863713718521, "PT_min": 0.057657219200593815, "RDW_max": 0.04233951004170755, "White Blood Cells_min": 0.03959973049524917, "pCO2_max": 0.03469423611533012, "Urea Nitrogen_min": 0.027720164104055655, "Vancomycin_min": 0.025438001840706822, "Phosphate_max": 0.023315909318972122, "Glucose_min": 0.01492206094288317, "Oxygen_min": 0.014462457673848284, "PTT_min": 0.010288211700182097, "Lymphocytes_max": 0.0025232299251968238, "Osmolality, Measured_max": 0.001545033007128987, "PTT_max": 0.001126416012932849, "pO2_min": 0.0011134821862688617, "Lactate Dehydrogenase (LD)_max": 8.201884120858432e-05, "Urea Nitrogen, Urine_min": -0.0003822448469928853, "pO2_max": -0.0004266458970193217, "Urea Nitrogen_max": -0.0011463409868400108, "Tidal Volume_min": -0.0017343357549464392, "Oxygen Saturation_min": -0.002040543759554516, "Platelet Count_max": -0.0024089986971308295, "MCV_max": -0.0027766982778560764, "PEEP_max": -0.003142297335726604, "Base Excess_min": -0.010800543615357813, "Calcium, Total_max": -0.023292167885347752, "Bilirubin, Total_min": -0.035552879937290005, "Chloride_min": -0.039237412629541446, "Albumin_max": -0.05663135710977472, "Lymphocytes_min": -0.060883104664709864, "MCHC_max": -0.11091047470050226, "Bicarbonate_max": -0.12293066185165503, "Phosphate_min": -0.1350271397732722, "Temperature_min": -0.21479746257422747, "Albumin_min": -0.9545286276725629}