{"Lactate_max": 0.1859165128431898, "Lactate_min": 0.11773406600280092, "Sodium_max": 0.08819845393781682, "Phenytoin_min": 0.08215380032900237, "Anion Gap_min": 0.06635559776836067, "PT_min": 0.059495155518341884, "White Blood Cells_min": 0.05302534051179711, "Calculated Total CO2_max": 0.04043385601971694, "Myelocytes_max": 0.03615321584085334, "Atypical Lymphocytes_max": 0.033927193451879785, "pCO2_max": 0.032305841380541184, "CK-MB Index_min": 0.029931269282770543, "RDW_max": 0.028374948827887415, "MCV_min": 0.02468584039131518, "Urea Nitrogen_min": 0.022604679430410148, "Bands_min": 0.021963238026810404, "Phosphate_max": 0.020875568078952387, "Glucose_min": 0.01377817562838137, "Red Blood Cells_max": 0.011555597236317657, "PTT_min": 0.011525292463837537, "INR(PT)_max": 0.010979879836881931, "Basophils_max": 0.010949240136943083, "MCH_min": 0.010927664789322044, "INR(PT)_min": 0.010615741932391105, "Oxygen_max": 0.010227664702147435, "Atypical Lymphocytes_min": 0.008994662719827172, "Osmolality, Measured_max": 0.008767959573956353, "Oxygen_min": 0.00847420378983959, "Polys_max": 0.005087826389852022, "Temperature_max": 0.004931191615173304, "Sodium, Whole Blood_min": 0.004567067034118894, "Magnesium_min": 0.0031241839601870093, "Creatinine, Urine_max": 0.0027185270570791492, "pO2_min": 0.0027097724645962313, "Neutrophils_min": 0.0026680834237616823, "Lymphocytes_max": 0.0026100332924358324, "Nucleated Red Cells_min": 0.002083404434487385, "Asparate Aminotransferase (AST)_min": 0.0017064892438167696, "PT_max": 0.0012619339663929436, "Alveolar-arterial Gradient_max": 0.0011996795085598934, "White Blood Cells_max": 0.0011588422659652663, "Monocytes_max": 0.000784366766359224, "Osmolality, Urine_min": 0.0006812356050584235, "Lactate Dehydrogenase (LD)_min": 0.0006602129820440982, "Fibrinogen, Functional_min": 0.0004840873935934904, "Free Calcium_min": 0.0004770372526812187, "Urea Nitrogen, Urine_max": 0.00013630837901067606, "Creatine Kinase (CK)_min": 0.00011518590916560078, "Cortisol_min": 0.00011314341533729561, "Asparate Aminotransferase (AST)_max": 0.0001040136162801124, "Lactate Dehydrogenase (LD)_max": 8.082720226491612e-05, "Lipase_max": 2.647729015109473e-06, "Ferritin_max": -5.13393388974955e-06, "Creatine Kinase (CK)_max": -2.7830670470181185e-05, "Granulocyte Count_max": -3.09149112602423e-05, "Specific Gravity_max": -0.00015028138686237687, "Urea Nitrogen_max": -0.00017993412368239476, "Glucose_max": -0.0002215847626340075, "Amylase_max": -0.00022395761324000557, "Platelet Count_min": -0.00023040014244847133, "Alanine Aminotransferase (ALT)_max": -0.0003258535325664035, "Bilirubin, Total_min": -0.00034312194266513497, "Specific Gravity_min": -0.0004390623279225465, "Alkaline Phosphatase_min": -0.0004683896572937299, "Urea Nitrogen, Urine_min": -0.0006189384671951113, "Protein_min": -0.000837897549483554, "Alanine Aminotransferase (ALT)_min": -0.000841864841699116, "Tidal Volume_max": -0.0008492513909686924, "pO2_max": -0.000889117187664389, "Tidal Volume_min": -0.001018261656163136, "Platelet Count_max": -0.00193461453866141, "Cholesterol, LDL, Calculated_max": -0.0024715897713247837, "Creatinine, Urine_min": -0.0031356944206488383, "Sodium, Urine_max": -0.0034777978433744505, "Transferrin_min": -0.003959789509939716, "Base Excess_min": -0.005156794663786198, "Chloride_max": -0.005388966476017629, "Base Excess_max": -0.005438559924610999, "Calculated Total CO2_min": -0.005572472617002267, "Chloride_min": -0.006134978125540996, "Hematocrit_max": -0.007292412565918677, "RDW_min": -0.009043625885434435, "Bicarbonate_min": -0.011261101361429354, "Calcium, Total_max": -0.01417834015701743, "Bilirubin, Indirect_min": -0.015053817682372475, "MCV_max": -0.01596045104474794, "Free Calcium_max": -0.016505328497093897, "Creatinine_max": -0.016735828390724985, "Red Blood Cells_min": -0.020802172998304367, "Protein, Total_min": -0.02209935149086225, "pCO2_min": -0.02302494312701054, "Potassium_min": -0.023880803494024685, "Monocytes_min": -0.02414826261023411, "Potassium_max": -0.02635622685000713, "Hemoglobin_max": -0.027199212915535533, "Sodium_min": -0.027772137639046592, "Troponin T_max": -0.03228093268657972, "Sodium, Whole Blood_max": -0.03466027304124089, "Bilirubin, Indirect_max": -0.04051190124029844, "Lymphocytes_min": -0.04583584881317864, "Eosinophils_max": -0.05133459771251339, "Uric Acid_min": -0.07084350564051789, "Eosinophils_min": -0.07442921122784238, "MCHC_min": -0.07444128046149122, "MCHC_max": -0.07496221268323675, "Hemoglobin_min": -0.08780478547364721, "Bicarbonate_max": -0.10415171716735533, "Calcium, Total_min": -0.11207438793441396, "Temperature_min": -0.12417768932808243, "Albumin_min": -0.1403553933425337}