{"Lactate_min": 0.21791647701801434, "Phenytoin_min": 0.15856429506009473, "Lactate_max": 0.1258285893744467, "Red Blood Cells_max": 0.10204572518031353, "Anion Gap_min": 0.09321231488378857, "Sodium_max": 0.07989179981436854, "MCH_min": 0.07787599405734898, "Calcium, Total_max": 0.06695042440010972, "Bilirubin, Direct_max": 0.06012403708128027, "Magnesium_min": 0.058207784459776625, "PT_min": 0.05309777164362285, "Phosphate_max": 0.04370432670881357, "White Blood Cells_min": 0.0393815104501401, "pCO2_max": 0.03575011882444647, "RDW_max": 0.028056046467832673, "Hematocrit_min": 0.0271308024173031, "Myelocytes_max": 0.026362719795755843, "Urea Nitrogen_min": 0.026182441895175688, "INR(PT)_min": 0.02011104877406089, "Base Excess_max": 0.019904292916466837, "Metamyelocytes_max": 0.01695256917339874, "Osmolality, Measured_max": 0.016942567822944975, "Glucose_min": 0.014504918285906889, "Sodium, Whole Blood_min": 0.012077892306637273, "PTT_min": 0.012065752069064028, "Oxygen_max": 0.00985833632205142, "Oxygen_min": 0.008992752818912549, "Specific Gravity_max": 0.0063022577670415565, "Lymphocytes_max": 0.00394777859067165, "Hematocrit, Calculated_max": 0.0030523689210599516, "Nucleated Red Cells_min": 0.0030128673269811394, "Neutrophils_min": 0.0028905565471604314, "pO2_min": 0.0023003302697541667, "White Blood Cells_max": 0.002291899497455674, "PTT_max": 0.002218850175896717, "Cortisol_max": 0.0021726463087362435, "Asparate Aminotransferase (AST)_min": 0.0017870621760836603, "Alveolar-arterial Gradient_max": 0.0008072392563307668, "Oxygen Saturation_min": 0.0007971991650207204, "Cortisol_min": 0.0007553723287057736, "Urea Nitrogen, Urine_max": 0.0007333579750856341, "Lactate Dehydrogenase (LD)_min": 0.0005500637197695176, "Fibrinogen, Functional_min": 0.0003166856026937189, "Creatinine, Urine_max": 0.00013757114033311418, "Lactate Dehydrogenase (LD)_max": 8.737450518887034e-05, "Creatine Kinase (CK)_min": 4.5759548162480095e-05, "Creatine Kinase (CK)_max": -2.152521995453117e-05, "Asparate Aminotransferase (AST)_max": -7.693564179216338e-05, "Platelet Count_min": -0.00011759297338234956, "Glucose_max": -0.00017068864973943148, "Alkaline Phosphatase_min": -0.0004492867360038094, "Tidal Volume_max": -0.0007103610219369037, "Urea Nitrogen, Urine_min": -0.0008054019468800501, "pO2_max": -0.0009472696744749977, "Tidal Volume_min": -0.001017875774282062, "Iron Binding Capacity, Total_min": -0.002005998593437993, "Platelet Count_max": -0.0021438382600900753, "Bilirubin, Total_max": -0.0030495452940884483, "Monocytes_max": -0.0031194979393181317, "Sodium, Urine_min": -0.0036659068327874935, "Urea Nitrogen_max": -0.0036974197141363065, "Bicarbonate_min": -0.006216481788042743, "Chloride_max": -0.006845043601760042, "Troponin T_max": -0.007525877701228026, "Creatinine_max": -0.007715674037186825, "MCV_max": -0.008962528041781022, "Chloride_min": -0.010121724912450605, "Hematocrit_max": -0.010620437924637231, "Sodium_min": -0.013775549170956638, "pCO2_min": -0.01627577746089393, "Osmolality, Measured_min": -0.018231826325091335, "Base Excess_min": -0.02128853344804168, "Eosinophils_max": -0.023626350199723898, "Sodium, Whole Blood_max": -0.024840893730648312, "Potassium_min": -0.0348852371214541, "Bilirubin, Total_min": -0.03738495253121175, "Lymphocytes_min": -0.045618812875623437, "pH_min": -0.0512443878580055, "Hemoglobin_max": -0.052991791676771, "Phenytoin_max": -0.05562619862055921, "Free Calcium_max": -0.05982937317104472, "Bicarbonate_max": -0.08163299853924243, "Phosphate_min": -0.11359075836612448, "MCHC_max": -0.11380880173396923, "Eosinophils_min": -0.12969993874835203, "Temperature_min": -0.135327368659966, "Hemoglobin_min": -0.16449954550685653, "Calcium, Total_min": -0.20172943737195867, "Albumin_max": -0.27370231595373395, "Albumin_min": -0.4904091273612744}