{"Lactate_max": 0.14944839190025985, "Lactate_min": 0.1478922075473817, "Anion Gap_min": 0.10981923816088915, "Phenytoin_min": 0.09806587689659968, "Sodium_max": 0.06239438363017695, "PT_min": 0.05302494119407509, "Vancomycin_min": 0.052528731932553856, "Bilirubin, Direct_min": 0.046097396479180194, "Bilirubin, Direct_max": 0.03459580005974636, "Osmolality, Measured_max": 0.030637751738031065, "Atypical Lymphocytes_max": 0.02753979934210985, "CK-MB Index_min": 0.02745113887738402, "Urea Nitrogen_min": 0.026939183576182878, "pCO2_max": 0.024369192634155865, "Myelocytes_max": 0.023951591949306763, "Bands_min": 0.023616959872470963, "PTT_min": 0.01987960977035766, "Metamyelocytes_min": 0.018371475066649382, "Glucose_min": 0.015250225400933069, "PEEP_min": 0.014331521578451616, "Cholesterol, HDL_min": 0.013152833294542029, "Metamyelocytes_max": 0.012936654600393735, "White Blood Cells_max": 0.0125218776666965, "Phosphate_max": 0.011986666361943937, "INR(PT)_min": 0.01158364969649814, "Oxygen_max": 0.011127855126896083, "Chloride, Whole Blood_min": 0.0085981050366928, "Myelocytes_min": 0.006484075443934159, "Potassium, Urine_min": 0.005086950544418359, "Cholesterol Ratio (Total/HDL)_min": 0.005018614520992636, "Epithelial Cells_max": 0.004570311523627512, "Cholesterol Ratio (Total/HDL)_max": 0.0034025036879091865, "INR(PT)_max": 0.0032081735111655985, "O2 Flow_min": 0.0031898375380763474, "PT_max": 0.0023315816155915522, "Asparate Aminotransferase (AST)_min": 0.0018886874536967013, "Alveolar-arterial Gradient_max": 0.0018230084341322851, "Polys_max": 0.0016961691743204897, "Polys_min": 0.0013831535459377738, "Osmolality, Urine_max": 0.0011847916406241875, "Creatinine, Urine_max": 0.0010818475715415137, "Cortisol_min": 0.0010720962643673592, "Amylase_min": 0.0010465575158052063, "RBC_max": 0.0007959406067353218, "Cortisol_max": 0.000758402158496033, "Lactate Dehydrogenase (LD)_min": 0.0007472446459422141, "Urea Nitrogen_max": 0.0005607662588616723, "Potassium, Urine_max": 0.0005076965763032897, "WBC_max": 0.00046399697379102925, "Free Calcium_min": 0.0003145982999303321, "Urea Nitrogen, Urine_max": 0.0002924504591235019, "Fibrinogen, Functional_min": 0.00023569794875633211, "Oxygen Saturation_max": 0.00022130453847796685, "Vancomycin_max": 0.00019584674660947098, "Alkaline Phosphatase_max": 0.0001559508851040681, "Creatine Kinase (CK)_min": 0.00012070146484814969, "Lactate Dehydrogenase (LD)_max": 0.00010648400498664458, "Asparate Aminotransferase (AST)_max": 6.853020436221599e-05, "Ferritin_min": 1.3560872099416665e-05, "Ferritin_max": -1.5491955489923015e-06, "Creatine Kinase (CK)_max": -1.8149402547958768e-05, "Granulocyte Count_max": -2.3089536509594477e-05, "Alkaline Phosphatase_min": -8.746592530952281e-05, "Granulocyte Count_min": -9.892125034274923e-05, "WBC_min": -0.00032807243247158225, "Basophils_max": -0.00034270311964436817, "Alanine Aminotransferase (ALT)_max": -0.0003500048834978394, "Osmolality, Urine_min": -0.0003702669178537362, "Amylase_max": -0.0003801535638316019, "Iron_max": -0.0004094238078521092, "Triglycerides_max": -0.0004294534773330408, "CK-MB Index_max": -0.0004511949207066551, "O2 Flow_max": -0.0005253198373557603, "RBC_min": -0.0006395877128933485, "Nucleated Red Cells_max": -0.0007230958616451958, "Urea Nitrogen, Urine_min": -0.0007650895285300124, "Triglycerides_min": -0.0007771971671516909, "Alanine Aminotransferase (ALT)_min": -0.0008091373774082772, "Protein_min": -0.0009577738200852446, "Lipase_min": -0.0010276941819127618, "Creatine Kinase, MB Isoenzyme_min": -0.001157287765980976, "Tidal Volume_max": -0.001430555151575625, "Bands_max": -0.0015503460451386038, "Base Excess_max": -0.0018602934220981018, "Sodium, Urine_min": -0.0023134087669725986, "Required O2_max": -0.0025714722693394457, "Creatinine, Urine_min": -0.002697353074095727, "Required O2_min": -0.0032321280226106828, "Sodium, Urine_max": -0.00420705508579823, "Magnesium_max": -0.004837102142489744, "PEEP_max": -0.0050152224427784655, "Base Excess_min": -0.005760499441287046, "Temperature_max": -0.006018595848683143, "Phenytoin_max": -0.0077482147236068565, "Calculated Total CO2_min": -0.00897119631397484, "Sodium, Whole Blood_min": -0.009307819133184137, "Cholesterol, HDL_max": -0.011935362707416998, "Sodium, Whole Blood_max": -0.01647642912243369, "Chloride, Whole Blood_max": -0.02053400800327832, "Protein, Total_max": -0.021163729517205902, "tacroFK_max": -0.022355489919624556, "Thyroid Stimulating Hormone_max": -0.02253461603342837, "Anion Gap_max": -0.022903733441426426, "Protein, Total_min": -0.026468701716078732, "Osmolality, Measured_min": -0.033204675260917915, "Troponin T_min": -0.03596797908331277, "Uric Acid_max": -0.03758015459103142, "Eosinophils_max": -0.0477868105967959, "Epithelial Cells_min": -0.049190168908954196, "Lymphocytes_min": -0.050397164529997165, "Uric Acid_min": -0.05412430969648031, "Calcium, Total_max": -0.06473133010662703, "Bicarbonate_min": -0.06580121107287319, "MCHC_min": -0.09666546592491261, "Albumin_max": -0.14083348120516742, "Temperature_min": -0.15886384113060695, "Albumin_min": -0.20445076606051632}