{"pH_max": 0.27114096851574093, "Lactate_min": 0.15424004007030112, "Lactate_max": 0.13586826279997136, "Phenytoin_min": 0.1159685263377996, "Anion Gap_min": 0.0935684182782661, "Phosphate_max": 0.08810145537366613, "PT_min": 0.05868590374859716, "Sodium_max": 0.05184457235780947, "White Blood Cells_min": 0.046477716133833294, "RDW_max": 0.04361009667053, "pCO2_max": 0.03062756268515729, "Red Blood Cells_max": 0.029593832802936582, "Urea Nitrogen_min": 0.02660624069159795, "Atypical Lymphocytes_max": 0.026372731146941455, "Base Excess_max": 0.025732386380866702, "MCV_min": 0.025073033392358637, "Calculated Total CO2_max": 0.021035041799264072, "Chloride_max": 0.017764604259580735, "Bilirubin, Total_max": 0.014867847396694419, "Bands_max": 0.014777823260209358, "Glucose_min": 0.012832816953425209, "INR(PT)_min": 0.012345397593117802, "Anion Gap_max": 0.011372450037096932, "Oxygen_min": 0.009009219977660682, "PTT_min": 0.008954274973059643, "Oxygen_max": 0.008208538925925673, "Neutrophils_min": 0.007398918687204602, "Potassium, Urine_min": 0.006679407686909895, "PEEP_min": 0.006628180981421824, "Osmolality, Measured_max": 0.005896124415192664, "Lymphocytes_max": 0.005838844480123211, "Nucleated Red Cells_min": 0.004964832963555606, "Magnesium_min": 0.003691576163101254, "Polys_max": 0.003055054432755967, "Asparate Aminotransferase (AST)_min": 0.0026902409700606455, "pO2_min": 0.0026158949533609042, "Cortisol_min": 0.0025334491803547074, "PT_max": 0.002307598331229787, "PTT_max": 0.002193823949088007, "Urea Nitrogen_max": 0.0021430670057663343, "Alveolar-arterial Gradient_max": 0.0010680670237172515, "Lactate Dehydrogenase (LD)_min": 0.0006365970049000484, "White Blood Cells_max": 0.000537540106643582, "Fibrinogen, Functional_min": 0.0005059036574646118, "Sodium, Urine_max": 0.0004915767370778515, "RBC_min": 0.0002618725445372346, "Alkaline Phosphatase_max": 0.00025871371486994535, "Lactate Dehydrogenase (LD)_max": 9.92996329278414e-05, "Lipase_max": 3.5685037366988943e-06, "Ferritin_min": -1.70445194790915e-06, "Creatine Kinase (CK)_max": -9.8626456970142e-06, "Asparate Aminotransferase (AST)_max": -7.530572465409576e-05, "Alveolar-arterial Gradient_min": -0.0002142596434072015, "Glucose_max": -0.00026347451764959005, "Platelet Count_min": -0.00026664739897953486, "Protein_min": -0.0004229496058490762, "Oxygen Saturation_min": -0.0006121600726359012, "pO2_max": -0.0006923608137137778, "Creatine Kinase, MB Isoenzyme_max": -0.0007700040994869153, "Alkaline Phosphatase_min": -0.0008254000994539474, "Tidal Volume_max": -0.0010469258001827182, "Specific Gravity_min": -0.0012453959349587728, "Alanine Aminotransferase (ALT)_min": -0.0016487482749703835, "Platelet Count_max": -0.0021399698568727666, "Sodium, Urine_min": -0.00262435717606391, "Neutrophils_max": -0.0036383290550717896, "pCO2_min": -0.007527160001106832, "MCV_max": -0.01198588359487076, "RDW_min": -0.014056369679256173, "Chloride_min": -0.015342707254909596, "Hematocrit_min": -0.01731992039484746, "Eosinophils_max": -0.02616299560818447, "Phenytoin_max": -0.02766415348247803, "Sodium_min": -0.030507227984083767, "Base Excess_min": -0.03294137193533077, "Hematocrit_max": -0.035565228754160766, "Potassium_min": -0.038332151279032375, "Calcium, Total_max": -0.043139282379138645, "Bilirubin, Total_min": -0.04505577582259907, "Lymphocytes_min": -0.05448966603031555, "MCHC_min": -0.07841535616095524, "Eosinophils_min": -0.0796146003871019, "Phosphate_min": -0.085899402316518, "MCHC_max": -0.0903436460620183, "Creatinine_max": -0.0924874311652004, "Bicarbonate_max": -0.1111326662227213, "Creatinine_min": -0.12439345354684349, "Temperature_min": -0.19263549759072834, "Potassium, Whole Blood_max": -0.20598273495258362, "Albumin_min": -0.2609716405562931}