{"pH_max": 0.38090509343463386, "Lactate_min": 0.19187435123998434, "Phenytoin_min": 0.14292555005543342, "Lactate_max": 0.13221495374472825, "Anion Gap_min": 0.1179021998260906, "Sodium_max": 0.07668791150583348, "MCH_min": 0.061223648891893925, "RDW_max": 0.060899923086730916, "PT_min": 0.05774584170274629, "Temperature_max": 0.05628346282864371, "Phosphate_max": 0.05054469333806731, "White Blood Cells_min": 0.04561494607234792, "Basophils_max": 0.045125640774793016, "pCO2_max": 0.03645509663208361, "Urea Nitrogen_min": 0.0338374972670544, "Metamyelocytes_max": 0.031182313406277327, "Magnesium_max": 0.02092375989110374, "INR(PT)_min": 0.018205020909718823, "Bilirubin, Total_max": 0.016305775220407364, "PTT_min": 0.01457798566659229, "MCV_min": 0.01352247466213503, "Glucose_min": 0.012924230210708227, "Oxygen_min": 0.010715518367640854, "Oxygen_max": 0.009342989475748135, "Free Calcium_min": 0.006798762663845226, "Osmolality, Measured_max": 0.006441781596813423, "Alveolar-arterial Gradient_max": 0.0052565863852217865, "Potassium, Urine_max": 0.003974667597316556, "Vancomycin_max": 0.003483150395188352, "Lymphocytes_max": 0.0027868284471861183, "pO2_min": 0.0020415474492256756, "Nucleated Red Cells_min": 0.0019434888736490192, "PTT_max": 0.0018097605738282357, "Asparate Aminotransferase (AST)_min": 0.001744927370491726, "Osmolality, Urine_max": 0.0011938753415744509, "O2 Flow_min": 0.0010830365015764957, "Lactate Dehydrogenase (LD)_min": 0.0006446106801254218, "Required O2_min": 0.0005732982772099217, "Platelet Count_min": 0.0003446200718370233, "White Blood Cells_max": 0.00028783443942793306, "Fibrinogen, Functional_max": 0.0002336707712280981, "WBC_max": 0.00014224363100103833, "Lipase_max": 1.8128814256828768e-06, "Creatine Kinase (CK)_max": -1.1718338966306431e-05, "Glucose_max": -0.00024357804461448067, "Specific Gravity_min": -0.0002567887823285046, "Osmolality, Urine_min": -0.00043911731409218406, "pO2_max": -0.0007196633231047645, "Tidal Volume_min": -0.0008370716513709184, "Tidal Volume_max": -0.0008546755754965423, "Creatinine, Urine_min": -0.0009061603871694447, "Creatine Kinase, MB Isoenzyme_max": -0.00106374915053595, "Sodium, Urine_min": -0.001376154042717942, "Sodium, Urine_max": -0.001796129641140027, "Neutrophils_max": -0.0018096140975929417, "Platelet Count_max": -0.0024386613174780555, "Urea Nitrogen_max": -0.002955660174834584, "Ketone_max": -0.0038621455641623787, "Troponin T_max": -0.004096917114554437, "Monocytes_max": -0.004620359407801632, "Base Excess_min": -0.007796046965607187, "Chloride_max": -0.008169227583315595, "PEEP_max": -0.010141844155991094, "Chloride_min": -0.014108938925426289, "pCO2_min": -0.014491519502209166, "Bicarbonate_min": -0.014881489596353626, "Sodium, Whole Blood_max": -0.016501556033377465, "Eosinophils_max": -0.017919138847376302, "Sodium_min": -0.019665696891386357, "Troponin T_min": -0.023138977195462276, "Hematocrit_min": -0.02581244909594058, "Hematocrit_max": -0.027452849987772844, "Required O2_max": -0.030460096046854224, "Phenytoin_max": -0.03074717355880937, "Calcium, Total_max": -0.03284564710859383, "Bilirubin, Total_min": -0.040138458970324975, "Potassium_min": -0.04461275914171036, "RDW_min": -0.047622049454528054, "Lymphocytes_min": -0.048504339415801574, "Free Calcium_max": -0.04937538842093668, "MCH_max": -0.07154162022483904, "MCHC_max": -0.0742812527335978, "Bicarbonate_max": -0.08004998072977448, "MCHC_min": -0.08345743717928954, "Phosphate_min": -0.102725953695397, "Eosinophils_min": -0.13242164875206872, "Temperature_min": -0.2095096629310871, "Calcium, Total_min": -0.21737005976575818, "Creatinine_min": -0.2949178558161432, "Albumin_min": -0.3671695943270782}