{"pH_max": 0.5247876578672651, "Lactate_min": 0.26033812999746153, "Lactate_max": 0.128983748417448, "Phenytoin_min": 0.1247886928642546, "Sodium_max": 0.08662697946010946, "Temperature_max": 0.0855197017368304, "Bilirubin, Direct_min": 0.07886847700160822, "Magnesium_min": 0.06366480151632482, "Anion Gap_min": 0.06294823903474737, "PT_min": 0.05273122882388088, "White Blood Cells_min": 0.050017110416276975, "Hematocrit_min": 0.04583453677938387, "Red Blood Cells_max": 0.04079433631620775, "Hematocrit, Calculated_min": 0.03819323792757839, "Atypical Lymphocytes_max": 0.03804045587740975, "pCO2_max": 0.03623482661427517, "Magnesium_max": 0.03516339618982853, "CK-MB Index_min": 0.03268258136061077, "Base Excess_max": 0.030881405577291035, "Calcium, Total_max": 0.029157480922319595, "Urea Nitrogen_min": 0.028898405867156963, "Phosphate_max": 0.02656483619534664, "Myelocytes_max": 0.023813525304700503, "INR(PT)_min": 0.02071061603104739, "RDW_min": 0.02049123656031553, "Basophils_max": 0.019785809143743352, "Free Calcium_min": 0.013429469259979676, "Glucose_min": 0.013279150074889865, "Bilirubin, Total_max": 0.012359441914791876, "PTT_min": 0.012271076906971861, "Metamyelocytes_max": 0.009994043066208299, "Potassium_min": 0.009950624621559625, "Oxygen_min": 0.00991642228132274, "MCV_max": 0.00844208839510467, "PEEP_min": 0.008166541150578532, "Potassium, Urine_max": 0.007269503978110556, "Oxygen_max": 0.006544895990049321, "Iron Binding Capacity, Total_max": 0.005682866169904203, "Bands_max": 0.005144650201552556, "Neutrophils_min": 0.004949194049582637, "Vancomycin_max": 0.0037998370194589075, "PT_max": 0.0032336519379935046, "Alveolar-arterial Gradient_max": 0.0032072230720544613, "pO2_min": 0.0024058737397581894, "Cortisol_max": 0.0019984375337991343, "Osmolality, Measured_max": 0.001978624059450375, "Asparate Aminotransferase (AST)_min": 0.0017575542922910411, "PTT_max": 0.0016565319188108583, "Platelet Count_min": 0.0011028076920377287, "Polys_min": 0.001078253728545024, "Specific Gravity_max": 0.0010680733944600643, "Amylase_min": 0.0010532854870720521, "Lymphocytes_max": 0.0008916326961007312, "Osmolality, Urine_min": 0.0008312839078956523, "Lactate Dehydrogenase (LD)_min": 0.0006862961270914327, "Fibrinogen, Functional_min": 0.00048200949523975886, "WBC_max": 0.00035203836189455793, "RBC_max": 0.00014734051999005767, "RBC_min": 0.00012715579948039256, "Lactate Dehydrogenase (LD)_max": 8.852880414346127e-05, "Creatine Kinase (CK)_min": 5.2617942986387056e-05, "Granulocyte Count_max": -3.6533400525225484e-05, "Alkaline Phosphatase_max": -5.624993721900932e-05, "White Blood Cells_max": -6.520705199219793e-05, "Asparate Aminotransferase (AST)_max": -8.75316790395931e-05, "Glucose_max": -9.462320684182725e-05, "Specific Gravity_min": -9.695624075591175e-05, "Alkaline Phosphatase_min": -0.00013442956542331368, "Alveolar-arterial Gradient_min": -0.00013886916191046294, "Fibrinogen, Functional_max": -0.00015840494683719124, "Amylase_max": -0.00043178580196880523, "Oxygen Saturation_max": -0.0005332362127347903, "Urea Nitrogen, Urine_min": -0.0005615860089139772, "pO2_max": -0.0006844919468254166, "Sodium, Urine_max": -0.0007503727334680736, "INR(PT)_max": -0.0011214859391814836, "RDW_max": -0.0012019935717356505, "Tidal Volume_min": -0.0012672331658087521, "Lipase_min": -0.0015464724885948316, "Urea Nitrogen_max": -0.002397879549543633, "Monocytes_max": -0.002596294771036206, "Platelet Count_max": -0.0027018355053750574, "Ketone_max": -0.0035535153217667167, "CK-MB Index_max": -0.0036740663631253403, "Neutrophils_max": -0.004441168815364953, "Sodium, Urine_min": -0.00455390620289156, "Bicarbonate_min": -0.0056594998037147685, "Chloride, Whole Blood_min": -0.009779296854244857, "Transferrin_max": -0.010961008146400083, "Anion Gap_max": -0.011020305005610534, "pCO2_min": -0.014542136798249259, "Creatinine_max": -0.014944674410246958, "Required O2_max": -0.01733330357905577, "Potassium_max": -0.017669488971900935, "Chloride_min": -0.01805539709699377, "Hematocrit, Calculated_max": -0.018637816328242126, "Sodium_min": -0.019061044900453777, "Sodium, Whole Blood_min": -0.019881244349521852, "Chloride_max": -0.020854670766851706, "Free Calcium_max": -0.023640250425190756, "MCHC_min": -0.030124893859278568, "Monocytes_min": -0.03387940899844218, "Bilirubin, Indirect_max": -0.03432910249574091, "Base Excess_min": -0.034964056048732824, "Red Blood Cells_min": -0.0403935288490375, "Lymphocytes_min": -0.04062282122695637, "Uric Acid_max": -0.04866547287392161, "Phenytoin_max": -0.05222220435454063, "Eosinophils_max": -0.053225170319932236, "Basophils_min": -0.054363541027118656, "Bilirubin, Total_min": -0.054772291179355254, "Phosphate_min": -0.06654993990759808, "Hemoglobin_max": -0.08357645500699241, "Troponin T_min": -0.09500265325300679, "Bicarbonate_max": -0.11860142287610725, "Hemoglobin_min": -0.19321725459135902, "Calcium, Total_min": -0.21325498013503483, "Temperature_min": -0.2344726718468207, "Potassium, Whole Blood_max": -0.28804924650077096, "Albumin_min": -0.48362065663295295}