{"Lactate_min": 0.20552187876605046, "Lactate_max": 0.14657377602176103, "Anion Gap_min": 0.08964448204161697, "PT_min": 0.066674581162528, "Sodium_max": 0.06613767679905815, "White Blood Cells_min": 0.04974782922224315, "Phosphate_max": 0.03919769814872686, "pCO2_max": 0.03221625703886068, "Base Excess_max": 0.02519026830081957, "Urea Nitrogen_min": 0.022555147783374, "Glucose_min": 0.013309964857791963, "PTT_min": 0.008489656977886841, "Lymphocytes_max": 0.005703197606367124, "PTT_max": 0.0021045156922071444, "pO2_min": 0.0020221600851663976, "Asparate Aminotransferase (AST)_min": 0.00157801300432261, "Platelet Count_min": -0.0006957922772402512, "Osmolality, Measured_max": -0.001027009267039748, "pO2_max": -0.0011256740886876036, "Platelet Count_max": -0.0018946286584301077, "Chloride_max": -0.0039762200911589935, "Specific Gravity_min": -0.006569090205926297, "Creatinine_max": -0.008738592763349623, "Bilirubin, Total_min": -0.027036308803255568, "Base Excess_min": -0.028475451713356296, "Hematocrit_max": -0.034891087760775305, "Lymphocytes_min": -0.06615475962465898, "Bicarbonate_max": -0.08249693134794162, "Temperature_min": -0.28275971644154274, "Albumin_min": -0.9638415465646772}