{"pH_max": 0.23980835221879748, "Lactate_max": 0.15566849844175387, "Lactate_min": 0.14620081985018954, "Phenytoin_min": 0.11817129363769732, "Bilirubin, Direct_min": 0.10437246146253185, "Anion Gap_min": 0.09157999281474029, "Sodium_max": 0.08311906597898285, "White Blood Cells_min": 0.051569701802359404, "PT_min": 0.050492378038704835, "Phosphate_max": 0.05044413688121679, "Atypical Lymphocytes_max": 0.04746331837687201, "Calculated Total CO2_max": 0.042210552622598416, "Metamyelocytes_max": 0.0372819686881939, "pCO2_max": 0.03391933127220353, "Red Blood Cells_max": 0.029640468802550064, "Urea Nitrogen_min": 0.028720291068337244, "Vancomycin_min": 0.027259630907835494, "Bands_min": 0.02437278790779827, "Basophils_max": 0.022108319666216687, "Magnesium_max": 0.02209070777856979, "CK-MB Index_max": 0.02200125757655393, "MCH_min": 0.01945068696821687, "Bilirubin, Total_max": 0.019043314318743166, "RDW_max": 0.01620334174153376, "Glucose_min": 0.013983047243121416, "Temperature_max": 0.013422204481322966, "INR(PT)_min": 0.01218900543286399, "PTT_min": 0.010862881190762367, "MCV_min": 0.01059346295409481, "Urobilinogen_min": 0.010197149735922078, "Oxygen_min": 0.009495039211876945, "Oxygen_max": 0.009212044334134329, "Magnesium_min": 0.007937924308398195, "Neutrophils_min": 0.007765981883228166, "Osmolality, Measured_max": 0.006062647439769958, "Free Calcium_min": 0.005400408603522736, "Atypical Lymphocytes_min": 0.004473779741215867, "Lymphocytes_max": 0.004414609437808463, "Potassium, Urine_min": 0.004343521985495351, "Cholesterol, HDL_max": 0.003579654093712681, "pO2_min": 0.0033045430006396447, "Base Excess_min": 0.003236359751182404, "Polys_max": 0.002914444492769528, "Asparate Aminotransferase (AST)_min": 0.0024304166193677822, "PT_max": 0.002066294217462155, "PTT_max": 0.0017470871493644965, "Cortisol_max": 0.0017045992246829123, "Bands_max": 0.0016894895775373927, "Alveolar-arterial Gradient_max": 0.001376358747165888, "Osmolality, Urine_max": 0.001039256547687794, "Amylase_min": 0.0009211634101740706, "Creatine Kinase, MB Isoenzyme_min": 0.0008055637394317521, "Fibrinogen, Functional_min": 0.000628881701762036, "Vancomycin_max": 0.0005866277436225003, "Lactate Dehydrogenase (LD)_min": 0.0005125580399205169, "Vitamin B12_min": 0.00046539937067685387, "Cholesterol, Total_max": 0.00040132905131348484, "WBC_min": 0.0003011030840469752, "RBC_max": 0.0002779489346541765, "WBC_max": 0.00020131580318742272, "Monocytes_max": 0.00018892956040874928, "Lactate Dehydrogenase (LD)_max": 0.00012334486799429363, "Creatine Kinase (CK)_min": 0.00010710675454803164, "Asparate Aminotransferase (AST)_max": 1.8932105215880968e-05, "Alveolar-arterial Gradient_min": 5.9945619303997825e-06, "RBC_min": 1.8100513913872302e-06, "Ferritin_max": -2.4162263402352336e-07, "Oxygen Saturation_min": -8.452562445877493e-06, "Creatine Kinase (CK)_max": -1.2462632414573394e-05, "Alkaline Phosphatase_max": -5.9007013221486405e-05, "Oxygen Saturation_max": -6.576141489581591e-05, "Amylase_max": -7.22911030257197e-05, "Granulocyte Count_min": -0.00010640081641327189, "Platelet Count_min": -0.0001104996210635665, "Lipase_max": -0.00014084643726683683, "Specific Gravity_max": -0.000162584683025648, "Glucose_max": -0.0002050081112719564, "Fibrinogen, Functional_max": -0.00020971325993188715, "Alanine Aminotransferase (ALT)_max": -0.00024346703640654803, "Triglycerides_max": -0.00025407626194075056, "Alkaline Phosphatase_min": -0.00026598793769298616, "Sodium_min": -0.00030922735460165026, "Urea Nitrogen, Urine_max": -0.00040252217291785814, "Specific Gravity_min": -0.0006122489234130052, "Vitamin B12_max": -0.0006394229604066597, "Triglycerides_min": -0.0008265265247055574, "Lipase_min": -0.0009296435634073398, "Sodium, Urine_max": -0.0011027481481999171, "pO2_max": -0.0013166824980803532, "Tidal Volume_min": -0.001331091847138341, "Hematocrit_min": -0.0013898907881553552, "White Blood Cells_max": -0.0013937262164398533, "Alanine Aminotransferase (ALT)_min": -0.0014167394935986962, "Hematocrit, Calculated_max": -0.001538878498122244, "Creatinine, Urine_min": -0.0016700184228354868, "Creatine Kinase, MB Isoenzyme_max": -0.00199119164761181, "Platelet Count_max": -0.0021294480579531934, "Neutrophils_max": -0.0023068253956584715, "Cholesterol, LDL, Calculated_min": -0.002346873293178344, "Required O2_max": -0.0023972488679167045, "Urea Nitrogen_max": -0.002397424190335874, "Creatinine_max": -0.002460652653977597, "INR(PT)_max": -0.0029001712150549023, "Iron Binding Capacity, Total_min": -0.0031266744843723546, "Sodium, Urine_min": -0.003556827024980939, "PEEP_max": -0.0041608817546162635, "RDW_min": -0.008660603382280778, "Base Excess_max": -0.008693437669202504, "Sodium, Whole Blood_min": -0.010640454419551562, "Calcium, Total_max": -0.011055210013050255, "Red Blood Cells_min": -0.013669031805095799, "pCO2_min": -0.014120870164853217, "Hematocrit_max": -0.01466446415142859, "Chloride_max": -0.017588411975844823, "Eosinophils_max": -0.018972563762554188, "Anion Gap_max": -0.019467023747521597, "Calculated Total CO2_min": -0.027285241303038114, "Free Calcium_max": -0.02736054206734301, "Potassium_max": -0.027495719773410147, "Chloride_min": -0.031378241937664676, "Potassium_min": -0.03172058125138565, "Bicarbonate_min": -0.03281687846337062, "Hemoglobin_max": -0.03562063321667461, "Lymphocytes_min": -0.04179038151026055, "Potassium, Whole Blood_min": -0.047661742263223394, "pH_min": -0.0480726548332831, "Epithelial Cells_min": -0.05038734094184961, "Hemoglobin_min": -0.06070572437002497, "Phosphate_min": -0.06202069280918663, "Bilirubin, Indirect_max": -0.06544118864029863, "MCHC_min": -0.06629699088523348, "Bilirubin, Total_min": -0.07284349886812873, "Eosinophils_min": -0.09098651252633522, "Bicarbonate_max": -0.11156888819736924, "MCHC_max": -0.1127972778645747, "Albumin_max": -0.12659327827375833, "Calcium, Total_min": -0.14291787651406626, "Temperature_min": -0.16730036576832075, "Creatinine_min": -0.17996815876668307, "Albumin_min": -0.18941366775266508}