{"Lactate_min": 0.19943317823491633, "Phenytoin_min": 0.16134607289805492, "Lactate_max": 0.1543893894934944, "Anion Gap_min": 0.11553127298102836, "PT_min": 0.07214702266332602, "Sodium_max": 0.06143803211413799, "RDW_max": 0.05894818528989861, "Bilirubin, Direct_min": 0.058598075394532274, "Bilirubin, Direct_max": 0.045751226889868005, "Urobilinogen_max": 0.04481913678548248, "Myelocytes_max": 0.0361057338971619, "CK-MB Index_max": 0.03592842606853398, "pCO2_max": 0.03361172035555202, "Vancomycin_min": 0.03158018262161375, "Urea Nitrogen_min": 0.03113560449100758, "Metamyelocytes_min": 0.02776447258645945, "Cholesterol, HDL_min": 0.02147001732436419, "INR(PT)_min": 0.02050141917007824, "INR(PT)_max": 0.020159834588811834, "Cholesterol Ratio (Total/HDL)_min": 0.019033369756893268, "Bands_min": 0.018635712748673892, "Osmolality, Measured_max": 0.01825105222991986, "Cholesterol Ratio (Total/HDL)_max": 0.017574405032176214, "PTT_min": 0.01662798621462889, "Glucose_min": 0.016049370657100926, "Atypical Lymphocytes_max": 0.015427443111045436, "White Blood Cells_max": 0.012381998387337714, "Free Calcium_min": 0.011873845384286647, "PEEP_min": 0.01172946389709028, "Oxygen_max": 0.011097511353543052, "Oxygen_min": 0.011004818576963489, "Thyroid Stimulating Hormone_min": 0.009353236803702241, "Myelocytes_min": 0.007371464408732546, "Phosphate_max": 0.005278526185348969, "Potassium, Urine_min": 0.005236877026360086, "Polys_min": 0.005220311209119716, "O2 Flow_min": 0.0030391216396495643, "Cortisol_max": 0.002643323682783479, "pO2_min": 0.001985145147673099, "Asparate Aminotransferase (AST)_min": 0.0019280304255790335, "Potassium, Urine_max": 0.001467226242145026, "Alveolar-arterial Gradient_max": 0.0014623325632135476, "Bands_max": 0.0013803076200024358, "Vancomycin_max": 0.001354025355018306, "Metamyelocytes_max": 0.001144746023482088, "WBC_max": 0.0009974915788760553, "Osmolality, Urine_max": 0.0008819079853915774, "Urea Nitrogen_max": 0.0007868281192539389, "Fibrinogen, Functional_min": 0.0007661270899968665, "Amylase_min": 0.0007660077439361777, "Lactate Dehydrogenase (LD)_min": 0.0007591578703675549, "Creatine Kinase, MB Isoenzyme_min": 0.0007048024665635965, "Base Excess_max": 0.0005498056834423382, "Epithelial Cells_max": 0.0005368566602418624, "RBC_max": 0.0005346028654775469, "Urea Nitrogen, Urine_max": 0.0003276372725700894, "PT_max": 0.00014672470218563186, "Creatine Kinase (CK)_min": 8.887253100261343e-05, "Lactate Dehydrogenase (LD)_max": 8.803368608277233e-05, "Required O2_min": 4.901856316171406e-05, "Vitamin B12_min": 9.552253118192948e-06, "Ferritin_max": 7.983457800377347e-06, "Oxygen Saturation_max": 3.493112102580686e-06, "Granulocyte Count_min": -1.1163838187001768e-05, "Ferritin_min": -1.1543648847424185e-05, "Granulocyte Count_max": -2.6972642309319117e-05, "Alkaline Phosphatase_max": -4.9412504339497405e-05, "Asparate Aminotransferase (AST)_max": -5.7117123778502905e-05, "Iron_max": -0.00011916754328368844, "Fibrinogen, Functional_max": -0.0001919623834585548, "Alkaline Phosphatase_min": -0.00028431760006504683, "Amylase_max": -0.0003244362378705812, "CK-MB Index_min": -0.00043688703128942044, "RBC_min": -0.0005142666014588818, "Triglycerides_min": -0.0005877156554391653, "Triglycerides_max": -0.0006576905965889292, "Tidal Volume_max": -0.0007160973335413149, "Urea Nitrogen, Urine_min": -0.0007454920557976941, "WBC_min": -0.0007805756103935693, "Lipase_min": -0.0009641814427686033, "Tidal Volume_min": -0.0010155783064650567, "Protein_min": -0.0010212129396168599, "Nucleated Red Cells_max": -0.001233974754001439, "Alanine Aminotransferase (ALT)_min": -0.0012707041757641922, "Creatinine, Urine_min": -0.001357125917146101, "Required O2_max": -0.0014132170981609126, "Cortisol_min": -0.0017909591975868951, "Creatine Kinase, MB Isoenzyme_max": -0.002100346834936694, "Base Excess_min": -0.0025478644794313917, "Cholesterol, Total_max": -0.002739435517030812, "Sodium, Whole Blood_min": -0.002767565079758131, "Troponin T_max": -0.0033820771658073386, "O2 Flow_max": -0.0035394069943388033, "PEEP_max": -0.004662046235814816, "Sodium, Urine_min": -0.00522312125227198, "Cholesterol, HDL_max": -0.007071323751244168, "Temperature_max": -0.008663638090270993, "Chloride, Whole Blood_min": -0.010014636301334428, "pCO2_min": -0.01010796170383998, "Magnesium_max": -0.010179406495835293, "Anion Gap_max": -0.010737247090550708, "Calculated Total CO2_min": -0.013766832624245605, "Hematocrit, Calculated_max": -0.01554797956255318, "Sodium, Whole Blood_max": -0.015683108988551818, "Osmolality, Measured_min": -0.019563077452026564, "Protein, Total_max": -0.027229257564426564, "Troponin T_min": -0.027687640647365737, "Thyroid Stimulating Hormone_max": -0.03014742509238705, "Uric Acid_max": -0.033010750034092144, "Phenytoin_max": -0.03405988986568251, "Protein, Total_min": -0.04327918957691564, "Bicarbonate_min": -0.045414192301179344, "Calcium, Total_max": -0.05548014610457048, "Epithelial Cells_min": -0.057062027851930486, "Eosinophils_max": -0.06234199327504169, "Uric Acid_min": -0.08809610195001503, "Albumin_max": -0.25201678858835225, "Temperature_min": -0.2695425242708692, "Calcium, Total_min": -0.2721453842842795, "Potassium, Whole Blood_max": -0.2766528321771322, "Albumin_min": -0.37062379087169}