{"Lactate_min": 0.17646188041343389, "Lactate_max": 0.15251182784856326, "Anion Gap_min": 0.13915908432334997, "Sodium_max": 0.0637358501928375, "PT_min": 0.06270395843850261, "Phosphate_max": 0.05771555770361731, "White Blood Cells_min": 0.04407727632961643, "pCO2_max": 0.034986295887146, "Vancomycin_min": 0.03089164799123343, "Urea Nitrogen_min": 0.026827119197629416, "INR(PT)_min": 0.020637592371139216, "CK-MB Index_max": 0.01894251688907321, "Magnesium_min": 0.01530453640050228, "Glucose_min": 0.013371536144655067, "PTT_min": 0.012664987536736682, "Oxygen_max": 0.009698661357825237, "Calcium, Total_max": 0.009691528257621472, "INR(PT)_max": 0.009382354184035038, "Oxygen_min": 0.009288524480046766, "Neutrophils_max": 0.006447691473488437, "Phenytoin_max": 0.006356912501076784, "Osmolality, Measured_max": 0.0049910018801625385, "Lymphocytes_max": 0.003664259979919706, "Specific Gravity_max": 0.0032518535897923433, "White Blood Cells_max": 0.003024152905102813, "pO2_min": 0.002679795552698419, "Neutrophils_min": 0.0018583247375386883, "Urea Nitrogen_max": 0.0011167688010739513, "Alveolar-arterial Gradient_max": 0.0009152008020868881, "Asparate Aminotransferase (AST)_min": 0.0007082695036961942, "Lactate Dehydrogenase (LD)_min": 0.0006325155600484597, "Fibrinogen, Functional_min": 0.0005170469925102721, "Platelet Count_min": 0.000282164670107962, "Creatine Kinase (CK)_min": 5.8697720681053053e-05, "Lactate Dehydrogenase (LD)_max": 3.582702262699954e-05, "Creatine Kinase (CK)_max": -1.3155879819060367e-05, "Glucose_max": -0.00017108118806586126, "Tidal Volume_min": -0.0008769838645199302, "Tidal Volume_max": -0.0008999979991701174, "pO2_max": -0.0009909014320577348, "Sodium, Urine_max": -0.0012253646986718613, "Bilirubin, Total_max": -0.0018314768145269232, "Platelet Count_max": -0.0027241600696593475, "Base Excess_min": -0.0036742154989554774, "MCV_max": -0.005174664831501377, "pCO2_min": -0.008628791970387682, "Calculated Total CO2_min": -0.0227518229106481, "Sodium_min": -0.030347932453396443, "Free Calcium_max": -0.03251545402743619, "Lymphocytes_min": -0.04674796317311988, "Potassium_max": -0.04716489304517282, "Bicarbonate_max": -0.059738737063413996, "Basophils_min": -0.0710626785842264, "Potassium_min": -0.07190126625133154, "MCHC_min": -0.109196317524631, "Temperature_min": -0.18555283898964633, "Albumin_max": -0.29019214049912356, "Red Blood Cells_min": -0.33106873022600763, "Creatinine_min": -0.35495196389936773, "Albumin_min": -0.535298752594051}