{"Lactate_min": 0.178409047802915, "Lactate_max": 0.15797935660910134, "Anion Gap_min": 0.09384541078367722, "PT_min": 0.06351746431747254, "Sodium_max": 0.05661850708709723, "White Blood Cells_min": 0.042978795996832304, "pCO2_max": 0.031781444261700174, "Urea Nitrogen_min": 0.026011591252705597, "PTT_min": 0.014475150261540568, "Oxygen_max": 0.014334583978576764, "Glucose_min": 0.012286202034442686, "pO2_min": 0.001624526277809789, "Asparate Aminotransferase (AST)_min": 0.0014789949950742437, "pO2_max": -0.0008113181774226583, "Tidal Volume_min": -0.0014723472805231305, "Osmolality, Measured_max": -0.001662142176556793, "Platelet Count_max": -0.002021688422330317, "Neutrophils_min": -0.006422909611712458, "Base Excess_min": -0.009261467597665317, "Eosinophils_max": -0.04975711774434388, "Lymphocytes_min": -0.06570228173410775, "Bicarbonate_max": -0.07588030673477368, "Temperature_min": -0.24862227772893117, "Potassium_min": -0.2528757380042205, "Albumin_min": -1.0403798250175704}