{"pH_max": 0.2910574765685526, "Lactate_min": 0.16819002763018273, "Lactate_max": 0.13273091884114552, "Phenytoin_min": 0.12469063235028248, "Anion Gap_min": 0.11186668588228164, "Sodium_max": 0.08090692100306794, "Bilirubin, Direct_max": 0.07057297656791152, "MCH_min": 0.0627063529357386, "Phosphate_max": 0.055882159151165504, "RDW_max": 0.052960027666996805, "PT_min": 0.04780927530654846, "White Blood Cells_min": 0.04688108056537588, "pCO2_max": 0.03610806490085449, "Urea Nitrogen_min": 0.026744133567864273, "Basophils_max": 0.022791077601999093, "Oxygen_max": 0.015180627432661969, "PTT_min": 0.013760585871407225, "INR(PT)_min": 0.013182239749723108, "Glucose_min": 0.012635961570725622, "Temperature_max": 0.008193037670607988, "Magnesium_min": 0.00645187980277331, "Potassium, Urine_max": 0.005950313368029981, "Osmolality, Measured_max": 0.005761267475903858, "PTT_max": 0.0019126397463012893, "pO2_min": 0.0018304727452101138, "Urea Nitrogen_max": 0.0015387617056034134, "Hematocrit, Calculated_max": 0.0014865798900643818, "PT_max": 0.0013920835429659753, "Creatinine, Urine_max": 0.0012782129848721712, "Asparate Aminotransferase (AST)_min": 0.0012645851070418566, "Lymphocytes_max": 0.0009560564097626476, "Neutrophils_min": 0.000878605984516831, "O2 Flow_max": 0.0008643000864271695, "Iron_min": 0.0006436304226780305, "Lactate Dehydrogenase (LD)_min": 0.00046545837247719864, "Fibrinogen, Functional_max": 0.00040371826149135636, "Amylase_min": 0.00019255157797911493, "Lactate Dehydrogenase (LD)_max": 0.00011421024287575708, "Asparate Aminotransferase (AST)_max": 8.394775476221888e-05, "Creatine Kinase (CK)_min": 6.101211620359818e-05, "Lipase_max": 2.7910427485209457e-06, "Ferritin_max": -3.119289660141403e-06, "Glucose_max": -1.965303133008324e-05, "Tidal Volume_min": -0.00024519985917011855, "Nucleated Red Cells_min": -0.000282259302451816, "Alanine Aminotransferase (ALT)_max": -0.00034007074127935695, "pO2_max": -0.0003845917319441498, "Specific Gravity_max": -0.0006021991392548726, "Platelet Count_min": -0.0007494272039751047, "Tidal Volume_max": -0.0010523480901109268, "Sodium, Urine_max": -0.001445882968460902, "Platelet Count_max": -0.0017275992084768716, "Monocytes_max": -0.0023839715712746633, "Creatinine_max": -0.0033075860546333416, "Chloride_max": -0.004409352384185258, "Base Excess_min": -0.004681169120636967, "Bilirubin, Total_max": -0.011220043093115806, "Eosinophils_max": -0.013845791554570141, "Chloride_min": -0.014413169945307893, "pCO2_min": -0.018287880553978335, "RDW_min": -0.020216730041559144, "Calcium, Total_max": -0.023120675334376083, "Sodium_min": -0.024588757884166684, "Potassium_min": -0.024684331437393896, "Basophils_min": -0.027884473774058057, "Bilirubin, Total_min": -0.03739411050607086, "Troponin T_max": -0.04467692468590526, "Hematocrit_max": -0.047240556630216916, "Lymphocytes_min": -0.05008517913303529, "Phosphate_min": -0.05580350979807595, "Uric Acid_max": -0.07254087691538805, "Bicarbonate_max": -0.08597121927963723, "Eosinophils_min": -0.09967029400681171, "Albumin_max": -0.15821973331685743, "Temperature_min": -0.18895935214289872, "Calcium, Total_min": -0.1920000622309645, "MCHC_max": -0.19765699396296518, "Potassium, Whole Blood_max": -0.2184314225900153, "Creatinine_min": -0.22044066504447665, "Albumin_min": -0.27281153649309625}