{"pH_max": 0.2453510279149858, "Lactate_min": 0.13836566941012116, "Lactate_max": 0.13621401659079024, "Phenytoin_min": 0.09758036577219614, "Anion Gap_min": 0.08278801930246546, "Sodium_max": 0.07587517781678442, "Phosphate_max": 0.06811324650185933, "PT_min": 0.057819357201206754, "RDW_max": 0.04221375407442242, "White Blood Cells_min": 0.03971872021545936, "Hematocrit, Calculated_min": 0.03221012911491172, "pCO2_max": 0.03157162485115215, "Vancomycin_min": 0.029765592942449712, "Urea Nitrogen_min": 0.01889290225872818, "Calculated Total CO2_max": 0.01411941569938394, "Glucose_min": 0.01393709876380974, "PTT_min": 0.012713599463573986, "INR(PT)_max": 0.01252975204217681, "INR(PT)_min": 0.011481802268888414, "Oxygen_min": 0.010209970436239071, "Base Excess_max": 0.008996517704102473, "Bands_max": 0.008883849898108094, "Oxygen_max": 0.008249436027316115, "MCV_max": 0.006847420082713828, "Potassium, Urine_max": 0.006712920258646428, "Urea Nitrogen_max": 0.005937445975668014, "Magnesium_min": 0.005665352218149918, "Osmolality, Measured_max": 0.00445121819009592, "O2 Flow_min": 0.003731071024481658, "White Blood Cells_max": 0.002768458527823919, "Asparate Aminotransferase (AST)_min": 0.0024157520949996928, "Polys_min": 0.002403151572128152, "Cortisol_max": 0.0021927453477128102, "pO2_min": 0.0021795352715277346, "PTT_max": 0.002046802270459085, "Neutrophils_min": 0.001572625046666621, "Alveolar-arterial Gradient_max": 0.001332543903545455, "Osmolality, Urine_max": 0.0008509892478553829, "WBC_min": 0.0006636873776653259, "Iron_max": 0.0005969740946963972, "RBC_max": 0.00044668193130728724, "Lactate Dehydrogenase (LD)_min": 0.00040068287084203647, "Amylase_min": 0.00039143984533749135, "Fibrinogen, Functional_min": 0.0003242889955175074, "RDW_min": 0.00020065870570154458, "Lactate Dehydrogenase (LD)_max": 0.00011899692693892332, "Creatine Kinase (CK)_min": 7.418170326950411e-05, "Platelet Count_min": 2.6576577863731835e-05, "Specific Gravity_max": 2.9143612993493406e-07, "Creatine Kinase (CK)_max": -2.020563338674132e-05, "Granulocyte Count_max": -5.3768057007134884e-05, "Asparate Aminotransferase (AST)_max": -5.546017915162657e-05, "Alkaline Phosphatase_max": -0.00011910415904129018, "Glucose_max": -0.0001401308830631683, "Lipase_max": -0.0001711886703726888, "Urea Nitrogen, Urine_max": -0.00030469985825666877, "Oxygen Saturation_min": -0.0003252702090626497, "Protein_max": -0.00041557913884844095, "pO2_max": -0.000699270411047742, "Specific Gravity_min": -0.0008000341355801565, "Tidal Volume_min": -0.0009395144291398784, "Tidal Volume_max": -0.0009431090890144009, "O2 Flow_max": -0.0010709698788131932, "Cortisol_min": -0.0015031094610244958, "Alanine Aminotransferase (ALT)_min": -0.0016191067130985723, "Potassium, Urine_min": -0.002048009453313557, "Platelet Count_max": -0.0023660594400238466, "Sodium_min": -0.0032684073360511124, "Neutrophils_max": -0.003989613775373186, "PEEP_max": -0.005479571767660376, "Cholesterol Ratio (Total/HDL)_max": -0.006710662200442221, "Calcium, Total_max": -0.007941903510344923, "Bilirubin, Total_min": -0.013337816872272368, "Chloride_max": -0.013517192861414272, "Base Excess_min": -0.01484558999460043, "Hematocrit_min": -0.015547861694537963, "pCO2_min": -0.016037632479652217, "Free Calcium_max": -0.019506649146609455, "Hematocrit_max": -0.02048214416084425, "Sodium, Whole Blood_min": -0.02167144604293958, "Monocytes_min": -0.022961907612450094, "Basophils_min": -0.02330435021947509, "Chloride_min": -0.024812497684655595, "Eosinophils_max": -0.027499818213650093, "Potassium_min": -0.028408661268897618, "Potassium_max": -0.030766778881702473, "Red Blood Cells_min": -0.03132508252913938, "Bicarbonate_min": -0.031436455414626904, "Hemoglobin_max": -0.04093045825272342, "MCHC_min": -0.04116312618407602, "Bilirubin, Indirect_max": -0.0434201982035664, "Lymphocytes_min": -0.04814649439270308, "Potassium, Whole Blood_min": -0.06127516233897997, "Bicarbonate_max": -0.08981607728331965, "MCHC_max": -0.09097501040139643, "Albumin_max": -0.12374347527593092, "Calcium, Total_min": -0.16102082673853113, "Temperature_min": -0.16458241184010605, "Creatinine_max": -0.1810981228714832, "Albumin_min": -0.22209004010154226}