{"pH_max": 0.6028563025764095, "Lactate_min": 0.18350834658469709, "Lactate_max": 0.1444973382213335, "MCH_min": 0.12656583696662543, "Magnesium_min": 0.11701609289899462, "Phenytoin_min": 0.09653731055438668, "Anion Gap_min": 0.09013562894048992, "Sodium_max": 0.07303496284203628, "Bilirubin, Direct_max": 0.062102916050452546, "PT_min": 0.05769042366349283, "RDW_max": 0.05262317974147645, "Basophils_max": 0.05253806363912877, "White Blood Cells_min": 0.046588729778649314, "pCO2_max": 0.03578243930621982, "Hematocrit, Calculated_min": 0.03390737903455355, "Hematocrit_min": 0.03259239727420838, "Vancomycin_min": 0.030851305284406813, "Urea Nitrogen_min": 0.024130606602191445, "Free Calcium_min": 0.021308846191572552, "INR(PT)_min": 0.020773975069220747, "Atypical Lymphocytes_max": 0.017068182141174285, "Phosphate_max": 0.014093881694545276, "Glucose_min": 0.01369498658297533, "Osmolality, Measured_max": 0.013506249665120793, "Urobilinogen_min": 0.012727404332408402, "PTT_min": 0.009249586357303852, "Myelocytes_max": 0.009166196143388946, "MCV_max": 0.00914149175652154, "Oxygen_max": 0.008379939745069096, "Oxygen_min": 0.007437530136926031, "Required O2_max": 0.007210450389427702, "Specific Gravity_min": 0.003160352746500116, "Lymphocytes_max": 0.003083453388158979, "Asparate Aminotransferase (AST)_min": 0.002551236013835566, "Vancomycin_max": 0.0022180207810064798, "pO2_min": 0.0018114117421271173, "PTT_max": 0.0017677741818425015, "Iron_min": 0.0015711629738091749, "PT_max": 0.001553838473132647, "Amylase_min": 0.0008117489835561758, "Lactate Dehydrogenase (LD)_min": 0.000640893470398171, "Fibrinogen, Functional_min": 0.0005874174578183995, "Platelet Count_min": 0.0004003434368917572, "WBC_max": 0.00025427206084949964, "Alkaline Phosphatase_max": 0.00023928190579533385, "White Blood Cells_max": 0.000156795344315083, "Creatine Kinase (CK)_min": 5.8628579791693126e-05, "Ferritin_min": 6.7560233592771025e-06, "Alveolar-arterial Gradient_max": -4.3679545685471296e-05, "Fibrinogen, Functional_max": -6.868403488395865e-05, "Nucleated Red Cells_max": -8.956423732906071e-05, "Glucose_max": -0.00012025425422813337, "Lipase_max": -0.00019080788510271167, "Amylase_max": -0.00019720509094024968, "Vitamin B12_min": -0.0002683920899700743, "Urea Nitrogen, Urine_min": -0.00035647577187437223, "Lipase_min": -0.0004834867546241325, "pO2_max": -0.000501032072216935, "Tidal Volume_max": -0.0006705747562115012, "Monocytes_max": -0.0009455360446679604, "Alkaline Phosphatase_min": -0.0010331415919493212, "Alanine Aminotransferase (ALT)_min": -0.0011086459273056827, "Tidal Volume_min": -0.0013866263140778546, "Creatine Kinase, MB Isoenzyme_max": -0.0017079106379082648, "Oxygen Saturation_min": -0.002243852872449245, "Platelet Count_max": -0.002309403806436145, "Sodium, Urine_max": -0.0032602023350903047, "Bilirubin, Total_max": -0.0035753168325479852, "Neutrophils_max": -0.005294972050942373, "Protein, Total_max": -0.008087593591766383, "Chloride_max": -0.009591122611226013, "Base Excess_min": -0.010580652110573765, "pCO2_min": -0.01157261390947076, "Potassium_min": -0.014404688964681825, "MCV_min": -0.015023757631856925, "Osmolality, Measured_min": -0.017632271988678894, "Thyroid Stimulating Hormone_min": -0.017932653863673313, "Chloride_min": -0.018115069641172443, "Sodium_min": -0.018308726211928836, "Hematocrit_max": -0.020132483187055066, "Phenytoin_max": -0.02041778720799001, "Creatinine_max": -0.020846550891369615, "Bilirubin, Total_min": -0.024777778509244303, "Potassium_max": -0.031408445384348824, "Eosinophils_max": -0.038200949104256754, "Bilirubin, Indirect_max": -0.04019307181667199, "RDW_min": -0.0469347224335794, "Lymphocytes_min": -0.05194077404861592, "MCHC_min": -0.05214795566436835, "Basophils_min": -0.07959517491250373, "MCH_max": -0.08216998943861442, "Eosinophils_min": -0.09716196892069619, "Phosphate_min": -0.09843132541602634, "Bicarbonate_max": -0.09906297800059621, "MCHC_max": -0.10365683271685967, "Calcium, Total_min": -0.11123541915264458, "Temperature_min": -0.13966192043376158, "Hemoglobin_min": -0.1841806035786364, "Albumin_max": -0.21608707835607643, "Albumin_min": -0.5606069860816107}