{"pH_max": 0.6335751031597116, "Lactate_min": 0.21676036325673018, "Lactate_max": 0.13931957071458634, "Anion Gap_min": 0.12119150502788673, "MCH_min": 0.11694923631422671, "Magnesium_min": 0.08504030046432497, "Phosphate_max": 0.06605943173697428, "Sodium_max": 0.05736620650799641, "PT_min": 0.05344089092926684, "Free Calcium_min": 0.04997761804623189, "White Blood Cells_min": 0.04606460929600712, "INR(PT)_min": 0.035305929983199785, "pCO2_max": 0.03346094297429816, "Magnesium_max": 0.03166947856668036, "Urea Nitrogen_min": 0.029956394974380844, "Calculated Total CO2_max": 0.025098768825012108, "Vancomycin_min": 0.024194292172897154, "MCV_max": 0.022557799054479518, "RDW_min": 0.016882042163966077, "Glucose_min": 0.014049610683852475, "PTT_min": 0.01297981014196234, "tacroFK_max": 0.010375099867986093, "Oxygen_min": 0.009820205538872303, "Oxygen_max": 0.007866626449178297, "Specific Gravity_max": 0.0077702221371824575, "Urobilinogen_min": 0.006916737468818429, "Specific Gravity_min": 0.005726215456254182, "Hematocrit, Calculated_max": 0.005472222225659808, "Lymphocytes_max": 0.004675356432942067, "Osmolality, Measured_max": 0.0046656869565935444, "Red Blood Cells_min": 0.004260848459123928, "Epithelial Cells_max": 0.003198342717229556, "PT_max": 0.0025373671459288346, "Urea Nitrogen_max": 0.002198423520983345, "pO2_min": 0.0021241220304638246, "Asparate Aminotransferase (AST)_min": 0.0019954674838644124, "Polys_min": 0.0018552946325867082, "O2 Flow_min": 0.0017255543111581203, "PTT_max": 0.001293116825076211, "Neutrophils_min": 0.0011342354238682837, "Amylase_min": 0.0011026973859904628, "Alveolar-arterial Gradient_max": 0.0008016447816308285, "Osmolality, Urine_max": 0.0007262120224502339, "Sodium, Urine_max": 0.0006375760999104345, "Lactate Dehydrogenase (LD)_min": 0.0005617955916353743, "Cortisol_max": 0.0005266396733084545, "Fibrinogen, Functional_min": 0.0003470028344129358, "WBC_max": 0.0002519141946144455, "RBC_max": 0.00018000963878933666, "White Blood Cells_max": 0.00016507592933649075, "Alveolar-arterial Gradient_min": 0.0001405027581189523, "Protein_min": 8.727173007117643e-05, "O2 Flow_max": 5.0505414316847146e-05, "Creatine Kinase (CK)_min": 4.311488220068e-05, "Glucose_max": 3.978202516965814e-05, "Lactate Dehydrogenase (LD)_max": 3.6305622246502024e-05, "Alkaline Phosphatase_max": -0.0001110858017255183, "Platelet Count_min": -0.00032047137914157514, "Amylase_max": -0.0003359824267896759, "pO2_max": -0.0005556662871258004, "Protein_max": -0.0005559439299952085, "Tidal Volume_max": -0.000699521758369501, "Tidal Volume_min": -0.000839693024355179, "Monocytes_max": -0.0008451629734541306, "Lipase_min": -0.0009535936346741168, "Creatine Kinase, MB Isoenzyme_min": -0.0011686684982032465, "Alanine Aminotransferase (ALT)_min": -0.0013616373614338477, "Iron Binding Capacity, Total_min": -0.0019485857858719837, "Oxygen Saturation_min": -0.002018838825919583, "Platelet Count_max": -0.0023376660999938404, "Neutrophils_max": -0.0023440635314092772, "Creatinine_max": -0.002396155252326656, "Troponin T_max": -0.0027389152838906954, "Sodium, Urine_min": -0.004338604523167558, "Sodium, Whole Blood_min": -0.004941103153149974, "Chloride_max": -0.009783848535844061, "Chloride, Whole Blood_min": -0.010204979647837524, "Base Excess_min": -0.010454275539580846, "Sodium, Whole Blood_max": -0.016288698366387425, "pCO2_min": -0.01792556395812765, "MCV_min": -0.019612991409269927, "Bilirubin, Total_min": -0.024645501802187695, "Eosinophils_max": -0.033576079750217994, "Phosphate_min": -0.038535357316786395, "Potassium_min": -0.03900066241483678, "MCHC_min": -0.05341292151078482, "Lymphocytes_min": -0.05411017142441945, "Troponin T_min": -0.06233432407873138, "Hemoglobin_max": -0.07097921206013219, "MCH_max": -0.0878879164696471, "MCHC_max": -0.0908839704391049, "Hemoglobin_min": -0.09180525699467648, "Eosinophils_min": -0.09283444294649816, "Bicarbonate_max": -0.10055069105668193, "Albumin_max": -0.13119293797980547, "Calcium, Total_min": -0.14638670392711295, "Temperature_min": -0.167961345264667, "Potassium, Whole Blood_max": -0.276234909531216, "Creatinine_min": -0.3436701982183585, "Albumin_min": -0.5915381465098893}