{"Lactate_max": 0.19378340524472773, "Lactate_min": 0.13239383462152318, "Anion Gap_min": 0.11920186539310898, "Phenytoin_min": 0.09830348672511051, "PT_min": 0.0714814500337582, "Sodium_max": 0.06686260029876252, "RDW_max": 0.049837883063087896, "Bilirubin, Direct_min": 0.040875763168423035, "Bilirubin, Direct_max": 0.03603504344691328, "Vancomycin_min": 0.03285783159987793, "Urea Nitrogen_min": 0.03140099391208602, "pCO2_max": 0.031275405234403295, "Metamyelocytes_min": 0.02324362368003812, "Myelocytes_max": 0.02295922739766602, "CK-MB Index_max": 0.020821224583429377, "Oxygen_max": 0.016187577397547077, "PTT_min": 0.016007366559778267, "White Blood Cells_max": 0.014558189090352268, "Glucose_min": 0.014300737112105605, "INR(PT)_min": 0.014068620765427944, "Osmolality, Measured_max": 0.01284059893014916, "Bands_min": 0.012588865575118294, "PEEP_min": 0.009973198642460702, "Myelocytes_min": 0.009723076876967557, "INR(PT)_max": 0.009569402498037846, "Bands_max": 0.009069598783616186, "Magnesium_max": 0.0070623736508550455, "Sodium, Whole Blood_min": 0.006920668746892788, "Metamyelocytes_max": 0.006210563897487014, "Polys_max": 0.005815044967631394, "Alveolar-arterial Gradient_max": 0.0053422390171811475, "Urobilinogen_min": 0.0044512751071916976, "Potassium, Urine_min": 0.0037556418536997837, "Potassium, Urine_max": 0.0024279734474088118, "O2 Flow_min": 0.002282056657909504, "Thyroid Stimulating Hormone_min": 0.0022327890679732106, "Cortisol_max": 0.0019015299222692823, "Asparate Aminotransferase (AST)_min": 0.0017620015882656365, "pO2_min": 0.0017596100947012124, "Urea Nitrogen_max": 0.0015043084073837465, "Atypical Lymphocytes_max": 0.001428334149803033, "PT_max": 0.001405573761986509, "Polys_min": 0.0012909390453898365, "CK-MB Index_min": 0.0009958156163877702, "Amylase_min": 0.0008115898768048503, "Creatine Kinase, MB Isoenzyme_min": 0.0007625558058779383, "Osmolality, Urine_max": 0.0007486964598156624, "Cortisol_min": 0.0007436163778456986, "Fibrinogen, Functional_min": 0.000695695091358272, "Lactate Dehydrogenase (LD)_min": 0.0006467309900774101, "WBC_max": 0.0005077994758272766, "Osmolality, Urine_min": 0.00039357250424390994, "RBC_max": 0.0003670303921945059, "Alkaline Phosphatase_max": 0.00017888503524983928, "Urea Nitrogen, Urine_max": 0.00015555670387386688, "Triglycerides_min": 0.00015516654535152364, "Lactate Dehydrogenase (LD)_max": 0.0001323011692393745, "RBC_min": 0.00010095161928295658, "Creatine Kinase (CK)_min": 9.636904357800762e-05, "Asparate Aminotransferase (AST)_max": 6.674245158989936e-05, "Ferritin_max": 1.2140360850828657e-06, "Creatine Kinase (CK)_max": -1.4255887002527903e-05, "Granulocyte Count_max": -1.9368315081551502e-05, "Granulocyte Count_min": -2.6266782866707196e-05, "Fibrinogen, Functional_max": -6.608415184839573e-05, "Amylase_max": -0.00019893010000198116, "WBC_min": -0.0002570298113784785, "Alkaline Phosphatase_min": -0.00030292116324217894, "Alanine Aminotransferase (ALT)_max": -0.00034534468763866, "Oxygen Saturation_max": -0.0003506022189557264, "Alveolar-arterial Gradient_min": -0.0003560452069305477, "Tidal Volume_min": -0.0006592548610095469, "Alanine Aminotransferase (ALT)_min": -0.0007305856169983892, "Triglycerides_max": -0.000774975483332836, "Epithelial Cells_max": -0.0010092101871310172, "Urea Nitrogen, Urine_min": -0.001011693228398258, "Tidal Volume_max": -0.0010217027608351273, "Protein_min": -0.001099952305281544, "Lipase_min": -0.0012155502609194433, "Free Calcium_min": -0.001339091997862555, "Nucleated Red Cells_max": -0.0014572455812786721, "Creatine Kinase, MB Isoenzyme_max": -0.0015484845442548687, "Creatinine, Urine_min": -0.0016042601539095092, "O2 Flow_max": -0.0017782308487696364, "Base Excess_max": -0.0018791673274594007, "Vancomycin_max": -0.0019432457997403002, "Cholesterol, Total_max": -0.0031088412800456106, "Base Excess_min": -0.0031328151417745267, "PEEP_max": -0.004166640287072073, "Cholesterol Ratio (Total/HDL)_min": -0.004332724224716049, "Cholesterol Ratio (Total/HDL)_max": -0.005997916682124426, "Sodium, Urine_min": -0.006622844305563703, "pCO2_min": -0.009319576053419622, "Phosphate_max": -0.01082154211827924, "Phenytoin_max": -0.013921700760829618, "Chloride, Whole Blood_max": -0.014309678929209292, "Troponin T_min": -0.015225437384976904, "Troponin T_max": -0.01890022435881753, "Osmolality, Measured_min": -0.020028132929817425, "Basophils_max": -0.02128760382411583, "Thyroid Stimulating Hormone_max": -0.021446829296025857, "Protein, Total_max": -0.022181333299330103, "Protein, Total_min": -0.02720725496238232, "Required O2_max": -0.031251227220532134, "Uric Acid_max": -0.03624061660992978, "Epithelial Cells_min": -0.037242258283206556, "Sodium, Whole Blood_max": -0.03928319774905324, "Anion Gap_max": -0.04114756688087688, "Temperature_max": -0.04764603332501541, "Uric Acid_min": -0.05150597225584188, "Calcium, Total_max": -0.06985699190811256, "Bicarbonate_min": -0.07325149724435433, "Albumin_max": -0.11596455879578065, "Calcium, Total_min": -0.14838974187392337, "Albumin_min": -0.1522278021084721, "Temperature_min": -0.1571612112629824}