{"pH_max": 0.6903691806115335, "Magnesium_min": 0.36261137152405315, "Red Blood Cells_max": 0.24736211251654147, "Free Calcium_min": 0.23035676025220878, "Lactate_min": 0.19270634957738791, "Lactate_max": 0.11961226686927454, "Phenytoin_min": 0.10385072937857821, "Anion Gap_min": 0.10135299765402316, "Sodium_max": 0.08392739917963131, "Calcium, Total_max": 0.077219421035663, "INR(PT)_min": 0.06589210369070365, "PT_min": 0.047964849292233255, "White Blood Cells_min": 0.04692950195017345, "Basophils_max": 0.03614532189532385, "Specific Gravity_max": 0.032379495311354964, "pCO2_max": 0.03225933009676177, "Urea Nitrogen_min": 0.031137495486397798, "Calculated Total CO2_max": 0.028466982352691197, "Phosphate_max": 0.024837679142996526, "Bilirubin, Total_max": 0.014619023596733512, "Glucose_min": 0.014508402205292259, "PTT_min": 0.014100035270324371, "Oxygen_min": 0.010391966779140296, "MCV_max": 0.0070381231741697215, "Oxygen_max": 0.006894902622503655, "Osmolality, Measured_max": 0.005133199366882438, "Bands_max": 0.005011779924158242, "RDW_max": 0.004096496465404739, "White Blood Cells_max": 0.002672415254250144, "PT_max": 0.0020176780908550867, "pO2_min": 0.0016464816557544217, "Alveolar-arterial Gradient_max": 0.001359310041616205, "Creatine Kinase, MB Isoenzyme_min": 0.0013410218151782363, "Asparate Aminotransferase (AST)_min": 0.0008996815230662347, "Platelet Count_min": 0.000690041995021868, "Lactate Dehydrogenase (LD)_min": 0.0006160481058673413, "Amylase_min": 0.0005995002550156974, "Creatinine, Urine_max": 0.0005896476128085128, "Osmolality, Urine_min": 0.00013393417577043642, "Glucose_max": -0.00014097307513577176, "Lymphocytes_max": -0.00017343594379563203, "pO2_max": -0.0005118383498066803, "Troponin T_max": -0.0005270440594459876, "Urea Nitrogen_max": -0.0007154118121902078, "Tidal Volume_max": -0.000733953706585416, "Alkaline Phosphatase_min": -0.0007409069500645601, "Tidal Volume_min": -0.0009435443250539557, "Oxygen Saturation_min": -0.0011792525794983404, "Creatine Kinase, MB Isoenzyme_max": -0.0013274253925829307, "Neutrophils_max": -0.00232394046651725, "Monocytes_max": -0.0026103500497496276, "Platelet Count_max": -0.0029322467496677505, "Sodium, Urine_min": -0.003328330733668874, "RDW_min": -0.006543863003521288, "PEEP_max": -0.006813730241638808, "Base Excess_min": -0.011104692125231333, "Sodium_min": -0.013207925664031393, "pCO2_min": -0.014512534414233103, "Monocytes_min": -0.022025328518848145, "Chloride_min": -0.02296043998316931, "Creatinine_max": -0.026873867214534244, "Chloride_max": -0.030954413916437776, "Eosinophils_max": -0.03114537098728096, "Bilirubin, Total_min": -0.03228773679427493, "Potassium_max": -0.03499789529478371, "Bilirubin, Indirect_max": -0.03725557868392163, "Bicarbonate_min": -0.037707648767434494, "Lymphocytes_min": -0.042243682817791305, "Phosphate_min": -0.045520816811872526, "Hematocrit_max": -0.047771302637329524, "Potassium_min": -0.05039189938709401, "Albumin_max": -0.06715790525083268, "Eosinophils_min": -0.08775040781347683, "Bicarbonate_max": -0.11061985545994116, "Temperature_min": -0.16572595444162794, "MCHC_max": -0.17811869733408103, "Calcium, Total_min": -0.20562913492345575, "Creatinine_min": -0.2893279391169791, "Red Blood Cells_min": -0.29042310734506444, "Albumin_min": -0.8054390149058588}