{"Free Calcium_min": 0.6232468210590034, "Lactate_min": 0.21545509437175678, "Lactate_max": 0.13597120350298136, "Anion Gap_min": 0.07821244225433213, "PT_min": 0.07579775793683999, "Sodium_max": 0.05608757475218396, "White Blood Cells_min": 0.05492141604099707, "pCO2_max": 0.03565378786060528, "Anion Gap_max": 0.02219991124251954, "Calculated Total CO2_max": 0.021734928144479596, "Phosphate_max": 0.021305209289935515, "Urea Nitrogen_min": 0.020408564823703946, "Bilirubin, Total_max": 0.013333756084512309, "PTT_min": 0.012809955377297344, "Glucose_min": 0.012781584069755101, "Calcium, Total_max": 0.01119209980725223, "Lymphocytes_max": 0.003338305934443833, "pO2_min": 0.0026026546025245353, "MCV_min": 0.0008771002231217457, "Asparate Aminotransferase (AST)_min": 0.0008412732509240683, "Lactate Dehydrogenase (LD)_min": 0.0007384529435500096, "Urea Nitrogen_max": 0.0005398164338917947, "PEEP_max": -0.0005756897095418127, "Platelet Count_min": -0.000900542578842437, "pO2_max": -0.0012918147720211955, "Tidal Volume_min": -0.0015330531781701801, "Platelet Count_max": -0.0017685355469099309, "Osmolality, Measured_max": -0.003284569541018915, "Neutrophils_min": -0.0038003217082038555, "Base Excess_min": -0.010374587193675722, "Albumin_max": -0.018309632184849392, "pCO2_min": -0.020454206282941877, "Free Calcium_max": -0.024467065527494676, "Hematocrit_max": -0.0399906568059212, "Bilirubin, Total_min": -0.046193481670050815, "Lymphocytes_min": -0.060280952599834535, "Eosinophils_max": -0.0649330923455463, "Bicarbonate_max": -0.0776611852207484, "Temperature_min": -0.2312811620908711, "Albumin_min": -0.9859380019223698}