{"pH_max": 0.5372237500160963, "Lactate_min": 0.2297127991347897, "Temperature_max": 0.1376834930344801, "Lactate_max": 0.11480229475896492, "Phenytoin_min": 0.10868322308769916, "Phosphate_max": 0.09492746469846697, "Anion Gap_min": 0.09423025842501226, "Atypical Lymphocytes_min": 0.08582367798407255, "PT_min": 0.07144083612008242, "Sodium_max": 0.06890178459876453, "RDW_max": 0.06760437592746323, "Required O2_min": 0.06316141849191749, "Red Blood Cells_max": 0.06226068234506598, "MCH_min": 0.055957754600549574, "Magnesium_min": 0.049180310042825894, "Calcium, Total_max": 0.04917354346618678, "White Blood Cells_min": 0.04324363494898864, "pCO2_max": 0.035724483744414705, "Basophils_max": 0.034485228805407685, "Urea Nitrogen_min": 0.02957872286670058, "Hematocrit, Calculated_min": 0.026959427512860897, "Vancomycin_min": 0.026472720732182684, "CK-MB Index_min": 0.026180502635625293, "Magnesium_max": 0.025073553168230497, "INR(PT)_min": 0.023902453856516848, "Osmolality, Measured_max": 0.016383069326580773, "Bilirubin, Total_max": 0.014261539405216059, "Anion Gap_max": 0.014126341874671508, "Glucose_min": 0.013893451614777426, "MCV_max": 0.013588428449738283, "Base Excess_max": 0.013337090717586292, "Oxygen_min": 0.012659681382259223, "MCV_min": 0.012237916914000635, "Potassium_max": 0.009612153743801602, "PTT_min": 0.008705512490609251, "INR(PT)_max": 0.007904536769696666, "Potassium, Urine_max": 0.007422141940342073, "Calculated Total CO2_max": 0.007096156487391813, "Oxygen_max": 0.00665587179356288, "Alveolar-arterial Gradient_max": 0.005176610260721442, "Cholesterol, HDL_max": 0.0034823662547125707, "Neutrophils_min": 0.003168929389483111, "Asparate Aminotransferase (AST)_min": 0.0028495430040472577, "Urea Nitrogen_max": 0.0022489542563296047, "Vancomycin_max": 0.0016968608928216407, "pO2_min": 0.0016541871085125573, "Nucleated Red Cells_min": 0.0016333301008088898, "PTT_max": 0.0015890758255065751, "Lymphocytes_max": 0.0015809293097921132, "Polys_max": 0.0014989967009811265, "Specific Gravity_max": 0.001338253020748399, "O2 Flow_min": 0.001232444304625536, "Amylase_min": 0.0011224576338514348, "Cortisol_min": 0.0011208845380760405, "Osmolality, Urine_max": 0.0008320090289264013, "Lactate Dehydrogenase (LD)_min": 0.0005364242350841267, "Specific Gravity_min": 0.0005270250063857495, "Platelet Count_min": 0.0004820010609710791, "RBC_min": 0.0004005694008828942, "Cortisol_max": 0.00025536567906228266, "Monocytes_max": 0.00025436905514800894, "WBC_min": 0.00021311161126376333, "Alkaline Phosphatase_max": 0.00017899272047380732, "Lactate Dehydrogenase (LD)_max": 8.103145816544973e-05, "Creatine Kinase (CK)_min": 5.3101956062625666e-05, "Lipase_max": 3.661607557416709e-06, "Asparate Aminotransferase (AST)_max": -6.477276502424946e-05, "Glucose_max": -0.0001919619173633959, "Bands_max": -0.00019592186365120068, "pO2_max": -0.00022172601519673615, "Vitamin B12_min": -0.0002285434117677566, "RBC_max": -0.00027177476863181343, "Triglycerides_max": -0.0002792997708925554, "White Blood Cells_max": -0.00028523420222100366, "Amylase_max": -0.000310858424537937, "Creatine Kinase, MB Isoenzyme_min": -0.0004401562523733778, "Protein_max": -0.0005630842272249995, "PT_max": -0.0005807255589226225, "Lipase_min": -0.0006831791363271332, "Triglycerides_min": -0.000814039128257109, "Alkaline Phosphatase_min": -0.0008765121593252366, "O2 Flow_max": -0.0010819651494282149, "Creatinine, Urine_min": -0.0013398030272544297, "Tidal Volume_min": -0.001413349357060231, "Creatine Kinase, MB Isoenzyme_max": -0.0015270699862137008, "Alanine Aminotransferase (ALT)_min": -0.0015699113156936056, "Sodium, Urine_max": -0.0018437045440815065, "Bicarbonate_min": -0.0021242153559541065, "Oxygen Saturation_min": -0.0024493456611576147, "Platelet Count_max": -0.002645731391910502, "Sodium, Urine_min": -0.00316457122226711, "Transferrin_max": -0.004170305658540004, "Alveolar-arterial Gradient_min": -0.008607817499254006, "Chloride_min": -0.009360605646064151, "Sodium, Whole Blood_max": -0.009592921884076726, "Neutrophils_max": -0.010705601635866478, "Potassium_min": -0.011189968420969578, "Thyroid Stimulating Hormone_max": -0.012901825691835135, "Sodium_min": -0.013248684710154049, "Sodium, Whole Blood_min": -0.014734753081676648, "Base Excess_min": -0.014993410046499712, "pCO2_min": -0.0154345037710141, "Chloride_max": -0.01616445702545866, "Osmolality, Measured_min": -0.020391799838739472, "Hematocrit_min": -0.02099585062243862, "Monocytes_min": -0.02790094132826739, "Hematocrit_max": -0.02955574895702524, "Free Calcium_max": -0.03037146448562976, "Bilirubin, Indirect_max": -0.03125949169766135, "Bilirubin, Total_min": -0.031415338260062986, "Required O2_max": -0.03143399830356051, "Eosinophils_max": -0.0356438944216252, "Basophils_min": -0.0372855330440515, "Lymphocytes_min": -0.051502558328071754, "RDW_min": -0.0532035925091087, "Red Blood Cells_min": -0.06081952290794176, "Phosphate_min": -0.06684252637598136, "Potassium, Whole Blood_min": -0.0691938619966371, "Troponin T_min": -0.06924642302733458, "Creatinine_max": -0.0795621556031068, "Bicarbonate_max": -0.10911094578456629, "Eosinophils_min": -0.11098137395642416, "MCHC_max": -0.11162354619857288, "MCH_max": -0.11939671621378042, "Temperature_min": -0.20195991765551913, "Creatinine_min": -0.2020545093790371, "Calcium, Total_min": -0.20595951120745573, "Albumin_max": -0.26616541929973, "Potassium, Whole Blood_max": -0.26907377015256073, "Albumin_min": -0.4480692098752378}