{"Lactate_min": 0.2080903158828389, "Lactate_max": 0.1587390358186545, "Anion Gap_min": 0.08244130616280032, "PT_min": 0.06241695639868996, "Sodium_max": 0.05805988303909245, "White Blood Cells_min": 0.04364149607556405, "pCO2_max": 0.03227607599094482, "Urea Nitrogen_min": 0.021155546651907126, "Bilirubin, Total_max": 0.015344106177363915, "PTT_min": 0.012740880448187702, "Glucose_min": 0.012589170369771871, "Required O2_max": 0.011266473797838291, "PTT_max": 0.0021182033081633502, "pO2_min": 0.0020690814003019487, "Osmolality, Measured_max": 0.001454082573931093, "Urea Nitrogen_max": 0.0014071301169462046, "Glucose_max": 0.00011011383916698375, "Lactate Dehydrogenase (LD)_max": 8.116838191587419e-05, "pO2_max": -0.00025537811476674814, "Tidal Volume_min": -0.001469635355262414, "Platelet Count_min": -0.0015198521864068352, "Platelet Count_max": -0.0017124809767862838, "Neutrophils_max": -0.0021050212510955756, "Base Excess_min": -0.008224965448172531, "Bilirubin, Total_min": -0.04915686248375147, "Lymphocytes_min": -0.06621875711896846, "Bicarbonate_max": -0.08713203962055842, "MCHC_max": -0.1160454570592677, "Temperature_min": -0.19838327267785585, "Albumin_min": -0.9478756879032599}