{"Lactate_max": 0.1711773430845771, "Lactate_min": 0.132399254707246, "Phenytoin_min": 0.09755529376459174, "Anion Gap_min": 0.09607533560643969, "PT_min": 0.07235772025119558, "Sodium_max": 0.061770839705350356, "Bilirubin, Direct_min": 0.05224749379156561, "Bilirubin, Direct_max": 0.04814522010667504, "Vancomycin_min": 0.04384661721021484, "Myelocytes_max": 0.03168648459093162, "pCO2_max": 0.031642941636443926, "Urea Nitrogen_min": 0.031385904880368194, "Bands_min": 0.022654787896733638, "Urobilinogen_max": 0.021214188991314022, "Metamyelocytes_min": 0.01961850354130824, "PTT_min": 0.017795491399733413, "CK-MB Index_min": 0.01671206125968874, "Oxygen_max": 0.016476526929268924, "Metamyelocytes_max": 0.016391507460449838, "INR(PT)_max": 0.01473398585003565, "Glucose_min": 0.014421944552452281, "Osmolality, Measured_max": 0.014063768314619316, "INR(PT)_min": 0.013617282458541224, "White Blood Cells_min": 0.01295403309436903, "White Blood Cells_max": 0.012424576080588164, "PEEP_min": 0.011384101828264891, "CK-MB Index_max": 0.011375071480921048, "Atypical Lymphocytes_max": 0.010801222394559827, "Myelocytes_min": 0.0103516990736006, "Base Excess_max": 0.00742738645092076, "Polys_max": 0.007271284020857846, "Potassium, Urine_max": 0.005245619170849187, "Sodium, Whole Blood_min": 0.00524091239506521, "Bands_max": 0.0045674410108145005, "O2 Flow_min": 0.0033190358334591213, "Urobilinogen_min": 0.0028041830551368226, "Asparate Aminotransferase (AST)_min": 0.0026681210693232627, "Urea Nitrogen_max": 0.0025768274917536763, "Alveolar-arterial Gradient_max": 0.002519091516858336, "Epithelial Cells_max": 0.0024502241631153146, "pO2_min": 0.0018953382618173494, "PT_max": 0.0016966413615031462, "Cortisol_min": 0.0012385142844536206, "Nucleated Red Cells_min": 0.001212897712361509, "Osmolality, Urine_max": 0.001042860304356289, "WBC_min": 0.0009721205396294641, "Lactate Dehydrogenase (LD)_min": 0.0008163522114844767, "tacroFK_min": 0.0008050280761158006, "Fibrinogen, Functional_min": 0.0006137889540042972, "Vancomycin_max": 0.0005552696756491931, "RBC_max": 0.000522940282953159, "Cortisol_max": 0.0005024597602406456, "Amylase_min": 0.0004966190164860321, "Required O2_min": 0.0003669020736667028, "Free Calcium_min": 0.00019012596869939468, "WBC_max": 0.00017158680286369083, "Osmolality, Urine_min": 0.00016469116781496517, "Lactate Dehydrogenase (LD)_max": 0.00011413042626207111, "Asparate Aminotransferase (AST)_max": 0.00010208821659387886, "Creatine Kinase (CK)_min": 9.871920418361139e-05, "Iron_min": 5.80637614174805e-05, "Alkaline Phosphatase_max": 4.428072205290182e-05, "Ferritin_min": 9.951158350776764e-06, "Ferritin_max": -1.7891590532849954e-06, "Granulocyte Count_max": -9.1460897376112e-06, "Creatine Kinase (CK)_max": -3.215962929374374e-05, "Granulocyte Count_min": -5.2104901784137863e-05, "Urea Nitrogen, Urine_max": -5.988700912277123e-05, "Amylase_max": -0.00018710613342265474, "Triglycerides_min": -0.0002471630662665424, "RBC_min": -0.0003349339286065509, "Alanine Aminotransferase (ALT)_max": -0.00037771615164427884, "Urea Nitrogen, Urine_min": -0.00045898540042011354, "Triglycerides_max": -0.0006693846057630493, "Tidal Volume_min": -0.0006836361495091758, "Polys_min": -0.0006919470756550527, "Lipase_min": -0.0009750297381686484, "Oxygen Saturation_max": -0.0009858970240101456, "Tidal Volume_max": -0.0010018202440283787, "Protein_min": -0.0010270942417902672, "Calculated Total CO2_min": -0.001305525182629576, "Creatine Kinase, MB Isoenzyme_min": -0.0013480391522618662, "Alanine Aminotransferase (ALT)_min": -0.001364815718204702, "Potassium, Urine_min": -0.001431761020622035, "Nucleated Red Cells_max": -0.0016839038959057526, "Cholesterol, Total_max": -0.002313794704400451, "Sodium, Urine_max": -0.0025503089781641276, "Creatinine, Urine_min": -0.002800459780341486, "O2 Flow_max": -0.0034206716700676473, "PEEP_max": -0.004860729171139809, "Magnesium_max": -0.005553681830813525, "Sodium, Urine_min": -0.005665184384311356, "Phenytoin_max": -0.007545071089749288, "Phosphate_max": -0.007587341743231374, "Base Excess_min": -0.009686350184600602, "Required O2_max": -0.010635201516946533, "Calculated Total CO2_max": -0.011549454303329007, "Cholesterol Ratio (Total/HDL)_min": -0.013356017282453597, "Chloride, Whole Blood_min": -0.013667243314886411, "Cholesterol Ratio (Total/HDL)_max": -0.014820947110237558, "Troponin T_min": -0.016404673660795104, "Thyroid Stimulating Hormone_max": -0.01676300688643834, "pCO2_min": -0.01683162471292955, "Osmolality, Measured_min": -0.017520384981257724, "Protein, Total_max": -0.02044581613048743, "Basophils_max": -0.021075027396657633, "Protein, Total_min": -0.02264330334325474, "Anion Gap_max": -0.03251375986497215, "Troponin T_max": -0.032930061224945545, "Sodium, Whole Blood_max": -0.03295844158336458, "Uric Acid_max": -0.03716754132293916, "Epithelial Cells_min": -0.041891754929556116, "Uric Acid_min": -0.045638831460760865, "Temperature_max": -0.05051195524466118, "Bicarbonate_min": -0.06274225904726723, "Potassium, Whole Blood_max": -0.12258024178617954, "Albumin_max": -0.12638621636268568, "Calcium, Total_min": -0.16579198686592445, "Albumin_min": -0.16814829455431174, "Temperature_min": -0.17236372566133615}