{"pH_max": 0.32505151611745453, "Lactate_min": 0.15820857413325393, "Phenytoin_min": 0.13770910859216554, "Anion Gap_min": 0.11538179698981578, "Lactate_max": 0.10161891953872713, "Sodium_max": 0.08082780415816508, "White Blood Cells_min": 0.06227386017995437, "Temperature_max": 0.057861446619343296, "Phosphate_max": 0.05531851473479838, "Red Blood Cells_max": 0.04737343437851044, "PT_min": 0.041425363649247364, "pCO2_max": 0.03713613900374345, "Base Excess_max": 0.030672446694301664, "Urea Nitrogen_min": 0.028804002193892765, "Magnesium_max": 0.02447827614854346, "Bilirubin, Total_max": 0.022447453018858206, "PTT_min": 0.018416048535878807, "INR(PT)_min": 0.017209836870327424, "Bands_max": 0.01536566216047707, "PEEP_min": 0.01467473663004059, "RDW_max": 0.014127773537798958, "Osmolality, Measured_max": 0.013911360057448412, "MCV_max": 0.013192920634379195, "Glucose_min": 0.013004813042589365, "Oxygen_min": 0.012929000559636802, "Lymphocytes_max": 0.007806845252646697, "Neutrophils_min": 0.007124168327802466, "Oxygen_max": 0.006688250234826168, "Hematocrit_min": 0.005471082958473872, "Nucleated Red Cells_min": 0.004672569353528143, "PT_max": 0.004526650878163334, "Asparate Aminotransferase (AST)_min": 0.0031569699710522884, "pO2_min": 0.002041350527843559, "PTT_max": 0.0014720175745548418, "Osmolality, Urine_max": 0.001200447169932031, "Alveolar-arterial Gradient_max": 0.001199482251708834, "Iron_min": 0.0009227614123675441, "Creatine Kinase, MB Isoenzyme_min": 0.0009117202297575417, "Lactate Dehydrogenase (LD)_min": 0.0005871581721423094, "Fibrinogen, Functional_min": 0.0005428007273775645, "Urea Nitrogen_max": 0.0004807579775737051, "WBC_max": 0.0004342585697955282, "RBC_max": 0.0003947929043812778, "Specific Gravity_min": 0.0002406614827053994, "Oxygen Saturation_max": 8.75802902364223e-05, "Lactate Dehydrogenase (LD)_max": 7.302872241449833e-05, "Creatine Kinase (CK)_min": 6.057408608070209e-05, "Alkaline Phosphatase_max": 3.585510936096849e-05, "Lipase_max": 2.9169437405734784e-06, "Creatine Kinase (CK)_max": -2.289279306738954e-05, "Asparate Aminotransferase (AST)_max": -4.059011227568224e-05, "Glucose_max": -9.548368696465901e-05, "Urea Nitrogen, Urine_max": -0.00028955465191300554, "MCH_min": -0.000302188473498452, "Platelet Count_min": -0.0003313956944839097, "Alveolar-arterial Gradient_min": -0.0003431725812701408, "Osmolality, Urine_min": -0.0003459331793787882, "Creatine Kinase, MB Isoenzyme_max": -0.00049912355988333, "Protein_max": -0.0007143234635254319, "Tidal Volume_max": -0.0007799817815059681, "Tidal Volume_min": -0.0008328456902612318, "pO2_max": -0.001075493749136582, "MCV_min": -0.0012976997053144102, "Alanine Aminotransferase (ALT)_min": -0.0015991186573592366, "Nucleated Red Cells_max": -0.001779713003822317, "Platelet Count_max": -0.0022744412290725286, "Neutrophils_max": -0.0022764459521451633, "Creatinine_max": -0.0023150525564585916, "White Blood Cells_max": -0.0025782582825136383, "Iron Binding Capacity, Total_max": -0.003032889294083244, "Hematocrit, Calculated_max": -0.003173883937599656, "PEEP_max": -0.0062802727288127904, "Sodium, Whole Blood_max": -0.008788730574235494, "Chloride_min": -0.010195589124618501, "Chloride_max": -0.01037015524292956, "Sodium_min": -0.012038324924019192, "Thyroid Stimulating Hormone_min": -0.015468502386123668, "Osmolality, Measured_min": -0.015581106764097389, "pCO2_min": -0.018889941314335426, "Red Blood Cells_min": -0.01893733827578694, "Eosinophils_max": -0.022624736912142087, "Calcium, Total_max": -0.02350946187511177, "Hematocrit_max": -0.024194901697376345, "Base Excess_min": -0.02767936184496831, "Chloride, Whole Blood_max": -0.031986064502224514, "Phenytoin_max": -0.03228581947712753, "Potassium_min": -0.032566430644285625, "Potassium_max": -0.035245506793961434, "Troponin T_max": -0.04551142109997698, "Bilirubin, Total_min": -0.050665085863411445, "Lymphocytes_min": -0.05596704815992406, "Phosphate_min": -0.07522218566474291, "Bicarbonate_max": -0.09952854558779403, "Hemoglobin_min": -0.10143554949007011, "MCHC_max": -0.10864343935328567, "Albumin_max": -0.16420883364322933, "Temperature_min": -0.17669960768348555, "Calcium, Total_min": -0.18173656756723952, "Creatinine_min": -0.2529894429765458, "Albumin_min": -0.28078106872557085}