{"pH_max": 0.4575592373852982, "Lactate_min": 0.23140453532734978, "Lactate_max": 0.12646118563294556, "Phenytoin_min": 0.12495179683031757, "Temperature_max": 0.10087237906803165, "Anion Gap_min": 0.09269184705747872, "Sodium_max": 0.07040891876935275, "PT_min": 0.05396742045030882, "White Blood Cells_min": 0.04831731514645834, "pCO2_max": 0.03545231636374539, "RDW_max": 0.03529384847069634, "MCH_min": 0.026396947763691513, "Urobilinogen_max": 0.025653131278818523, "Urea Nitrogen_min": 0.02515772223362079, "Phosphate_max": 0.024036072912629245, "Base Excess_max": 0.02329255474918304, "Bilirubin, Total_max": 0.02204526591986795, "Magnesium_max": 0.021181743419638778, "Free Calcium_min": 0.020456091440309628, "Calcium, Total_max": 0.018226512544854755, "Osmolality, Measured_max": 0.017908156729366343, "INR(PT)_min": 0.014885945846056715, "Glucose_min": 0.014382711513951051, "Basophils_max": 0.013294945114927452, "PTT_min": 0.010755735554457063, "Oxygen_min": 0.010130545827055921, "INR(PT)_max": 0.009882434403400484, "PEEP_min": 0.008178660241300813, "Oxygen_max": 0.007287755653555566, "Lymphocytes_max": 0.00380080226893493, "Polys_min": 0.0032411041990533696, "Neutrophils_max": 0.002975501491268768, "pO2_min": 0.002562808284276199, "Specific Gravity_max": 0.00203461859709791, "PTT_max": 0.0015089179027502353, "Hematocrit, Calculated_max": 0.0014934816667481843, "Cortisol_max": 0.0011900277690741424, "Alveolar-arterial Gradient_max": 0.0011680319852110578, "Asparate Aminotransferase (AST)_min": 0.0009624566663892885, "Specific Gravity_min": 0.0008777377737296539, "Osmolality, Urine_max": 0.000834252763989496, "PT_max": 0.0007068948900452231, "Lactate Dehydrogenase (LD)_min": 0.0006209461547251583, "WBC_max": 0.0006051567800840416, "Fibrinogen, Functional_min": 0.00048445730088016897, "Platelet Count_min": 0.00046144198762654716, "Cortisol_min": 0.0004091140934498911, "Sodium, Whole Blood_min": 0.00021286744412932662, "Alveolar-arterial Gradient_min": 7.441166279064981e-05, "Creatine Kinase (CK)_min": 3.311053701836969e-05, "Lactate Dehydrogenase (LD)_max": 2.700959641148935e-05, "Granulocyte Count_max": -2.3825099056187772e-05, "Urea Nitrogen, Urine_max": -0.00011838630362666788, "Creatinine, Urine_min": -0.0001529516375053031, "Alkaline Phosphatase_min": -0.00018265518215221455, "Tidal Volume_min": -0.0008790510076001233, "Tidal Volume_max": -0.0008941509824001692, "pO2_max": -0.0009488935287209632, "Neutrophils_min": -0.0010773495836407332, "Creatine Kinase, MB Isoenzyme_max": -0.0010816819204231296, "Urea Nitrogen_max": -0.0010952628848961506, "Platelet Count_max": -0.0026516980398238236, "Iron Binding Capacity, Total_min": -0.0032600246900185725, "MCV_min": -0.004642431464105289, "Troponin T_max": -0.007885844951483777, "Chloride_max": -0.010754955086629846, "Creatinine_max": -0.011161887101742585, "RDW_min": -0.014755669572758345, "pCO2_min": -0.015579857959775192, "Chloride_min": -0.01839779012906515, "Osmolality, Measured_min": -0.018634680234756073, "Thyroid Stimulating Hormone_max": -0.019524026055084086, "Base Excess_min": -0.020871727183507095, "Free Calcium_max": -0.022935436344092782, "Sodium, Whole Blood_max": -0.02589991623649427, "Red Blood Cells_max": -0.026931542974784443, "Bilirubin, Total_min": -0.031023052347807247, "Bilirubin, Indirect_max": -0.04120627100824269, "Lymphocytes_min": -0.048409151070046126, "Eosinophils_max": -0.05393446500135076, "Potassium_min": -0.0599854628046736, "Bicarbonate_max": -0.10653919882346223, "Phosphate_min": -0.11043269352924671, "Hemoglobin_min": -0.11632809866065288, "pH_min": -0.1241172127741927, "MCHC_max": -0.13722840355584603, "Calcium, Total_min": -0.17556712664365767, "Temperature_min": -0.20030842635704466, "Albumin_max": -0.24489441404239992, "Albumin_min": -0.38577524831937016}