{"Lactate_min": 0.1963134952174802, "Magnesium_min": 0.18978315161658188, "Lactate_max": 0.15163034564219988, "Anion Gap_min": 0.08464778921013225, "Sodium_max": 0.07023461705232463, "PT_min": 0.0681858813550118, "White Blood Cells_min": 0.04140310267968289, "pCO2_max": 0.0356120214270085, "Phosphate_max": 0.03047400521406585, "Urea Nitrogen_min": 0.020334716833592083, "PTT_min": 0.013626198313921674, "Glucose_min": 0.01321895806456098, "Oxygen_max": 0.012988365894393741, "Bilirubin, Total_max": 0.011437607483882534, "White Blood Cells_max": 0.0053930239580773694, "Calcium, Total_max": 0.004895740894534024, "Vancomycin_max": 0.0026769380641801527, "pO2_min": 0.0024982234167211523, "Osmolality, Measured_max": 0.0017981900158089428, "Asparate Aminotransferase (AST)_min": 0.0014543957154255843, "Alveolar-arterial Gradient_max": 0.0004128417052308583, "Creatine Kinase (CK)_min": 3.154241166080828e-05, "Alkaline Phosphatase_max": -0.0001192227599100962, "Platelet Count_min": -0.0002956110245040665, "Tidal Volume_min": -0.0012991913951444912, "pO2_max": -0.0013135422295661322, "Platelet Count_max": -0.0021104817625893033, "Neutrophils_min": -0.004473612525198854, "Base Excess_min": -0.006994107778286421, "Albumin_max": -0.008555751506750203, "pCO2_min": -0.014601794529826599, "Chloride_min": -0.03069926883319438, "Hematocrit_max": -0.0398349196094257, "Bilirubin, Total_min": -0.047099160078071134, "Lymphocytes_min": -0.053972099987671926, "Eosinophils_max": -0.06657759911588357, "Bicarbonate_max": -0.08955792486638817, "Potassium_min": -0.15175775045599302, "Temperature_min": -0.22465581744180135, "Albumin_min": -0.9513946269988022}